doc_id,image_url
0,https://i1-dulich.vnecdn.net/2022/03/30/dulichangiang1-1648633832-1648-2250-9546-1648633991.jpg?w=1200&h=0&q=100&dpr=1&fit=crop&s=zjCtXqDiG4idCQlqeYBSBg
1,https://i1-dulich.vnecdn.net/2025/04/10/bntop-1744279043-1744279058-4499-1744280762.jpg?w=1200&h=0&q=100&dpr=1&fit=crop&s=EVkriD9nnG4tQ4NVdCMziA
2,https://i1-dulich.vnecdn.net/2025/02/20/z633584042164652e11b297904a303-3690-3624-1740042356.jpg?w=1200&h=0&q=100&dpr=1&fit=crop&s=03CA4dIfmlUKRu5PgJudBA
3,https://i1-dulich.vnecdn.net/2024/05/24/langchaimuine-1716543842-17165-3593-5401-1716545117.jpg?w=1200&h=0&q=100&dpr=1&fit=crop&s=Pt0jM4N5mpvnOvIu8BlbzA
4,https://i1-dulich.vnecdn.net/2024/04/08/culaoxanh-1712564783-171256480-6254-7288-1712565796.jpg?w=1200&h=0&q=100&dpr=1&fit=crop&s=ptUdm7sodsbkYzVz2QLqxA
5,https://i1-dulich.vnecdn.net/2023/11/29/hodautieng1-1701232459-1701232-5745-5650-1701232923.jpg?w=1200&h=0&q=100&dpr=1&fit=crop&s=mbX-YE-W97yCGXyRONhEDw
6,https://i1-dulich.vnecdn.net/2023/10/23/csu4-1698048414-1698048463-8768-1698051062.jpg?w=1200&h=0&q=100&dpr=1&fit=crop&s=xIorA5KDuVQeC7K2m3LZ_A
7,https://i1-dulich.vnecdn.net/2023/10/05/backan-1696468294-1696468312-8354-1696468317.jpg?w=1200&h=0&q=100&dpr=1&fit=crop&s=zlcNvG7h2l7f3UkMI9gX1g
8,https://i1-dulich.vnecdn.net/2023/08/23/lt1-1692784480-1692784494-9722-1692784602.jpg?w=1200&h=0&q=100&dpr=1&fit=crop&s=BzvRe3gLEQ8eSBrJ_TtXvg
9,https://i1-dulich.vnecdn.net/2022/06/27/hotram2-1656325587-3703-1656326297.jpg?w=1200&h=0&q=100&dpr=1&fit=crop&s=eiTX7YMHkhlm2x4OU6KT3A
10,https://i1-dulich.vnecdn.net/2022/06/08/BinhLieuQuangNinh-1654661262-2207-1654667806.jpg?w=1200&h=0&q=100&dpr=1&fit=crop&s=yPzLEIxnlkDKwtgoJ6Yz2A
11,https://i1-dulich.vnecdn.net/2022/05/26/BaVi-1653557178-4624-1653557181.jpg?w=1200&h=0&q=100&dpr=1&fit=crop&s=d2f-1cbjpxSk-HWCzoqfRg
12,https://i1-dulich.vnecdn.net/2022/05/12/hoilimbacninh-1652333218-4752-1652333222.jpg?w=1200&h=0&q=100&dpr=1&fit=crop&s=5szbe4a93jjIWpQXeL-fvQ
13,https://i1-dulich.vnecdn.net/2022/04/08/binhbavnexpressruahayxin-16493-3206-1982-1649406973.jpg?w=1200&h=0&q=100&dpr=1&fit=crop&s=21Ay78ESvpLp2oWvt74PyQ
14,https://i1-dulich.vnecdn.net/2022/04/08/vuonnhanbaclieu016204164906627-4301-1997-1649380427.jpg?w=1200&h=0&q=100&dpr=1&fit=crop&s=pistQ70sRrVDviYYolg8kA
15,https://i1-dulich.vnecdn.net/2022/04/06/dulichbentre-1649041246-8527-1-7890-3129-1649214118.jpg?w=1200&h=0&q=100&dpr=1&fit=crop&s=wez2YM-DyWrYP0-mavjZgw
16,https://i1-dulich.vnecdn.net/2020/11/13/img9470-1605264283-1605264296-9060-1605264451.jpg?w=1200&h=0&q=100&dpr=1&fit=crop&s=7C6lR7N_K00V_7Plc6s07g
17,https://i1-dulich.vnecdn.net/2025/01/15/bd1-1736932845-1736932856-5491-1736934382.jpg?w=1200&h=0&q=100&dpr=1&fit=crop&s=f25sTsyeXbp9EVgBzkaPEA
18,https://i1-dulich.vnecdn.net/2024/12/06/tc7-1733476685-1733476697-8810-1733479414.jpg?w=1200&h=0&q=100&dpr=1&fit=crop&s=fA7qbHukkF68YsU4mqYyrQ
19,https://i1-dulich.vnecdn.net/2024/06/01/clc1-1717255076-1717255088-5261-1717256607.jpg?w=1200&h=0&q=100&dpr=1&fit=crop&s=_TCouoQgECqwOU759WMs6g
20,https://i1-dulich.vnecdn.net/2024/04/22/chuaxu-1713763754-1713763763-7226-1713763992.jpg?w=1200&h=0&q=100&dpr=1&fit=crop&s=atA3PCDw1gLKGT2FzufJww
21,https://i1-dulich.vnecdn.net/2023/11/08/dji0209-1699437498-1699437514-7642-1699438965.jpg?w=1200&h=0&q=100&dpr=1&fit=crop&s=Ec9i3bJP5Tjg26xdq7kMNQ
22,https://i1-dulich.vnecdn.net/2023/05/16/7-1684211158-1684211167-4281-1684211332.jpg?w=1200&h=0&q=100&dpr=1&fit=crop&s=qdHOdGDcBJ2XB005TVDt3g
23,https://i1-dulich.vnecdn.net/2022/06/22/cotocon-1655800620-6528-165580-3249-4656-1655865929.jpg?w=1200&h=0&q=100&dpr=1&fit=crop&s=5CikikfJwC8SFOmgEYWihQ
24,https://i1-dulich.vnecdn.net/2022/04/04/dulichCaMau-1649068049-3729-1649071107.jpg?w=1200&h=0&q=100&dpr=1&fit=crop&s=B5VBh-uKvS7x2w9g02ilpg
25,https://i1-dulich.vnecdn.net/2022/04/01/nonnuocCaoBang-1648787319-2758-1648787345.jpg?w=1200&h=0&q=100&dpr=1&fit=crop&s=NkCxt-YkDQAsbGWL-X0qhw
26,https://i1-dulich.vnecdn.net/2022/03/31/dulichcondao-1648708481-164870-9979-1818-1648708511.jpg?w=1200&h=0&q=100&dpr=1&fit=crop&s=iWgnrUdvvBhIghPVudw1sg
27,https://i1-dulich.vnecdn.net/2020/07/27/catbajimmytran-1595814517-1595-3670-2612-1595824434.jpg?w=1200&h=0&q=100&dpr=1&fit=crop&s=ckWutk7-wIGWbduLRtcNOg
28,https://i1-dulich.vnecdn.net/2018/08/31/348619842223364852351895078468-1193-8236-1535689263.jpg?w=1200&h=0&q=100&dpr=1&fit=crop&s=rsvVRdfMc0sAm5JRjNN0AA
29,https://i1-dulich.vnecdn.net/2025/04/13/57d478e4f1f442aa1be5-2-1744451076-1744514404-1744558219.jpg?w=1200&h=0&q=100&dpr=1&fit=crop&s=dtcbmK6zF6MGi48_lPOldQ
30,https://i1-dulich.vnecdn.net/2024/11/14/z40442897696355c9d42e9322e9e06-8213-8804-1731577227.jpg?w=1200&h=0&q=100&dpr=1&fit=crop&s=iKtS8yHBZWL3FknP7QqI_A
31,https://i1-dulich.vnecdn.net/2023/12/18/pha1-1702890533-1702890552-9831-1702890727.jpg?w=1200&h=0&q=100&dpr=1&fit=crop&s=FPXv_7prFzt29Pp9A-Z4ZQ
32,https://i1-dulich.vnecdn.net/2023/12/10/sent-1702147494-1702147532-8972-1702147840.jpg?w=1200&h=0&q=100&dpr=1&fit=crop&s=0N-k9J8SwrZ4S7TFdwlIqw
33,https://i1-dulich.vnecdn.net/2023/09/09/520594cc5eee8bb0d2ff-169425688-7118-5444-1694257093.jpg?w=1200&h=0&q=100&dpr=1&fit=crop&s=MyqD1eEEvQTby68fNr0QMg
34,https://i1-dulich.vnecdn.net/2023/08/19/dongvan-1692418002-1692418030-8457-1692418844.jpg?w=1200&h=0&q=100&dpr=1&fit=crop&s=UOBEb1OfFTM95pM9KUwbKA
35,https://i1-dulich.vnecdn.net/2023/05/31/dl1-1685522722-1685522729-8242-1685523593.jpg?w=1200&h=0&q=100&dpr=1&fit=crop&s=qWawyPzxvs04B9j7OTHtGg
36,https://i1-dulich.vnecdn.net/2023/04/20/denhung-1681965484-4803-1681965490.jpg?w=1200&h=0&q=100&dpr=1&fit=crop&s=FomNY9OZO2qYxqzmhEhIdw
37,https://i1-dulich.vnecdn.net/2022/06/03/cauvang-1654247842-9403-1654247849.jpg?w=1200&h=0&q=100&dpr=1&fit=crop&s=Swd6JjpStebEzT6WARcoOA
38,https://i1-dulich.vnecdn.net/2022/04/25/11buoisangbinhyendoicohonghoda-3206-3054-1650882782.jpg?w=1200&h=0&q=100&dpr=1&fit=crop&s=QIjlhC0yChbDTt-H7TkjKg
39,https://i1-dulich.vnecdn.net/2022/04/21/dkl-1650530669-1650530678-9435-1650530684.jpg?w=1200&h=0&q=100&dpr=1&fit=crop&s=C0Aej1sHWVNTiorWLF0UUQ
40,https://i1-dulich.vnecdn.net/2025/04/18/z6516648694973-259df00d1deba791e372e54b802daf3f-1744946004-1744947493.jpg?w=1200&h=0&q=100&dpr=1&fit=crop&s=gC7OZjv7APkYrENRF0QaDg
41,https://i1-dulich.vnecdn.net/2023/10/25/thongt-1698224685-1698224706-7509-1698229160.jpg?w=1200&h=0&q=100&dpr=1&fit=crop&s=emDIFRhUHJObHMYGZQwvLw
42,https://i1-dulich.vnecdn.net/2024/05/15/hatientt-1715768534-1715768564-7174-1715768611.jpg?w=1200&h=0&q=100&dpr=1&fit=crop&s=1vLFzKyanDUrJmOx3mwS7g
43,https://i1-dulich.vnecdn.net/2024/05/08/hokego-1715163958-1715163968-4824-1715165619.jpg?w=1200&h=0&q=100&dpr=1&fit=crop&s=K1jSPojli02GHljt9PZ0RQ
44,https://i1-dulich.vnecdn.net/2023/09/12/bb5-1694513079-1694513090-9951-1694518071.jpg?w=1200&h=0&q=100&dpr=1&fit=crop&s=XndO-pIWDrh42f2vGhjVyA
45,https://i1-dulich.vnecdn.net/2022/05/17/banhdauxanh-1652765222-1652765-1176-5777-1652765294.png?w=1200&h=0&q=100&dpr=1&fit=crop&s=NNscsezx_nljrWA68DT3IA
46,https://i1-dulich.vnecdn.net/2022/05/12/maichauhideawaylakeresort12116-2557-3347-1652355363.jpg?w=1200&h=0&q=100&dpr=1&fit=crop&s=ArgnARX1jUyOi7RJbQc5Ew
47,https://i1-dulich.vnecdn.net/2022/05/12/hnamvietravel-1652345773-16523-1685-7071-1652345811.jpg?w=1200&h=0&q=100&dpr=1&fit=crop&s=Masnz4-G67Imri5TT0QjHw
48,https://i1-dulich.vnecdn.net/2022/05/11/hoaphuong-1652265441-165226544-5930-9862-1652265578.jpg?w=1200&h=0&q=100&dpr=1&fit=crop&s=vcG2zpVeqF7MGbSurNeNxQ
49,https://i1-dulich.vnecdn.net/2022/05/11/cauthehuc-1652240529-1630-1652253987.jpg?w=1200&h=0&q=100&dpr=1&fit=crop&s=StWJepYhBMKedVXIDh0Kyw
50,https://i1-dulich.vnecdn.net/2022/05/08/top1-1651976954-1651976970-9983-1651976986.jpg?w=1200&h=0&q=100&dpr=1&fit=crop&s=8vkgcUnWhqIKV51RYrJEsg
51,https://i1-dulich.vnecdn.net/2022/04/01/hoianvnexpress-1648804029-1648-5294-6994-1648804826.jpg?w=1200&h=0&q=100&dpr=1&fit=crop&s=mKJvGKo8GmLz4tYaUC4L5g
52,https://i1-dulich.vnecdn.net/2022/03/31/mapilenghagiangvnexpress-16487-2310-5584-1648718524.jpg?w=1200&h=0&q=100&dpr=1&fit=crop&s=kOOQrA2oCmdoblPaNEpo1A
53,https://s1.vnecdn.net/vnexpress/restruct/i/v9756/logo_default.jpg
54,https://s1.vnecdn.net/vnexpress/restruct/i/v9756/logo_default.jpg
55,https://i1-dulich.vnecdn.net/2024/07/15/rg-1721030324-1721030336-3295-1721031891.jpg?w=1200&h=0&q=100&dpr=1&fit=crop&s=qRWMXm7w_AklWM0iLe5vqA
56,https://i1-dulich.vnecdn.net/2024/06/24/vinhnt-1719214820-1719214833-9273-1719215309.jpg?w=1200&h=0&q=100&dpr=1&fit=crop&s=Dg43TbOGC6Ce5wqNDLhlsg
57,https://i1-dulich.vnecdn.net/2024/03/05/nhathogo1-1709613832-170961384-8089-2963-1709614349.jpg?w=1200&h=0&q=100&dpr=1&fit=crop&s=xjV7M-hWIoDBtEOTzZPw5Q
58,https://i1-dulich.vnecdn.net/2022/06/14/kyco8-1655201081-1655201094-7445-1655201199.jpg?w=1200&h=0&q=100&dpr=1&fit=crop&s=6rUcClGjoONmFT-GdaOCGg
60,https://i1-dulich.vnecdn.net/2024/10/21/tanlap1-1729507813-1729507824-4408-1729507893.jpg?w=1200&h=0&q=100&dpr=1&fit=crop&s=9l4Ma-kIzQ2tVdOy6kgSIw
61,https://i1-dulich.vnecdn.net/2024/03/18/lc1-1710756758-1710756769-3210-1710757370.jpg?w=1200&h=0&q=100&dpr=1&fit=crop&s=67BoH9z6MttqCCFdmY7OTQ
62,https://i1-dulich.vnecdn.net/2024/02/20/YTy-1708398284-7508-1708403084.jpg?w=1200&h=0&q=100&dpr=1&fit=crop&s=zOyZtHws5BTHOOLyj3L8ig
63,https://i1-dulich.vnecdn.net/2023/10/12/gangng-1697045157-1697045170-2040-1697045504.jpg?w=1200&h=0&q=100&dpr=1&fit=crop&s=NDZZqeGRUEm5srg83j17kQ
64,https://i1-dulich.vnecdn.net/2023/07/18/langco3-1689666867-1689666876-4509-1689668267.jpg?w=1200&h=0&q=100&dpr=1&fit=crop&s=iZak9uSOjdOj4DlodgDxsA
65,https://i1-dulich.vnecdn.net/2020/06/14/shutterstock1381983236-1592108-2097-2428-1592108932.jpg?w=1200&h=0&q=100&dpr=1&fit=crop&s=ndG6IJz_47hO7qj2zDft3w
66,https://i1-dulich.vnecdn.net/2023/09/20/deomapileng-1695199492-1695199-4833-4021-1695199551.jpg?w=1200&h=0&q=100&dpr=1&fit=crop&s=BltN4zMOv7ngBVcjN-JM4Q
67,https://i1-dulich.vnecdn.net/2023/06/23/md-1687513593-1687513600-1996-1687513753.jpg?w=1200&h=0&q=100&dpr=1&fit=crop&s=b2jr1o6U0ppNGeHWtplLBw
68,https://i1-dulich.vnecdn.net/2022/04/12/dulichmaichau-1649760472-16497-5004-8198-1649760590.jpg?w=1200&h=0&q=100&dpr=1&fit=crop&s=EjL-leeq6csBf9e5NZwJUg
69,https://i1-dulich.vnecdn.net/2022/04/04/minghnng-1649055206-1649055239-1114-1649057070.jpg?w=1200&h=0&q=100&dpr=1&fit=crop&s=sz66OXd3YO9LjflHIVhypw
70,https://i1-dulich.vnecdn.net/2020/09/07/ruongbacthangmualuachinvnexpre-7022-6177-1599480992.jpg?w=1200&h=0&q=100&dpr=1&fit=crop&s=Xy85ukHlNNmcYWe3oRHNCQ
71,https://i1-dulich.vnecdn.net/2023/02/06/mc-1675677664-1675677674-3681-1675677680.jpg?w=1200&h=0&q=100&dpr=1&fit=crop&s=V6RAFeZlttyd0ivhQPyVVg
72,https://i1-dulich.vnecdn.net/2023/04/28/MuiNeVNExpress4914615421892629-6522-7261-1682677519.jpg?w=1200&h=0&q=100&dpr=1&fit=crop&s=hyGEnpruwFNmcjw9X-YchQ
73,https://i1-dulich.vnecdn.net/2024/07/02/ndt1-1719907641-1719907691-8689-1719909910.jpg?w=1200&h=0&q=100&dpr=1&fit=crop&s=oQgu-u7VvzRpNSJ9L02bFw
74,https://i1-dulich.vnecdn.net/2022/12/08/318181765-3389127781356569-680-2289-4193-1670496921.jpg?w=1200&h=0&q=100&dpr=1&fit=crop&s=rpJaA013hhS_SWw1sM1QjA
75,https://i1-dulich.vnecdn.net/2022/05/12/HaiNhuan11606299130-1652359419-5468-1652359452.jpg?w=1200&h=0&q=100&dpr=1&fit=crop&s=_N34MNnzWE_dbn64sBwK0Q
76,https://i1-dulich.vnecdn.net/2022/04/26/canhdonghoahuongduongnghean02-4301-3374-1650971138.jpg?w=1200&h=0&q=100&dpr=1&fit=crop&s=K3PErZZOZmiYARFvcneDuw
77,https://i1-dulich.vnecdn.net/2022/05/04/muidinhjpeg63801651130003-1651-5984-2620-1651653739.jpg?w=1200&h=0&q=100&dpr=1&fit=crop&s=LwX1J8E5c9Jta0tZhTK5jA
78,https://i1-dulich.vnecdn.net/2022/05/25/hangma-1594209910-2460-1594209-8183-9113-1653446967.jpg?w=1200&h=0&q=100&dpr=1&fit=crop&s=rs3q_pG8Smozn9t00s56gQ
79,https://i1-dulich.vnecdn.net/2020/07/08/shutterstock280926449-15942068-8351-5868-1594206899.jpg?w=1200&h=0&q=100&dpr=1&fit=crop&s=f40vQnnT9C4uSjfDsuePzA
80,https://s1.vnecdn.net/vnexpress/restruct/i/v9756/logo_default.jpg
81,https://i1-dulich.vnecdn.net/2023/08/11/ho-guom2-1691720338-9273-1691720402.jpg?w=1200&h=0&q=100&dpr=1&fit=crop&s=zCv2PBVWCn31OOZfKg6-9g
82,https://i1-dulich.vnecdn.net/2023/07/22/z4536731108666f197aee76640bb10-6528-3572-1690002282.jpg?w=1200&h=0&q=100&dpr=1&fit=crop&s=3f9-zLCsEH3_dY9PtLhMeQ
83,https://i1-dulich.vnecdn.net/2023/03/28/cngvinbinidngnhagio-1679977392-3582-7766-1679977424.jpg?w=1200&h=0&q=100&dpr=1&fit=crop&s=WWAK2ydhwPWHSGBcuuheIw
84,https://i1-dulich.vnecdn.net/2022/05/22/baixep-1653111081-6152-1653188300.jpg?w=1200&h=0&q=100&dpr=1&fit=crop&s=1hX-vzLuUNYMVzIXHbPLcg
85,https://i1-dulich.vnecdn.net/2022/05/11/125212393266247853066827679435-9646-1684-1652263484.jpg?w=1200&h=0&q=100&dpr=1&fit=crop&s=cvfsZzqwQMK2PpZoEVDdpA
86,https://i1-dulich.vnecdn.net/2020/08/27/118087150120370855332400510937-4173-6267-1598541863.jpg?w=1200&h=0&q=100&dpr=1&fit=crop&s=lGS0m_gFDCrHuoucsVR8Lg
87,https://i1-dulich.vnecdn.net/2020/05/31/shutterstock1740575423-1590903-4752-5847-1590903614.jpg?w=1200&h=0&q=100&dpr=1&fit=crop&s=pFezlP3oBczQA1uYrK0vcQ
88,https://i1-dulich.vnecdn.net/2022/04/14/daoPhuQuy-1649935243-7676-1649935874.jpg?w=1200&h=0&q=100&dpr=1&fit=crop&s=cz0Dazt64C9tKprGwRwE4Q
89,https://i1-dulich.vnecdn.net/2024/07/24/thanhco-1721815835-1721815861-3064-1721815884.jpg?w=1200&h=0&q=100&dpr=1&fit=crop&s=PJrhW20QWyTfk064xpNYYg
90,https://i1-dulich.vnecdn.net/2024/03/29/methu-1711711404-1711711424-3959-1711711482.jpg?w=1200&h=0&q=100&dpr=1&fit=crop&s=vWXgLxu4STelTgcux-5eqg
91,https://i1-dulich.vnecdn.net/2023/07/27/concathinhtraitim-1690444066-1-9325-8159-1690444218.jpg?w=1200&h=0&q=100&dpr=1&fit=crop&s=stWJNwY2ref5wXyx6TaJPg
92,https://i1-dulich.vnecdn.net/2023/06/15/nhatlebeachheader-1686815955-1-5584-6441-1686816602.jpg?w=1200&h=0&q=100&dpr=1&fit=crop&s=prRs7lSWBhR3_tILmaAZCQ
93,https://i1-dulich.vnecdn.net/2022/06/23/baibienbachaucoto1-1655984021-1971-1655990392.jpg?w=1200&h=0&q=100&dpr=1&fit=crop&s=mUlLnKp2LtWus8amQ1FXOQ
94,https://i1-dulich.vnecdn.net/2022/06/22/QuanLan-1655893762-5040-1655893785.jpg?w=1200&h=0&q=100&dpr=1&fit=crop&s=lVtuRKDP4vz0BL9nP-cd2g
95,https://i1-dulich.vnecdn.net/2020/06/23/eogiokyco-1592903362-159290340-4097-2018-1592910739.jpg?w=1200&h=0&q=100&dpr=1&fit=crop&s=h3iqhfSAKsRDWjhOzBZuHw
96,https://i1-dulich.vnecdn.net/2024/09/20/chni-1726821571-1726821584-8695-1726823450.jpg?w=1200&h=0&q=100&dpr=1&fit=crop&s=2FMcBFdGTTmff6PR9cipwA
97,https://i1-dulich.vnecdn.net/2024/03/13/hothuydiensonla-1710316721-171-2186-9391-1710317356.jpg?w=1200&h=0&q=100&dpr=1&fit=crop&s=IIUjYSy9UJRLZ1mR8jbTWA
98,https://i1-dulich.vnecdn.net/2022/06/13/samsonjpeg82121654254660-16551-2795-4515-1655137658.jpg?w=1200&h=0&q=100&dpr=1&fit=crop&s=v7qd9Tp4jkTFgVZAk90oCQ
99,https://i1-dulich.vnecdn.net/2022/03/30/hochomnuisocson-1648626502-164-7138-7149-1648627125.jpg?w=1200&h=0&q=100&dpr=1&fit=crop&s=TFFDckLVEKCDA-yN7AI5pw
100,https://i1-dulich.vnecdn.net/2020/06/01/a7cdd21b95f56fab36e4-159098590-8906-4053-1591002416.jpg?w=1200&h=0&q=100&dpr=1&fit=crop&s=Gykz8pWEUYAoDzlGVgffvQ
101,https://i1-dulich.vnecdn.net/2024/11/30/4564331e48788d26d4694166132849-3849-5006-1732948785.jpg?w=1200&h=0&q=100&dpr=1&fit=crop&s=IXXA3gZBYVDH4HRbiWywyQ
102,https://i1-dulich.vnecdn.net/2024/10/05/4e8321049dcf44d3b330be44c67ac0-7812-3711-1728131315.jpg?w=1200&h=0&q=100&dpr=1&fit=crop&s=fXwTiuIS6AV8FZc925vcfg
103,https://i1-dulich.vnecdn.net/2024/09/28/dji0061hdr1-1727504715-6451-17-9814-4800-1727508628.jpg?w=1200&h=0&q=100&dpr=1&fit=crop&s=_xMolj6ekZS-8CmmlfuzeA
104,https://i1-dulich.vnecdn.net/2023/12/28/nahang4-1703754248-1703754258-3629-1703758253.jpg?w=1200&h=0&q=100&dpr=1&fit=crop&s=s2XbmocQKHKJ10fyFgRQrQ
105,https://i1-dulich.vnecdn.net/2023/10/18/tra3-1697641037-1697641049-7912-1697642960.jpg?w=1200&h=0&q=100&dpr=1&fit=crop&s=kQ9yGuhwe2FKhV4wMw9trQ
106,https://i1-dulich.vnecdn.net/2023/09/26/hoanghon4-1695703049-169570305-5040-4924-1695714765.png?w=1200&h=0&q=100&dpr=1&fit=crop&s=_-z6QQnfDCbsduncFFcOyw
107,https://i1-dulich.vnecdn.net/2023/08/31/ttt-1693470055-1693470091-4434-1693470466.jpg?w=1200&h=0&q=100&dpr=1&fit=crop&s=eP_cpxlfNKMWZMkr0bVm1g
108,https://i1-dulich.vnecdn.net/2023/06/28/dulichthainguyenvnexpress51562-2394-9552-1687947768.jpg?w=1200&h=0&q=100&dpr=1&fit=crop&s=Hp1pTGVfnJDGCalDIIfFgg
109,https://i1-dulich.vnecdn.net/2023/05/25/buudien-1685001952-1685001972-9962-1685002176.jpg?w=1200&h=0&q=100&dpr=1&fit=crop&s=yxs27WqP-CBJni_FQDIwEg
110,https://i1-dulich.vnecdn.net/2023/05/23/thanhhoa-1684804816-6173-1684804874.jpg?w=1200&h=0&q=100&dpr=1&fit=crop&s=jw5aWDrrZbAjoTiuIx-Bvw
111,https://i1-dulich.vnecdn.net/2022/06/06/dulichtule-1654488738-16544887-3260-8996-1654506743.png?w=1200&h=0&q=100&dpr=1&fit=crop&s=u3pI2CHMuUyNmIUabV8Jsw
112,https://i1-dulich.vnecdn.net/2022/05/25/51558593482-1653444941-1976-1653445298.jpg?w=1200&h=0&q=100&dpr=1&fit=crop&s=rU1Yy3syk8ms33ZlZ-a3Gw
113,https://i1-dulich.vnecdn.net/2022/04/25/277493141121575800250237511375-2453-2917-1650874778.jpg?w=1200&h=0&q=100&dpr=1&fit=crop&s=pqr0I45K6puGqezFyoKfLg
114,https://i1-dulich.vnecdn.net/2020/07/08/106243516303337174039491695334-3625-3044-1594207058.jpg?w=1200&h=0&q=100&dpr=1&fit=crop&s=ywZy_dEcma83kJq5PDK82g
115,https://s1.vnecdn.net/vnexpress/restruct/i/v9756/logo_default.jpg
116,https://i1-dulich.vnecdn.net/2025/03/09/thackem2-1741497134-1741497212-1855-1741498170.jpg?w=1200&h=0&q=100&dpr=1&fit=crop&s=GizmZemJ0294BILblf6FKg
117,https://i1-dulich.vnecdn.net/2024/11/23/bm1-1732345796-1732345811-5902-1732346723.jpg?w=1200&h=0&q=100&dpr=1&fit=crop&s=dg62KE9ldv0uPdW3Mj0wQA
118,https://i1-dulich.vnecdn.net/2024/08/21/cp3-1724231418-1724231443-7559-1724231544.jpg?w=1200&h=0&q=100&dpr=1&fit=crop&s=A3-1FSfso6WYsAqZufOjgw
119,https://i1-dulich.vnecdn.net/2024/08/06/bausau1-1722937873-1722937893-2481-1722937928.jpg?w=1200&h=0&q=100&dpr=1&fit=crop&s=ixLV9hTBTAbrXS4enFCQyw
120,https://i1-dulich.vnecdn.net/2024/01/08/traon-1704708267-1704708276-5549-1704708439.jpg?w=1200&h=0&q=100&dpr=1&fit=crop&s=Wtz0jAT3uK0itf4Fxo2lFQ
121,https://i1-dulich.vnecdn.net/2023/08/03/lanha1-1691053204-1691053212-8248-1691053870.jpg?w=1200&h=0&q=100&dpr=1&fit=crop&s=qUieFNZs6XykUmzgeXrF7Q
122,https://i1-dulich.vnecdn.net/2023/07/12/hl1-1689130193-1689130212-5586-1689130358.jpg?w=1200&h=0&q=100&dpr=1&fit=crop&s=JDE3nuzFT6QKZqQ73hmZug
123,https://i1-dulich.vnecdn.net/2022/06/17/bienvungtau-1655459711-1655459-7127-3875-1655460215.jpg?w=1200&h=0&q=100&dpr=1&fit=crop&s=L5M0wBngxjuv0TV6lsu-4Q
124,https://i1-dulich.vnecdn.net/2022/05/11/thienvientruclamtaythientamdao-4160-7632-1652267408.jpg?w=1200&h=0&q=100&dpr=1&fit=crop&s=PGiN5qtEkjHzNFjiFAs_fQ
125,https://i1-dulich.vnecdn.net/2024/10/25/y-ty3-2103-1729770303-17297790-3512-3122-1729817341.jpg?w=1200&h=0&q=100&dpr=1&fit=crop&s=IfdW-4kGSLQmYY-yT0ED-Q
126,https://i1-dulich.vnecdn.net/2024/01/19/MuCangChai0122jpeg805516505431-3578-2069-1705658505.jpg?w=1200&h=0&q=100&dpr=1&fit=crop&s=E6B3BEmtV-njcfb0QnJI3Q
127,https://i1-dulich.vnecdn.net/2023/08/08/ad14ee4accfb1fa546ea-169148971-2126-6507-1691489818.jpg?w=1200&h=0&q=100&dpr=1&fit=crop&s=FvvNNGsh2kKMoucS4uaXTA
128,https://upload.wikimedia.org/wikipedia/commons/6/6f/Du_kh%C3%A1ch_vi%E1%BA%BFng_th%C4%83m_L%E1%BA%A7u_Ng%C5%A9_Ph%E1%BB%A5ng.JPG
129,https://upload.wikimedia.org/wikipedia/commons/f/f3/PhoCoHoiAn.jpg
130,
131,https://cdn.vntrip.vn/cam-nang/wp-content/uploads/2017/08/pho-co-hoi-an-e1504760193217.jpg
132,https://upload.wikimedia.org/wikipedia/commons/thumb/2/29/V%E1%BB%8Bnh_H%E1%BA%A1_Long_-_NKS.jpg/1200px-V%E1%BB%8Bnh_H%E1%BA%A1_Long_-_NKS.jpg
133,"https://ik.imagekit.io/tvlk/blog/2022/10/kinh-nghiem-du-lich-vinh-ha-long-cover.jpeg?tr=dpr-1.5,h-320,q-40,w-1024"
134,https://upload.wikimedia.org/wikipedia/commons/0/08/Muaxuantamcoc.jpg
135,https://mia.vn/media/uploads/blog-du-lich/an-tuong-ve-dep-hung-vi-noi-quan-the-danh-thang-trang-an-1640246787.jpg
136,https://upload.wikimedia.org/wikipedia/commons/thumb/0/07/2024_-_M%E1%BB%B9_S%C6%A1n_Group_B%2C_C_and_D_-_img_23.jpg/1200px-2024_-_M%E1%BB%B9_S%C6%A1n_Group_B%2C_C_and_D_-_img_23.jpg
137,"https://ik.imagekit.io/tvlk/blog/2025/01/thanh-dia-my-son-desktop.png?tr=dpr-1.5,h-320,q-40,w-1024"
138,https://upload.wikimedia.org/wikipedia/commons/d/de/C%C3%A1p-treo-fansipan-17.jpg
139,https://upload.wikimedia.org/wikipedia/commons/thumb/f/fa/%C4%90%E1%BB%93ng_c%E1%BB%8F_v%C3%A0_chim_n%C6%B0%E1%BB%9Bc.jpg/1200px-%C4%90%E1%BB%93ng_c%E1%BB%8F_v%C3%A0_chim_n%C6%B0%E1%BB%9Bc.jpg
140,https://upload.wikimedia.org/wikipedia/commons/thumb/c/c9/Phongnhakebang6.jpg/1200px-Phongnhakebang6.jpg
141,https://upload.wikimedia.org/wikipedia/commons/thumb/0/06/M%C5%A9i_N%C3%A9_Fishing_Village.jpg/1200px-M%C5%A9i_N%C3%A9_Fishing_Village.jpg
142,https://static.vinwonders.com/production/mui-ne-co-gi-choi-thumb.jpg
143,https://upload.wikimedia.org/wikipedia/commons/thumb/e/e2/Da_Lat_-_Viet_Nam.jpg/1200px-Da_Lat_-_Viet_Nam.jpg
144,https://upload.wikimedia.org/wikipedia/commons/e/e9/Thacdaiyem.jpg
145,https://upload.wikimedia.org/wikipedia/commons/thumb/6/62/M%E1%BB%99t_c%E1%BA%A3nh_%E1%BB%9F_ch%E1%BB%A3_n%E1%BB%95i_C%C3%A1i_R%C4%83ng.jpg/1200px-M%E1%BB%99t_c%E1%BA%A3nh_%E1%BB%9F_ch%E1%BB%A3_n%E1%BB%95i_C%C3%A1i_R%C4%83ng.jpg
146,https://upload.wikimedia.org/wikipedia/commons/2/28/Panoramic_View.jpg
147,https://upload.wikimedia.org/wikipedia/commons/thumb/d/dd/C%E1%BB%95ng_ch%C3%A0o_tr%C3%AAn_Huy%E1%BB%87n_%C4%90%E1%BA%A3o_L%C3%BD_S%C6%A1n_-_Qu%E1%BA%A3ng_Ng%C3%A3i.jpg/1200px-C%E1%BB%95ng_ch%C3%A0o_tr%C3%AAn_Huy%E1%BB%87n_%C4%90%E1%BA%A3o_L%C3%BD_S%C6%A1n_-_Qu%E1%BA%A3ng_Ng%C3%A3i.jpg
148,https://upload.wikimedia.org/wikipedia/commons/f/f7/BacKan-HoBaBe_map.png
149,https://upload.wikimedia.org/wikipedia/commons/a/af/C%C3%A1nh_%C4%91%E1%BB%93ng_d%C6%B0%E1%BB%9Bi_ch%C3%A2n_n%C3%BAi_Tam_%C4%90%E1%BA%A3o.jpg
150,https://upload.wikimedia.org/wikipedia/commons/thumb/9/90/Hanoi_location_map.svg/1200px-Hanoi_location_map.svg.png
151,https://upload.wikimedia.org/wikipedia/commons/thumb/a/ab/C%E1%BB%95ng_Nam.jpg/1200px-C%E1%BB%95ng_Nam.jpg
152,https://upload.wikimedia.org/wikipedia/commons/f/fa/Lan_Ha_Bay.JPG
153,https://vi.wikipedia.org/static/images/mobile/copyright/wikipedia-wordmark-en.svg
154,https://upload.wikimedia.org/wikipedia/commons/thumb/4/4f/QD_Catba2.jpg/1200px-QD_Catba2.jpg
155,https://upload.wikimedia.org/wikipedia/commons/thumb/b/bc/Phu_Quoc%2C_Viet_Nam.jpg/1200px-Phu_Quoc%2C_Viet_Nam.jpg
156,https://mia.vn/media/uploads/blog-du-lich/bai-dai-phu-quoc-voi-ve-dep-hoang-so-lan-nuoc-trong-xanh-nhu-ngoc-1703752350.jpg
157,https://upload.wikimedia.org/wikipedia/commons/thumb/3/38/C%C3%B4n_%C4%90%E1%BA%A3o%2C_B%C3%A0_R%E1%BB%8Ba_-_V%C5%A9ng_T%C3%A0u%2C_Vietnam_-_panoramio_%2833%29.jpg/1200px-C%C3%B4n_%C4%90%E1%BA%A3o%2C_B%C3%A0_R%E1%BB%8Ba_-_V%C5%A9ng_T%C3%A0u%2C_Vietnam_-_panoramio_%2833%29.jpg
158,https://upload.wikimedia.org/wikipedia/commons/thumb/b/b4/Son_Doong_Cave_by_Daniel_Burka.jpg/960px-Son_Doong_Cave_by_Daniel_Burka.jpg
159,
160,https://upload.wikimedia.org/wikipedia/commons/thumb/4/4e/Cuc_Phuong_01.jpg/1200px-Cuc_Phuong_01.jpg
161,http://www.bachmapark.com.vn/templates/default/images/vuonquocgiabachma.png
162,https://upload.wikimedia.org/wikipedia/commons/thumb/4/45/BenCu_forest_structure_23Dec08.jpg/1200px-BenCu_forest_structure_23Dec08.jpg
163,https://upload.wikimedia.org/wikipedia/commons/thumb/f/f5/Lo_O_Stream%2C_Nui_Chua_National_Park.jpg/960px-Lo_O_Stream%2C_Nui_Chua_National_Park.jpg
164,https://upload.wikimedia.org/wikipedia/commons/4/47/Ba_Be_Lake_6464.jpg
165,https://upload.wikimedia.org/wikipedia/commons/thumb/3/3f/Vietnam_location_map.svg/960px-Vietnam_location_map.svg.png
166,https://upload.wikimedia.org/wikipedia/commons/thumb/e/e2/Nui_Coc_Lake1.jpg/1200px-Nui_Coc_Lake1.jpg
167,https://vi.wikipedia.org/static/images/mobile/copyright/wikipedia-wordmark-en.svg
168,https://vi.wikipedia.org/static/images/mobile/copyright/wikipedia-wordmark-en.svg
169,https://upload.wikimedia.org/wikipedia/vi/thumb/2/24/H%E1%BB%93_Tr%E1%BB%8B_An_nh%C3%ACn_t%E1%BB%AB_tr%C3%AAn_cao.jpg/1200px-H%E1%BB%93_Tr%E1%BB%8B_An_nh%C3%ACn_t%E1%BB%AB_tr%C3%AAn_cao.jpg
170,https://vi.wikipedia.org/static/images/mobile/copyright/wikipedia-wordmark-en.svg
171,https://cdn3.ivivu.com/2022/12/ho-xa-huong-ivivu-16.jpg
172,https://upload.wikimedia.org/wikipedia/commons/thumb/c/c1/Xuan_Huong_Lake_08.jpg/1200px-Xuan_Huong_Lake_08.jpg
173,https://i1-dulich.vnecdn.net/2024/02/08/A-nh-1-1707389128.jpg?w=1200&h=0&q=100&dpr=1&fit=crop&s=Rewe5dp5BZEToBOSYquokg
174,https://upload.wikimedia.org/wikipedia/commons/thumb/f/f0/C%E1%BB%91c_B%C3%B3.jpg/1200px-C%E1%BB%91c_B%C3%B3.jpg
175,https://upload.wikimedia.org/wikipedia/commons/thumb/f/f6/Kim_Boi_hot_spring_%281%29.jpg/1200px-Kim_Boi_hot_spring_%281%29.jpg
176,
177,https://vi.wikipedia.org/static/images/mobile/copyright/wikipedia-wordmark-en.svg
178,https://upload.wikimedia.org/wikipedia/commons/thumb/3/3f/Vietnam_location_map.svg/960px-Vietnam_location_map.svg.png
179,https://upload.wikimedia.org/wikipedia/commons/thumb/6/61/Cualovedem.jpg/1200px-Cualovedem.jpg
180,https://upload.wikimedia.org/wikipedia/commons/thumb/6/61/Cualovedem.jpg/1200px-Cualovedem.jpg
182,https://vi.wikipedia.org/static/images/mobile/copyright/wikipedia-wordmark-en.svg
183,https://static.vinwonders.com/2022/05/bien-cua-dai.jpg
184,https://upload.wikimedia.org/wikipedia/commons/thumb/2/22/Bai_bien_My_Khe.jpg/1200px-Bai_bien_My_Khe.jpg
186,https://upload.wikimedia.org/wikipedia/commons/thumb/a/ae/Dau_Tieng_Lake_-_50766650163.png/1200px-Dau_Tieng_Lake_-_50766650163.png
187,https://sun-ecommerce-cdn.azureedge.net/ecommerce/service-sites/asset/SunWorldBaDen/swold/du-lich-nui-ba-den-tay-ninh/1-quang-canh-nui-ba-den-tay-ninh-1.jpg
188,https://mia.vn/media/uploads/blog-du-lich/nui-ham-rong-sapa-ngon-nui-hinh-dau-rong-noi-tieng-cua-thanh-pho-mo-suong-1621268996.jpg
189,https://mia.vn/media/uploads/blog-du-lich/duong-len-cong-troi-sapa-noi-thien-duong-trong-may-dai-ngan-1621335450.jpg
190,https://upload.wikimedia.org/wikipedia/commons/thumb/e/e1/Bangioc9tam.jpg/1200px-Bangioc9tam.jpg
191,https://images.vietnamtourism.gov.vn/vn//images/2019/CNMN/16.10._Thac_Ban_gioc_ve_dep_ky_vi_giua_non_nuoc_cao_bang_20.jpg
192,https://upload.wikimedia.org/wikipedia/commons/thumb/a/a6/V%C3%A0o_%C4%91%E1%BB%99ng_Phong_Nha.jpg/960px-V%C3%A0o_%C4%91%E1%BB%99ng_Phong_Nha.jpg
193,https://www.vietnamairlines.com/~/media/ContentImage/Lotusmiles/FFPcard_menu.png?h=128&la=vi-VN&w=375
195,
196,https://dongthienduong.com/uploads/Slider/ThienDuongCave_01.jpg
198,https://upload.wikimedia.org/wikipedia/commons/9/9a/Lak_Lake.jpg
199,https://cdn.xanhsm.com/2024/12/8904fca1-khu-du-lich-ho-lak-thumb.jpg
200,https://wetrek.vn/pic/service/ho-lak-va_636890405143816168-w.800-q.80.jpg
201,https://upload.wikimedia.org/wikipedia/commons/6/61/Dam_Bri_waterfall.jpg
202,https://www.dambri.com.vn/themes/default/images/vi.png
203,https://ecotour.com.vn/wp-content/uploads/2025/09/du-lich-thac-dai-yem.jpg
204,https://images.vietnamtourism.gov.vn/vn//images/2019/CNMN/197Thac-Dai-Yem-Diem-giai-nhiet-cho-mua-he-mat-lanh-tai-Moc-Chau1.jpg
205,https://upload.wikimedia.org/wikipedia/commons/thumb/0/07/ThacPongour.jpg/1200px-ThacPongour.jpg
207,https://upload.wikimedia.org/wikipedia/commons/thumb/0/0d/Th%C3%A1c_Prenn%2C_062015.jpg/1200px-Th%C3%A1c_Prenn%2C_062015.jpg
210,https://tapchimoitruong.vn/Lists/Articles/Attachments/45870/hl1.jpg
211,"https://ik.imagekit.io/tvlk/blog/2023/04/ho-lak-cover.jpg?tr=dpr-1.5,h-320,q-40,w-1024"
212,"https://ik.imagekit.io/tvlk/blog/2024/03/ho-da-xanh-vung-tau-cover.jpg?tr=dpr-1.5,h-320,q-40,w-1024"
213,http://vietair.com.vn/Media/Images/vietair/cam-nang-du-lich/ho-da-xanh-vung-tau.jpg?w=1200&h=630&c=true
214,https://upload.wikimedia.org/wikipedia/commons/thumb/8/84/%C4%90%E1%BB%89nh_Langbiang.JPG/1200px-%C4%90%E1%BB%89nh_Langbiang.JPG
216,https://upload.wikimedia.org/wikipedia/commons/thumb/d/d5/Tuyen_Lam_Lake_01.jpg/1200px-Tuyen_Lam_Lake_01.jpg
217,"https://ik.imagekit.io/tvlk/blog/2023/04/ho-tuyen-lam-da-lat-cover.jpg?tr=dpr-1.5,h-320,q-40,w-1024"
218,https://upload.wikimedia.org/wikipedia/commons/thumb/0/0f/Chua_Chan_mount..JPG/1200px-Chua_Chan_mount..JPG
219,https://upload.wikimedia.org/wikipedia/commons/thumb/5/50/%C4%90inh_nui_Dinh_B%C3%A0_Ria_%28_Mountian%29_-_panoramio.jpg/1200px-%C4%90inh_nui_Dinh_B%C3%A0_Ria_%28_Mountian%29_-_panoramio.jpg
220,https://mia.vn/media/uploads/blog-du-lich/nui-dinh-vung-tau-diem-den-sieu-ngau-cho-lan-dau-trekking-1634298900.jpg
221,https://vi.wikipedia.org/static/images/mobile/copyright/wikipedia-wordmark-en.svg
222,"https://ik.imagekit.io/tvlk/blog/2023/01/hon-mun-cover.jpg?tr=dpr-1.5,h-320,q-40,w-1024"
224,https://upload.wikimedia.org/wikipedia/commons/thumb/6/68/Khu_ngh%E1%BB%89_d%C6%B0%E1%BB%A1ng_tr%C3%AAn_%C4%91%E1%BA%A3o_H%C3%B2n_T%E1%BA%B1m.jpg/1200px-Khu_ngh%E1%BB%89_d%C6%B0%E1%BB%A1ng_tr%C3%AAn_%C4%91%E1%BA%A3o_H%C3%B2n_T%E1%BA%B1m.jpg
225,https://mia.vn/media/uploads/blog-du-lich/goi-y-lich-trinh-kham-pha-hon-nua-phu-yen-tu-tuc-2n1d-1637689533.jpg
226,"https://ik.imagekit.io/tvlk/blog/2023/07/go-and-share-hon-nua-phu-yen-1.jpg?tr=dpr-1.5,h-320,q-40,w-1024"
227,https://upload.wikimedia.org/wikipedia/commons/thumb/5/56/B%C3%ACnh_Ba_Island.jpg/1200px-B%C3%ACnh_Ba_Island.jpg
228,https://upload.wikimedia.org/wikipedia/commons/8/8d/Ban_dao_Son_Tra.jpg
229,https://vietluxtour.com/Upload/images/2025/khamphatrongnuoc/B%C3%A1n%20%C4%91%E1%BA%A3o%20S%C6%A1n%20Tr%C3%A0%20%C4%90%C3%A0%20N%E1%BA%B5ng/ban-dao-son-tra-da-nang-main-min.jpg
230,https://upload.wikimedia.org/wikipedia/commons/thumb/0/06/%C4%90%E1%BA%A3o_C%C3%B9_Lao_Ch%C3%A0m_g%C3%B3c_nh%C3%ACn_t%E1%BB%AB_Cano.jpg/960px-%C4%90%E1%BA%A3o_C%C3%B9_Lao_Ch%C3%A0m_g%C3%B3c_nh%C3%ACn_t%E1%BB%AB_Cano.jpg
232,https://upload.wikimedia.org/wikipedia/commons/9/97/Lo_ren_river.jpg
234,https://www.rungngapmancangio.org/public/image/bando-phan-vung-kdtsq.jpg
235,https://upload.wikimedia.org/wikipedia/commons/3/3f/Landscape_Xuan_Thuy_National_Park.JPG
236,https://mia.vn/media/uploads/blog-du-lich/vuon-quoc-gia-xuan-thuy-khu-ramsar-dau-tien-tai-dong-nam-a-1698309202.jpg
237,https://upload.wikimedia.org/wikipedia/commons/0/0b/Huyvanlong2.jpg
238,"https://ik.imagekit.io/tvlk/blog/2023/09/khu-bao-ton-thien-nhien-van-long-1.jpg?tr=dpr-1.5,h-320,q-40,w-1024"
242,https://hochiminhcity.gov.vn/documents/20123/41696/cover-emty-img.jpg/7204018e-25e4-2e16-d8da-28b378325efe?version=1.0&t=1732942854416&imagePreview=1
244,
247,https://sotnmt.ninhbinh.gov.vn/public/userfiles/2022/Anh/2207-vqg_cuc_phuong_1.jpg
248,https://upload.wikimedia.org/wikipedia/commons/4/42/Thacdoquyen.jpg
251,https://cattiennationalpark.com.vn/wp-content/uploads/elementor/thumbs/hotel-qj7fvsq79oj057c47or8ddlbcwddw2tskg7xwah9m0.png
253,https://mia.vn/media/uploads/blog-du-lich/vuon-quoc-gia-nui-chua-khu-du-tru-sinh-quyen-moi-cua-the-gioi-1658159806.jpg
256,https://booking.muongthanh.com/images/news/2025/02/original/doi-che-trai-tim-moc-chau_1740385504.jpg
257,https://objectstorage.omzcloud.vn/pys-object-storage/web/uploads/posts/avatar/1670404753.jpg
259,https://media.baosonla.org.vn/thumb/720-405/public/hieupt/2025-05-11/5e95063839fb9ba5c2ea(1).jpg
262,https://scontent.iocvnpt.com/resources/portal/Images/CBG/truongdai/Place/thac_ban_gioc/1_resize25_10_45_58_27775960.jpg
264,
265,https://upload.wikimedia.org/wikipedia/commons/thumb/4/43/Hang_%C3%89n_Cave_-_201505_-_JB.jpg/1200px-Hang_%C3%89n_Cave_-_201505_-_JB.jpg
266,https://dulichnewtour.vn/ckfinder/images/hang-en%20(18).jpg
267,https://upload.wikimedia.org/wikipedia/commons/thumb/8/88/Grotte_Thien_Duong.jpg/1200px-Grotte_Thien_Duong.jpg
270,https://upload.wikimedia.org/wikipedia/commons/thumb/a/a5/The_Golden_Bridge%2C_Ba_Na_Hills%2C_Vietnam.jpg/1200px-The_Golden_Bridge%2C_Ba_Na_Hills%2C_Vietnam.jpg
271,https://d2e5ushqwiltxm.cloudfront.net/wp-content/uploads/sites/86/2023/08/30020055/Thumbnail-image-from-Prawat-Thananithaporn-under-the-Shutterstock-Terms-of-Use.jpg
272,https://sunworld.vn/og-image.webp
275,"https://res.klook.com/image/upload/fl_lossy.progressive,w_1200,h_630,c_fill,q_85/v1729594268/bwop1qiyjd1heinlafsy.jpg"
276,https://mia.vn/media/uploads/blog-du-lich/bien-cua-dai-hoi-an-an-tuong-mot-trong-25-bai-bien-dep-nhat-chau-a-1618150139.jpg
278,https://cdn.tgdd.vn/Files/2021/07/16/1368589/kinh-nghiem-du-lich-bien-cua-dai-hoi-an-tu-a-z-cho-chuyen-di-tron-niem-vui-202201171325052541.jpg
280,https://static.vinwonders.com/2022/05/bai-bien-my-khe-da-nang-2.jpg
281,https://mia.vn/media/uploads/blog-du-lich/bai-bien-my-khe-da-nang-lang-nguoi-ngam-nhin-1-trong-6-bai-bien-dep-nhat-hanh-tinh-1636353564.jpg
283,https://images.vietnamtourism.gov.vn/vn//images/2021/cu_lao_cham1.jpg
284,"https://res.klook.com/image/upload/fl_lossy.progressive,w_1200,h_630,c_fill,q_85/v1732007679/cpurjbdbohkro4g58ffv.jpg"
286,https://cdn.hoabinhevents.com/hbt/wp-content/uploads/2025/04/05084237/ho-xanh-nhu-vien-ngoc-bich-giua-long-son-tra.jpg
288,https://upload.wikimedia.org/wikipedia/commons/thumb/c/ce/Ngu_hanh_son_toan_canh.jpg/1200px-Ngu_hanh_son_toan_canh.jpg
289,"https://ik.imagekit.io/tvlk/blog/2022/07/ngu-hanh-son-da-nang-1.jpg?tr=dpr-1.5,h-320,q-40,w-1024"
291,https://upload.wikimedia.org/wikipedia/commons/thumb/0/00/G%C3%A0nh_%C4%90%C3%A1_%C4%90%C4%A9a_-_Ph%C3%BA_Y%C3%AAn.jpg/1200px-G%C3%A0nh_%C4%90%C3%A1_%C4%90%C4%A9a_-_Ph%C3%BA_Y%C3%AAn.jpg
292,https://mia.vn/media/uploads/blog-du-lich/review-ganh-da-dia-phu-yen-va-nhung-trai-nghiem-thu-vi-1753241704.jpg
294,https://cdn.xanhsm.com/2025/03/845cc621-khu-du-lich-suoi-khoang-kim-boi-thumb.jpg
295,http://maichauhideaway.com/Data/Sites/1/News/355/suoi-nuoc-nong-kim-boi-1.jpg
297,https://upload.wikimedia.org/wikipedia/commons/thumb/0/00/W_C%E1%BB%A7_Chi_%C4%90%E1%BB%8Ba_%C4%91%E1%BA%A1o_C%E1%BB%A7_Chi_ng%E1%BB%A5y_trang.JPG/1200px-W_C%E1%BB%A7_Chi_%C4%90%E1%BB%8Ba_%C4%91%E1%BA%A1o_C%E1%BB%A7_Chi_ng%E1%BB%A5y_trang.JPG
298,"https://res.klook.com/image/upload/fl_lossy.progressive,w_1200,h_630,c_fill,q_85/v1719313954/i952zglsy1d51ddcgwlv.jpg"
299,https://upload.wikimedia.org/wikipedia/commons/thumb/4/4f/Po_Klong_Garai.jpg/1200px-Po_Klong_Garai.jpg
300,https://mia.vn/media/uploads/blog-du-lich/thap-po-klong-garai-bieu-tuong-tam-linh-dac-sac-cua-nen-van-hoa-cham-pa-1658757976.jpg
301,https://upload.wikimedia.org/wikipedia/commons/thumb/d/d7/NNU_Ch%C3%B9ab%E1%BB%95%C4%91%C3%A0.jpg/1200px-NNU_Ch%C3%B9ab%E1%BB%95%C4%91%C3%A0.jpg
302,https://bacgiang.gov.vn/image/journal/article?img_id=18003676&t=1766347683372
303,https://i2-vnexpress.vnecdn.net/2025/07/19/nhg04058-1752737780-1752806328-1752806790-1752858220.jpg?w=1200&h=0&q=100&dpr=1&fit=crop&s=TGgJQmTz8z_DdUpCcfBm4A
304,https://mia.vn/media/uploads/blog-du-lich/hoi-quan-phuc-kien-hoi-an-di-san-van-hoa-dep-nhat-nhi-do-thi-co-1618287270.jpg
306,https://tripmap.vn/wp-content/uploads/-000//1/652a3a71be9dd__96.jpg
307,https://media-cdn-v2.laodong.vn/storage/newsportal/2025/4/13/1490900/Nha-Co-727.jpg?w=800&crop=auto&scale=both
308,https://upload.wikimedia.org/wikipedia/commons/5/56/KHAU_PH%E1%BA%A0_M%C3%99A_N%C6%AF%E1%BB%9AC_%C4%90%E1%BB%94_-_panoramio.jpg
309,https://images.vietnamtourism.gov.vn/vn//images/2021/Thang_5/mu_cang_chai_resize.jpg
312,https://upload.wikimedia.org/wikipedia/commons/thumb/3/31/N%C3%BAi_Y%C3%AAn_T%E1%BB%AD.jpg/1200px-N%C3%BAi_Y%C3%AAn_T%E1%BB%AD.jpg
313,https://upload.wikimedia.org/wikipedia/commons/thumb/c/c5/Phong_c%E1%BA%A3nh_n%C3%BAi_Y%C3%AAn_T%E1%BB%AD.jpg/1200px-Phong_c%E1%BA%A3nh_n%C3%BAi_Y%C3%AAn_T%E1%BB%AD.jpg
314,https://thanhnienviet.mediacdn.vn/zoom/600_315/uploads/2023_05/nt16-1436008090.jpg
316,https://mia.vn/media/uploads/blog-du-lich/dinh-doc-lap-bieu-tuong-cho-hoa-binh-tu-do-cua-dan-toc-1692229784.jpg
317,"https://ik.imagekit.io/tvlk/blog/2023/01/dinh-doc-lap-cover.jpg?tr=dpr-1.5,h-320,q-40,w-1024"
318,https://mia.vn/media/uploads/blog-du-lich/kham-pha-cho-ben-thanh-bieu-tuong-lau-doi-cua-van-hoa-sai-gon-1742356271.jpg
319,https://static.vinwonders.com/production/cho-ben-thanh-thumb.jpg
320,https://kichcaudulichtphcm.vn/wp-content/uploads/2024/11/ben-nha-rong-c.jpg
321,https://mia.vn/media/uploads/blog-du-lich/thuong-lam-ben-nha-rong-vung-ky-uc-rang-ngoi-cua-lich-su-dan-toc-1696986285.jpg
322,https://cdn.hoabinhevents.com/hbt/wp-content/uploads/2023/07/21145202/Thac-Mo-Binh-Phuoc-2.jpg
323,https://52hz.vn/wp-content/uploads/2023/06/thac-mo-binh-phuoc.jpg
324,https://mia.vn/media/uploads/blog-du-lich/chiem-nguong-vuon-quoc-gia-u-minh-ha-ve-dep-thien-nhien-tru-phu-1663693942.jpg
325,"https://ik.imagekit.io/tvlk/blog/2022/09/kinh-nghiem-du-lich-u-minh-ha-cover.jpeg?tr=dpr-1.5,h-320,q-40,w-1024"
326,https://mia.vn/media/uploads/blog-du-lich/kinh-nghiem-du-lich-nui-ba-ra-cho-cac-doi-chan-nghien-xe-dich-1657463079.jpg
327,https://dulichchaovietnam.com/public/fileupload/source/sanpham/binh-phuoc/nui_ba_ra_01.jpg
328,https://dulichthuduc.com.vn/vnt_upload/news/DONG-NAM-BO/binh-phuoc/thac_dung_binh_phuoc_du_lich_thu_duc_2.jpg
329,https://luhanhvietnam.com.vn/du-lich/vnt_upload/news/03_2021/thac-dung-binh-phuoc-sophia_bichnguyen.jpg
330,https://owa.bestprice.vn/images/articles/uploads/khu-du-lich-suoi-mo-543c7d2a0cc8e.jpg
331,https://dulichthuduc.com.vn/vnt_upload/news/DONG-NAM-BO/dong-nai/tour_du_lich_suoi_mo_dong_nai_du_lich_thu_duc_14.jpg
333,https://dulich3mien.vn/wp-content/uploads/2023/01/Toa-thanh-Tay-Ninh-1.jpg
334,https://thanhlamhotspring.com/wp-content/uploads/2015/01/Rung-tram-tra-su-01-.jpg
335,https://cdn.bookingtour.vn/thumb_x394x263/upload/2025/01/05/kham-pha-rung-tram-tra-su-an-giang2.jpg
337,https://mia.vn/media/uploads/blog-du-lich/thung-lung-tinh-yeu-diem-den-lang-man-va-day-trai-nghiem-1751825299.jpg
338,http://danhnamtravel.vn/Uploads/images/thanhcoquangtri/Thanh%20co%20Quang%20Tri.jpeg
339,https://cdn3.ivivu.com/2023/04/thanh-co-quang-tri-ivivu-5.jpg
340,https://static.vinwonders.com/production/bien-quy-nhon-thumb.jpg
341,https://52hz.vn/wp-content/uploads/2022/09/52hz-bai-bien-quy-nhon.jpg
342,https://static.vinwonders.com/production/bien-ca-na-thumb.jpg
343,"https://ik.imagekit.io/tvlk/blog/2023/06/LG4SWV7s-image.png?tr=dpr-1.5,h-320,q-40,w-1024"
344,https://cdn3.ivivu.com/2023/09/lang-gom-bau-truc-ivivu-14-1024x6351.jpg
345,"https://ik.imagekit.io/tvlk/blog/2023/07/lang-gom-bau-truc-1.jpg?tr=dpr-1.5,h-320,q-40,w-1024"
346,"https://ik.imagekit.io/tvlk/blog/2024/02/go-and-share-thac-tac-tinh-lai-chau-11.webp?tr=dpr-1.5,h-320,q-40,w-1024"
347,https://ticotravel.com.vn/wp-content/uploads/2024/06/thac-tac-tinh-2.jpg
348,https://mia.vn/media/uploads/blog-du-lich/co-do-hoa-lu-dau-an-vang-son-cua-mot-thoi-dan-toc-oai-hung-1640595468.jpg
349,https://dulich3mien.vn/wp-content/uploads/2022/06/1-min-6.jpg
350,https://dulichnewtour.vn/ckfinder/images/Tours/chuahuonghanoi/chua-huong-ha-noi%20(1).jpg
353,"https://ik.imagekit.io/tvlk/blog/2022/09/kinh-nghiem-du-lich-lang-co-cover.jpg?tr=dpr-1.5,h-320,q-40,w-1024"
355,https://media.vietravel.com/images/news/du-lich-song-huong-00.png
356,https://static.vinwonders.com/production/lang-co-duong-lam-thumb.jpg
357,https://luhanhvietnam.com.vn/du-lich/vnt_upload/news/03_2021/lang-co-duong-lam-ha-noi.jpg
358,https://cdn.vntrip.vn/cam-nang/wp-content/uploads/2017/06/du-lich-ba-vi-vuon-quoc-gia-2-e1519887320676.jpg
359,https://static.vinwonders.com/production/vuon-quoc-gia-ba-vi-banner.jpg
360,https://quynhontrip.com/wp-content/uploads/2020/10/thap-doi-quy-nhon-2.jpg
362,https://motogo.vn/wp-content/uploads/2020/02/VNMDLI25-1.jpg
363,https://luhanhvietnam.com.vn/du-lich/vnt_upload/news/08_2020/nha-tho-con-ga-da-lat_2.jpg
364,https://static.vinwonders.com/production/dinh-bao-dai-da-lat-thumb.jpg
365,https://cdn3.ivivu.com/2024/09/dinh-bao-dai-da-lat-ivivu-6-1.jpg
366,https://static.vinwonders.com/production/nui-voi-thumb.jpg
367,https://luhanhvietnam.com.vn/du-lich/vnt_upload/news/03_2025/nui_voi_hai_phong_.jpg
368,https://dulich3mien.vn/wp-content/uploads/2021/12/hinh-anh-pho-di-bo-bui-vien-1.jpg
369,https://mia.vn/media/uploads/blog-du-lich/lac-giua-goc-pho-di-bo-bui-vien-nhon-nhip-xuyen-man-dem-1692832486.jpg
370,https://ticotravel.com.vn/wp-content/uploads/2022/05/Ben-Ninh-Kieu-1-1024x680.jpeg
371,"https://ik.imagekit.io/tvlk/blog/2023/05/ben-ninh-kieu-88.jpg?tr=dpr-1.5,h-320,q-40,w-1024"
372,https://dulich3mien.vn/wp-content/uploads/2022/03/BAI-KHEM-PHU-QUOC-01-min.jpg
373,https://ticotravel.com.vn/wp-content/uploads/2022/04/bai-khem-phu-quoc-2.jpg
374,https://cdn.vntrip.vn/cam-nang/wp-content/uploads/2018/05/Captu77re.png
376,https://52hz.vn/wp-content/uploads/2021/07/52hz-khu-du-lich-buu-long.jpg
377,https://cdn3.ivivu.com/2019/08/khu-du-lich-buu-long-ivivu-6.jpg
378,"https://res.klook.com/image/upload/fl_lossy.progressive,w_1200,h_630,c_fill,q_85/v1762763714/s3pbbu0mti2gixxgkcic.jpg"
379,"https://ik.imagekit.io/tvlk/blog/2023/06/cot-co-lung-cu-1.jpg?tr=dpr-1.5,h-320,q-40,w-1024"
380,https://mia.vn/media/uploads/blog-du-lich/cot-co-lung-cu-dau-an-thieng-thieng-noi-dia-dau-to-quoc-1642692171.jpg
381,https://ticotravel.com.vn/wp-content/uploads/2022/05/Bai-da-co-Sapa-3-1024x576.jpg
382,https://cdn.vntrip.vn/cam-nang/wp-content/uploads/2018/09/thung-lung-muong-hoa-vntrip-1.jpg
383,https://52hz.vn/wp-content/uploads/2023/02/52hz-thung-lung-muong-hoa.jpg
384,https://static.vinwonders.com/production/thung-lung-muong-hoa-thumb.jpg
386,"https://ik.imagekit.io/tvlk/blog/2023/08/cau-truong-tien-4.jpg?tr=dpr-1.5,h-320,q-40,w-1024"
387,https://cdn3.ivivu.com/2023/01/Chua-Keo-Thai-Binh-ivivu.jpg
388,https://mia.vn/media/uploads/blog-du-lich/chua-keo-thai-binh-co-tu-tram-nam-noi-ta-ngan-song-hong-1690450414.jpg
389,https://gaohouse.vn/wp-content/uploads/2024/07/chua-but-thap-bac-ninh-1-1.jpg
390,https://alltours.vn/wp-content/uploads/chua-but-thap3.jpg
391,https://ticotravel.com.vn/wp-content/uploads/2022/11/den-hung-phu-tho-1.jpg
392,https://alltours.vn/wp-content/uploads/den-hung1-1.jpg
393,https://cdn3.ivivu.com/2022/11/lang-gom-phu-lang-ivivu-2.jpg
394,https://ticotravel.com.vn/wp-content/uploads/2023/11/lang-gom-phu-lang-1.jpg
395,"https://ik.imagekit.io/tvlk/blog/2023/11/lang-gom-phu-lang-1.jpg?tr=dpr-1.5,h-320,q-40,w-1024"
396,https://cdn.vntrip.vn/cam-nang/wp-content/uploads/2017/11/dai-nam-1.jpg
397,https://ticotravel.com.vn/wp-content/uploads/2023/06/dai-nam-binh-duong-3.jpg
398,"https://ik.imagekit.io/tvlk/blog/2021/11/khu-du-lich-dai-nam-7.jpg?tr=dpr-1.5,h-320,q-40,w-1024"
399,https://thamhiemmekong.com/wp-content/uploads/2020/04/honkhoai.jpg
400,https://dulichthuduc.com.vn/vnt_upload/news/MIEN-TAY/ca-mau/dao_hon_khoai_du_lich_thu_duc_5.jpg
401,"https://ik.imagekit.io/tvlk/blog/2023/07/chua-huong-tich-3.jpeg?tr=dpr-1.5,h-320,q-40,w-1024"
402,https://gaohouse.vn/wp-content/uploads/2024/08/khu-du-lich-chua-huong-tich-ha-tinh.jpg
403,https://static.vinwonders.com/production/chua-huong-tich-ha-tinh-thumb.jpg
404,https://cdn.vntrip.vn/cam-nang/wp-content/uploads/2017/07/thao-cam-vien.png
405,https://dulich3mien.vn/wp-content/uploads/2022/01/THAO-CAM-VIEN-01-min.jpg
406,https://thamhiemmekong.com/wp-content/uploads/2019/10/chonoilongxuyen3.jpg
407,"https://ik.imagekit.io/tvlk/blog/2023/09/cho-noi-long-xuyen.jpg?tr=dpr-1.5,h-320,q-40,w-1024"
408,https://cdn3.ivivu.com/2024/11/cho-noi-long-xuyen-ivivu-7.jpg
409,https://mia.vn/media/uploads/blog-du-lich/khu-du-lich-lang-xanh-ben-tre-toa-do-thu-gian-dip-cuoi-tuan-1667024331.jpg
410,https://dulichthuduc.com.vn/vnt_upload/news/MIEN-TAY/ben-tre/KDL_sinh_thai_lang_xanh_du_lich_thu_duc_1.jpg
411,https://mia.vn/media/uploads/blog-du-lich/kham-pha-khu-du-lich-mui-ca-mau-tai-vung-cuc-nam-to-quoc-1662715357.jpg
412,https://i1-dulich.vnecdn.net/2019/10/14/mui-ca-mau-cuc-nam-cua-to-quoc-1571051027.jpg?w=1200&h=0&q=100&dpr=1&fit=crop&s=SVfwmXjJdhkLkxze3Q93UQ
414,"https://ik.imagekit.io/tvlk/dam/i/01kcreqaq6qe6ewjd6nndq6je1.jpeg?tr=dpr-1.5,h-320,q-40,w-1024"
415,https://mia.vn/media/uploads/blog-du-lich/do-son-hai-phong-thien-duong-nghi-duong-4-mua-tai-mien-bac-1702345178.jpg
417,https://luhanhvietnam.com.vn/du-lich/vnt_upload/news/08_2020/suoi-nuoc-nong-tien-lang-10.jpg
418,https://static.vinwonders.com/production/thac-voi-thanh-hoa-thumb.jpg
420,https://cdn3.ivivu.com/2022/09/Đầm-Ô-Loan-ivivu-6.jpg
421,"https://ik.imagekit.io/tvlk/blog/2023/04/dam-o-loan-cover.jpg?tr=dpr-1.5,h-320,q-40,w-1024"
422,"https://ik.imagekit.io/tvlk/blog/2023/06/thac-lieng-nung-cover.jpg?tr=dpr-1.5,h-320,q-40,w-1024"
423,https://cdn3.ivivu.com/2020/02/thac-nuoc-tuyet-dep-thu-hut-tin-do-du-lich-o-tay-nguyen-ivivu-1.jpg
424,https://static.vinwonders.com/production/2025/05/ho-tram-ba-ria-vung-tau-thumb.jpg
425,https://image.vietgoing.com/destination/large/vietgoing_tau2304187756.webp
426,"https://ik.imagekit.io/tvlk/blog/2022/09/ho-coc-1.jpg?tr=dpr-1.5,h-320,q-40,w-1024"
427,https://bariavungtautourism.com.vn/wp-content/uploads/2024/01/bien-ho-coc-vung-tau-AB.jpg
428,https://thamhiemmekong.com/wp-content/uploads/2019/09/lang-noi-ca-be-chau-doc-01.jpg
429,https://luhanhvietnam.com.vn/du-lich/vnt_upload/news/08_2022/ThiYt_kY_chYa_co_ten_8.png
430,"https://ik.imagekit.io/tvlk/blog/2023/03/nha-cong-tu-bac-lieu-cover.jpg?tr=dpr-1.5,h-320,q-40,w-1024"
431,https://thamhiemmekong.com/wp-content/uploads/2020/04/nhacongtubaclieu.jpg
432,https://thamhiemmekong.com/wp-content/uploads/2019/09/nui-cam-5.jpg
433,https://mia.vn/media/uploads/blog-du-lich/khu-du-lich-lam-vien-nui-cam-ve-dep-linh-thieng-cua-nui-rung-1659717339.jpg
434,https://static.vinwonders.com/production/bien-thien-cam-ha-tinh-thumb.jpg
435,"https://ik.imagekit.io/tvlk/blog/2022/10/kinh-nghiem-du-lich-thien-cam-cover.jpeg?tr=dpr-1.5,h-320,q-40,w-1024"
436,"https://ik.imagekit.io/tvlk/blog/2023/06/deo-hai-van-2.jpg?tr=dpr-1.5,h-320,q-40,w-1024"
437,https://tourhue.vn/wp-content/uploads/2024/06/deo-hai-van-bia.jpg
438,https://static.vinwonders.com/2022/05/hon-chong-hon-vo-nha-trang-5-1.jpg
439,https://mia.vn/media/uploads/blog-du-lich/kham-pha-du-lich-hon-chong-voi-ve-dep-nuc-long-nguoi-1741737449.jpg
440,"https://ik.imagekit.io/tvlk/blog/2022/07/thap-ba-Ponagar-1.jpg?tr=dpr-1.5,h-320,q-40,w-1024"
441,https://static.vinwonders.com/2022/05/thap-ba-ponagar-nha-trang-8.jpg
442,https://cdn3.ivivu.com/2022/12/phố-hiến-hưng-yên-ivivu.jpg
443,https://static.vinwonders.com/production/pho-hien-hung-yen-thumb.jpg
444,https://motogo.vn/wp-content/uploads/2020/02/ttxvn_tam_chuc_15-1.jpg
445,https://dulichokela.com/wp-content/uploads/2023/12/chua-tam-chuc-ha-nam.jpg
447,"https://ik.imagekit.io/tvlk/blog/2023/10/doi-cat-mui-ne-12.jpg?tr=dpr-1.5,h-320,q-40,w-1024"
448,https://static.vinwonders.com/production/optimize_doi-cat-mui-ne-thumb.jpg
449,https://mia.vn/media/uploads/blog-du-lich/mieu-ba-chua-xu-nui-sam-chau-doc-diem-den-tam-linh-tru-danh-nam-bo-1732009768.jpg
450,https://thamhiemmekong.com/wp-content/uploads/2019/09/mieu-ba-chua-xu-nui-sam-chau-doc-an-giang.jpg
451,https://static.vinwonders.com/production/2025/09/mieu-ba-chua-xu-nui-sam-thumb.jpg
452,https://thamhiemmekong.com/wp-content/uploads/2020/03/chonoingabay-1-1.jpg
453,https://luhanhvietnam.com.vn/du-lich/vnt_upload/news/05_2021/avartchonoi._Ynh_place.jpg
454,https://thamhiemmekong.com/wp-content/uploads/2020/03/chonoinganam.jpg
455,https://cdn3.ivivu.com/2024/07/cho-noi-nga-nam-ivivu-2.jpg
456,https://mia.vn/media/uploads/blog-du-lich/vuon-quoc-gia-yokdon-diem-den-voi-nhung-trai-nghiem-kho-quen-1652505141.jpg
457,https://cdn.xanhsm.com/2024/12/8ac8c8be-vuon-quoc-gia-yok-don-thumb.jpg
458,https://luhanhvietnam.com.vn/du-lich/vnt_upload/news/05_2020/thac-dray-sap2.jpg
459,"https://ik.imagekit.io/tvlk/blog/2022/09/tham-quan-thac-dray-sap-6.jpeg?tr=dpr-1.5,h-320,q-40,w-1024"
460,https://cdn3.ivivu.com/2016/04/dao-ngoc-vung-ivivu-9.jpg
461,"https://ik.imagekit.io/tvlk/blog/2022/10/kinh-nghiem-du-lich-dao-ngoc-vung-cover.jpeg?tr=dpr-1.5,h-320,q-40,w-1024"
462,https://static.vinwonders.com/production/ban-cat-cat-thumb.jpg
463,https://cdn3.ivivu.com/2024/07/ban-cat-cat-ivivu-17.jpg
464,https://dulichokela.com/wp-content/uploads/2024/06/ban-ta-phin.jpg
465,https://motogo.vn/wp-content/uploads/2023/10/ban-ta-phin-1.jpg
466,https://mia.vn/media/uploads/blog-du-lich/den-den-tran-nam-dinh-ngam-nhin-kien-truc-chua-co-linh-thieng-1696807870.jpg
467,"https://ik.imagekit.io/tvlk/blog/2023/11/den-tran-nam-dinh-12.jpg?tr=dpr-1.5,h-320,q-40,w-1024"
468,https://thamhiemmekong.com/wp-content/uploads/2020/03/conphung-bentre.jpg
469,"https://ik.imagekit.io/tvlk/blog/2022/11/khu-du-lich-con-phung-4.jpg?tr=dpr-1.5,h-320,q-40,w-1024"
470,https://cdn.vntrip.vn/cam-nang/wp-content/uploads/2017/06/du-lich-lang-gom-bat-trang-1.jpg
471,https://cdn.xanhsm.com/2024/12/1c7c798a-lang-gom-bat-trang-ha-noi-thumb.jpg
472,https://cdn3.ivivu.com/2025/03/Vuon-quoc-gia-Pu-Mat-ivivu.jpg
473,https://static.vinwonders.com/production/vuon-quoc-gia-pu-mat-thumb.jpg
474,"https://ik.imagekit.io/tvlk/blog/2023/04/hon-kho-cover-desktop.jpg?tr=dpr-1.5,h-320,q-40,w-1024"
476,https://static.vinwonders.com/2022/05/hon-tre-nha-trang.jpg
478,https://cdn.vntrip.vn/cam-nang/wp-content/uploads/2017/11/gia-lai-4.jpg
479,https://cdn3.ivivu.com/2016/01/du-lich-buon-ma-thuot-va-nhung-dieu-ban-se-nho-khi-roi-xa-ivivu-6.jpg
480,https://mia.vn/media/uploads/blog-du-lich/den-cong-vien-van-hoa-suoi-tien-kham-pha-loat-trai-nghiem-giai-tri-an-tuong-1692621885.jpg
481,https://cdn3.ivivu.com/2023/03/KDL-Suối-Tiên-ivivu-6.jpg
482,https://cdn.xanhsm.com/2024/11/77c34ba0-bao-tang-lich-su-thanh-pho-ho-chi-minh-thumb.jpg
483,https://static.vinwonders.com/production/bao-tang-lich-su-thanh-pho-ho-chi-minh-thumb.jpg
484,https://static.vinwonders.com/2022/05/bao-tang-dieu-khac-cham.jpg
485,"https://res.klook.com/image/upload/fl_lossy.progressive,w_1200,h_630,c_fill,q_85/v1759230760/zumkhm2fpttbg68artgl.jpg"
486,https://motogo.vn/wp-content/uploads/2020/02/da-nang-thanh-pho-cua-nhung-cay-cau-07.jpg
487,https://mia.vn/media/uploads/blog-du-lich/cau-rong-bieu-tuong-van-hoa-day-song-dong-cua-thanh-pho-da-nang-1637107841.jpg
488,"https://ik.imagekit.io/tvlk/blog/2022/09/cu-lao-xanh-cover.jpg?tr=dpr-1.5,h-320,q-40,w-1024"
489,https://motogo.vn/wp-content/uploads/2020/02/cu-lao-xanh-1-1024x602-1.jpg
490,http://bizweb.dktcdn.net/thumb/grande/100/006/093/articles/thap-nhan-phu-yen-4.jpg?v=1711942038440
491,https://static.vinwonders.com/production/Thap-Nhan-Phu-Yen-thumb.jpeg
492,https://cdn3.ivivu.com/2023/05/mai-chau-lodge-hoa-binh-ivivu-7-1024x6831.jpg
493,https://mia.vn/media/uploads/blog-du-lich/kham-pha-mai-chau-hoa-binh-co-gi-cung-mia-vn-1681688466.jpg
494,https://mia.vn/media/uploads/blog-du-lich/kham-pha-nha-tho-go-kon-tum-voi-tuoi-doi-hon-100-nam-1658868439.jpg
495,https://cdn3.ivivu.com/2024/10/nha-tho-go-kontum-ivivu-9.jpg
497,https://upload.wikimedia.org/wikipedia/commons/0/06/Sunset_in_Ha_Nam%2C_Vietnam.jpg
