Document 1,Document 2,Similarity
115.txt,53.txt,0.586
115.txt,54.txt,0.531
115.txt,80.txt,0.648
130.txt,159.txt,0.703
130.txt,181.txt,0.812
130.txt,185.txt,0.844
130.txt,194.txt,0.656
130.txt,197.txt,0.703
130.txt,206.txt,0.875
130.txt,208.txt,0.836
130.txt,263.txt,0.664
142.txt,340.txt,0.531
151.txt,310.txt,1.0
151.txt,496.txt,0.969
155.txt,239.txt,1.0
157.txt,241.txt,1.0
158.txt,243.txt,0.945
159.txt,181.txt,0.695
159.txt,185.txt,0.711
159.txt,194.txt,0.836
159.txt,197.txt,0.891
159.txt,206.txt,0.719
159.txt,208.txt,0.711
159.txt,263.txt,0.875
160.txt,246.txt,0.992
162.txt,250.txt,0.961
163.txt,252.txt,0.953
169.txt,184.txt,0.562
173.txt,258.txt,1.0
175.txt,184.txt,0.516
176.txt,195.txt,0.625
176.txt,215.txt,0.836
176.txt,223.txt,0.844
176.txt,231.txt,0.844
176.txt,233.txt,0.828
176.txt,240.txt,0.883
176.txt,244.txt,0.656
176.txt,245.txt,0.805
176.txt,249.txt,0.852
176.txt,264.txt,0.633
176.txt,268.txt,0.844
176.txt,274.txt,0.844
176.txt,287.txt,0.828
176.txt,290.txt,0.82
176.txt,293.txt,0.836
176.txt,305.txt,0.82
176.txt,311.txt,0.844
176.txt,315.txt,0.82
176.txt,332.txt,0.852
176.txt,336.txt,0.852
176.txt,351.txt,0.805
176.txt,352.txt,0.82
176.txt,354.txt,0.812
176.txt,361.txt,0.828
176.txt,375.txt,0.836
176.txt,385.txt,0.875
176.txt,413.txt,0.797
176.txt,416.txt,0.812
176.txt,419.txt,0.852
176.txt,475.txt,0.812
176.txt,477.txt,0.836
181.txt,185.txt,0.797
181.txt,194.txt,0.656
181.txt,197.txt,0.695
181.txt,206.txt,0.844
181.txt,208.txt,0.828
181.txt,263.txt,0.672
183.txt,277.txt,1.0
184.txt,279.txt,0.875
185.txt,194.txt,0.656
185.txt,197.txt,0.711
185.txt,206.txt,0.859
185.txt,208.txt,0.82
185.txt,263.txt,0.68
186.txt,254.txt,0.984
187.txt,255.txt,1.0
190.txt,260.txt,0.984
191.txt,261.txt,1.0
192.txt,265.txt,0.516
192.txt,267.txt,0.523
194.txt,197.txt,0.828
194.txt,206.txt,0.688
194.txt,208.txt,0.672
194.txt,263.txt,0.82
195.txt,215.txt,0.633
195.txt,223.txt,0.633
195.txt,231.txt,0.625
195.txt,233.txt,0.625
195.txt,240.txt,0.672
195.txt,244.txt,0.773
195.txt,245.txt,0.617
195.txt,249.txt,0.656
195.txt,264.txt,0.734
195.txt,268.txt,0.633
195.txt,274.txt,0.641
195.txt,287.txt,0.602
195.txt,290.txt,0.648
195.txt,293.txt,0.617
195.txt,305.txt,0.602
195.txt,311.txt,0.641
195.txt,315.txt,0.633
195.txt,332.txt,0.625
195.txt,336.txt,0.625
195.txt,351.txt,0.594
195.txt,352.txt,0.633
195.txt,354.txt,0.578
195.txt,361.txt,0.633
195.txt,375.txt,0.641
195.txt,385.txt,0.641
195.txt,413.txt,0.609
195.txt,416.txt,0.617
195.txt,419.txt,0.641
195.txt,475.txt,0.641
195.txt,477.txt,0.625
196.txt,269.txt,1.0
197.txt,206.txt,0.711
197.txt,208.txt,0.703
197.txt,263.txt,0.867
198.txt,209.txt,0.93
201.txt,205.txt,0.641
201.txt,207.txt,0.578
205.txt,207.txt,0.617
206.txt,208.txt,0.875
206.txt,263.txt,0.688
208.txt,263.txt,0.672
215.txt,223.txt,0.828
215.txt,231.txt,0.828
215.txt,233.txt,0.828
215.txt,240.txt,0.844
215.txt,244.txt,0.672
215.txt,245.txt,0.773
215.txt,249.txt,0.844
215.txt,264.txt,0.633
215.txt,268.txt,0.82
215.txt,274.txt,0.812
215.txt,287.txt,0.805
215.txt,290.txt,0.797
215.txt,293.txt,0.828
215.txt,305.txt,0.805
215.txt,311.txt,0.82
215.txt,315.txt,0.797
215.txt,332.txt,0.836
215.txt,336.txt,0.828
215.txt,351.txt,0.797
215.txt,352.txt,0.805
215.txt,354.txt,0.789
215.txt,361.txt,0.812
215.txt,375.txt,0.812
215.txt,385.txt,0.852
215.txt,413.txt,0.773
215.txt,416.txt,0.805
215.txt,419.txt,0.844
215.txt,475.txt,0.797
215.txt,477.txt,0.805
216.txt,273.txt,1.0
223.txt,231.txt,0.844
223.txt,233.txt,0.82
223.txt,240.txt,0.859
223.txt,244.txt,0.656
223.txt,245.txt,0.797
223.txt,249.txt,0.836
223.txt,264.txt,0.641
223.txt,268.txt,0.844
223.txt,274.txt,0.82
223.txt,287.txt,0.805
223.txt,290.txt,0.82
223.txt,293.txt,0.82
223.txt,305.txt,0.805
223.txt,311.txt,0.844
223.txt,315.txt,0.828
223.txt,332.txt,0.844
223.txt,336.txt,0.836
223.txt,351.txt,0.82
223.txt,352.txt,0.836
223.txt,354.txt,0.789
223.txt,361.txt,0.812
223.txt,375.txt,0.828
223.txt,385.txt,0.859
223.txt,413.txt,0.789
223.txt,416.txt,0.828
223.txt,419.txt,0.852
223.txt,475.txt,0.82
223.txt,477.txt,0.828
228.txt,285.txt,1.0
230.txt,282.txt,1.0
231.txt,233.txt,0.828
231.txt,240.txt,0.852
231.txt,244.txt,0.656
231.txt,245.txt,0.805
231.txt,249.txt,0.836
231.txt,264.txt,0.633
231.txt,268.txt,0.836
231.txt,274.txt,0.828
231.txt,287.txt,0.812
231.txt,290.txt,0.812
231.txt,293.txt,0.828
231.txt,305.txt,0.805
231.txt,311.txt,0.836
231.txt,315.txt,0.82
231.txt,332.txt,0.852
231.txt,336.txt,0.828
231.txt,351.txt,0.805
231.txt,352.txt,0.844
231.txt,354.txt,0.789
231.txt,361.txt,0.805
231.txt,375.txt,0.82
231.txt,385.txt,0.852
231.txt,413.txt,0.789
231.txt,416.txt,0.812
231.txt,419.txt,0.859
231.txt,475.txt,0.82
231.txt,477.txt,0.828
233.txt,240.txt,0.844
233.txt,244.txt,0.656
233.txt,245.txt,0.805
233.txt,249.txt,0.836
233.txt,264.txt,0.617
233.txt,268.txt,0.805
233.txt,274.txt,0.82
233.txt,287.txt,0.797
233.txt,290.txt,0.797
233.txt,293.txt,0.812
233.txt,305.txt,0.805
233.txt,311.txt,0.812
233.txt,315.txt,0.805
233.txt,332.txt,0.836
233.txt,336.txt,0.828
233.txt,351.txt,0.797
233.txt,352.txt,0.812
233.txt,354.txt,0.773
233.txt,361.txt,0.805
233.txt,375.txt,0.805
233.txt,385.txt,0.836
233.txt,413.txt,0.766
233.txt,416.txt,0.812
233.txt,419.txt,0.836
233.txt,475.txt,0.805
233.txt,477.txt,0.805
240.txt,244.txt,0.672
240.txt,245.txt,0.82
240.txt,249.txt,0.859
240.txt,264.txt,0.656
240.txt,268.txt,0.852
240.txt,274.txt,0.859
240.txt,287.txt,0.836
240.txt,290.txt,0.859
240.txt,293.txt,0.844
240.txt,305.txt,0.82
240.txt,311.txt,0.867
240.txt,315.txt,0.836
240.txt,332.txt,0.867
240.txt,336.txt,0.852
240.txt,351.txt,0.828
240.txt,352.txt,0.836
240.txt,354.txt,0.805
240.txt,361.txt,0.852
240.txt,375.txt,0.852
240.txt,385.txt,0.883
240.txt,413.txt,0.812
240.txt,416.txt,0.836
240.txt,419.txt,0.875
240.txt,475.txt,0.844
240.txt,477.txt,0.836
244.txt,245.txt,0.641
244.txt,249.txt,0.688
244.txt,264.txt,0.781
244.txt,268.txt,0.656
244.txt,274.txt,0.656
244.txt,287.txt,0.641
244.txt,290.txt,0.656
244.txt,293.txt,0.641
244.txt,305.txt,0.641
244.txt,311.txt,0.648
244.txt,315.txt,0.656
244.txt,332.txt,0.656
244.txt,336.txt,0.648
244.txt,351.txt,0.625
244.txt,352.txt,0.68
244.txt,354.txt,0.633
244.txt,361.txt,0.648
244.txt,375.txt,0.664
244.txt,385.txt,0.68
244.txt,413.txt,0.617
244.txt,416.txt,0.648
244.txt,419.txt,0.664
244.txt,475.txt,0.672
244.txt,477.txt,0.641
245.txt,249.txt,0.797
245.txt,264.txt,0.609
245.txt,268.txt,0.797
245.txt,274.txt,0.789
245.txt,287.txt,0.758
245.txt,290.txt,0.789
245.txt,293.txt,0.797
245.txt,305.txt,0.766
245.txt,311.txt,0.789
245.txt,315.txt,0.797
245.txt,332.txt,0.797
245.txt,336.txt,0.789
245.txt,351.txt,0.75
245.txt,352.txt,0.781
245.txt,354.txt,0.75
245.txt,361.txt,0.766
245.txt,375.txt,0.789
245.txt,385.txt,0.812
245.txt,413.txt,0.773
245.txt,416.txt,0.789
245.txt,419.txt,0.805
245.txt,475.txt,0.789
245.txt,477.txt,0.797
249.txt,264.txt,0.656
249.txt,268.txt,0.828
249.txt,274.txt,0.836
249.txt,287.txt,0.828
249.txt,290.txt,0.82
249.txt,293.txt,0.82
249.txt,305.txt,0.82
249.txt,311.txt,0.836
249.txt,315.txt,0.82
249.txt,332.txt,0.836
249.txt,336.txt,0.844
249.txt,351.txt,0.805
249.txt,352.txt,0.836
249.txt,354.txt,0.789
249.txt,361.txt,0.812
249.txt,375.txt,0.836
249.txt,385.txt,0.859
249.txt,413.txt,0.781
249.txt,416.txt,0.82
249.txt,419.txt,0.844
249.txt,475.txt,0.812
249.txt,477.txt,0.828
264.txt,268.txt,0.633
264.txt,274.txt,0.648
264.txt,287.txt,0.609
264.txt,290.txt,0.641
264.txt,293.txt,0.633
264.txt,305.txt,0.594
264.txt,311.txt,0.641
264.txt,315.txt,0.641
264.txt,332.txt,0.633
264.txt,336.txt,0.633
264.txt,351.txt,0.586
264.txt,352.txt,0.664
264.txt,354.txt,0.586
264.txt,361.txt,0.633
264.txt,375.txt,0.641
264.txt,385.txt,0.656
264.txt,413.txt,0.594
264.txt,416.txt,0.633
264.txt,419.txt,0.648
264.txt,475.txt,0.656
264.txt,477.txt,0.617
268.txt,274.txt,0.844
268.txt,287.txt,0.805
268.txt,290.txt,0.82
268.txt,293.txt,0.828
268.txt,305.txt,0.812
268.txt,311.txt,0.82
268.txt,315.txt,0.812
268.txt,332.txt,0.844
268.txt,336.txt,0.828
268.txt,351.txt,0.82
268.txt,352.txt,0.812
268.txt,354.txt,0.805
268.txt,361.txt,0.812
268.txt,375.txt,0.812
268.txt,385.txt,0.844
268.txt,413.txt,0.781
268.txt,416.txt,0.812
268.txt,419.txt,0.867
268.txt,475.txt,0.812
268.txt,477.txt,0.812
274.txt,287.txt,0.82
274.txt,290.txt,0.812
274.txt,293.txt,0.836
274.txt,305.txt,0.812
274.txt,311.txt,0.836
274.txt,315.txt,0.812
274.txt,332.txt,0.852
274.txt,336.txt,0.836
274.txt,351.txt,0.789
274.txt,352.txt,0.828
274.txt,354.txt,0.789
274.txt,361.txt,0.805
274.txt,375.txt,0.828
274.txt,385.txt,0.844
274.txt,413.txt,0.789
274.txt,416.txt,0.828
274.txt,419.txt,0.859
274.txt,475.txt,0.82
274.txt,477.txt,0.812
287.txt,290.txt,0.797
287.txt,293.txt,0.812
287.txt,305.txt,0.781
287.txt,311.txt,0.812
287.txt,315.txt,0.781
287.txt,332.txt,0.82
287.txt,336.txt,0.812
287.txt,351.txt,0.781
287.txt,352.txt,0.797
287.txt,354.txt,0.781
287.txt,361.txt,0.781
287.txt,375.txt,0.797
287.txt,385.txt,0.836
287.txt,413.txt,0.766
287.txt,416.txt,0.789
287.txt,419.txt,0.82
287.txt,475.txt,0.789
287.txt,477.txt,0.805
290.txt,293.txt,0.812
290.txt,305.txt,0.773
290.txt,311.txt,0.82
290.txt,315.txt,0.797
290.txt,332.txt,0.828
290.txt,336.txt,0.812
290.txt,351.txt,0.797
290.txt,352.txt,0.805
290.txt,354.txt,0.766
290.txt,361.txt,0.797
290.txt,375.txt,0.789
290.txt,385.txt,0.836
290.txt,413.txt,0.781
290.txt,416.txt,0.805
290.txt,419.txt,0.828
290.txt,475.txt,0.812
290.txt,477.txt,0.805
293.txt,305.txt,0.797
293.txt,311.txt,0.828
293.txt,315.txt,0.789
293.txt,332.txt,0.828
293.txt,336.txt,0.836
293.txt,351.txt,0.797
293.txt,352.txt,0.812
293.txt,354.txt,0.805
293.txt,361.txt,0.805
293.txt,375.txt,0.82
293.txt,385.txt,0.844
293.txt,413.txt,0.773
293.txt,416.txt,0.805
293.txt,419.txt,0.852
293.txt,475.txt,0.812
293.txt,477.txt,0.82
298.txt,378.txt,0.633
305.txt,311.txt,0.797
305.txt,315.txt,0.781
305.txt,332.txt,0.828
305.txt,336.txt,0.812
305.txt,351.txt,0.781
305.txt,352.txt,0.789
305.txt,354.txt,0.789
305.txt,361.txt,0.797
305.txt,375.txt,0.797
305.txt,385.txt,0.828
305.txt,413.txt,0.758
305.txt,416.txt,0.797
305.txt,419.txt,0.828
305.txt,475.txt,0.781
305.txt,477.txt,0.789
310.txt,496.txt,0.969
311.txt,315.txt,0.805
311.txt,332.txt,0.844
311.txt,336.txt,0.82
311.txt,351.txt,0.805
311.txt,352.txt,0.812
311.txt,354.txt,0.797
311.txt,361.txt,0.812
311.txt,375.txt,0.82
311.txt,385.txt,0.844
311.txt,413.txt,0.766
311.txt,416.txt,0.797
311.txt,419.txt,0.852
311.txt,475.txt,0.812
311.txt,477.txt,0.836
315.txt,332.txt,0.836
315.txt,336.txt,0.805
315.txt,351.txt,0.773
315.txt,352.txt,0.812
315.txt,354.txt,0.758
315.txt,361.txt,0.789
315.txt,375.txt,0.797
315.txt,385.txt,0.828
315.txt,413.txt,0.773
315.txt,416.txt,0.789
315.txt,419.txt,0.828
315.txt,475.txt,0.812
315.txt,477.txt,0.789
332.txt,336.txt,0.844
332.txt,351.txt,0.82
332.txt,352.txt,0.828
332.txt,354.txt,0.805
332.txt,361.txt,0.82
332.txt,375.txt,0.828
332.txt,385.txt,0.875
332.txt,413.txt,0.805
332.txt,416.txt,0.828
332.txt,419.txt,0.875
332.txt,475.txt,0.828
332.txt,477.txt,0.82
336.txt,351.txt,0.797
336.txt,352.txt,0.828
336.txt,354.txt,0.805
336.txt,361.txt,0.812
336.txt,375.txt,0.82
336.txt,385.txt,0.867
336.txt,413.txt,0.789
336.txt,416.txt,0.828
336.txt,419.txt,0.844
336.txt,475.txt,0.82
336.txt,477.txt,0.828
351.txt,352.txt,0.797
351.txt,354.txt,0.789
351.txt,361.txt,0.789
351.txt,375.txt,0.789
351.txt,385.txt,0.82
351.txt,413.txt,0.758
351.txt,416.txt,0.789
351.txt,419.txt,0.828
351.txt,475.txt,0.781
351.txt,477.txt,0.773
352.txt,354.txt,0.781
352.txt,361.txt,0.789
352.txt,375.txt,0.812
352.txt,385.txt,0.836
352.txt,413.txt,0.781
352.txt,416.txt,0.812
352.txt,419.txt,0.836
352.txt,475.txt,0.82
352.txt,477.txt,0.797
354.txt,361.txt,0.781
354.txt,375.txt,0.805
354.txt,385.txt,0.805
354.txt,413.txt,0.734
354.txt,416.txt,0.781
354.txt,419.txt,0.828
354.txt,475.txt,0.781
354.txt,477.txt,0.781
361.txt,375.txt,0.82
361.txt,385.txt,0.836
361.txt,413.txt,0.766
361.txt,416.txt,0.805
361.txt,419.txt,0.82
361.txt,475.txt,0.797
361.txt,477.txt,0.781
375.txt,385.txt,0.836
375.txt,413.txt,0.789
375.txt,416.txt,0.828
375.txt,419.txt,0.852
375.txt,475.txt,0.789
375.txt,477.txt,0.797
385.txt,413.txt,0.812
385.txt,416.txt,0.844
385.txt,419.txt,0.867
385.txt,475.txt,0.844
385.txt,477.txt,0.844
412.txt,80.txt,0.547
413.txt,416.txt,0.797
413.txt,419.txt,0.805
413.txt,475.txt,0.758
413.txt,477.txt,0.781
416.txt,419.txt,0.828
416.txt,475.txt,0.812
416.txt,477.txt,0.805
419.txt,475.txt,0.828
419.txt,477.txt,0.828
475.txt,477.txt,0.805
53.txt,54.txt,0.562
53.txt,80.txt,0.672
54.txt,80.txt,0.547
58.txt,59.txt,1.0
89.txt,92.txt,0.508
