title,url,source_file
Cẩm nang du lịch An Giang 2024: 12 địa điểm vui chơi phải trải nghiệm,https://vnexpress.net/cam-nang-du-lich-an-giang-4445399.html,0.html
"Cẩm nang Du lịch Bà Nà Hills 2025 từ A-Z: Di chuyển, ăn chơi, thăm quan, đặc sản... mới nhất",https://vnexpress.net/cam-nang-du-lich-ba-na-hills-4866205.html,1.html
"Cẩm nang Du lịch Bà Nà Hills 2025 từ A-Z: Di chuyển, ăn chơi, thăm quan, đặc sản... mới nhất",https://vnexpress.net/cam-nang-du-lich-da-nang-4470111.html,1.html
"Cẩm nang Du lịch BÌNH LIÊU 2025 từ A-Z: lưu trú, ăn chơi, đặc sản... mới nhất",https://vnexpress.net/cam-nang-du-lich-binh-lieu-4473563.html,10.html
"Cẩm nang Du lịch BÌNH LIÊU 2025 từ A-Z: lưu trú, ăn chơi, đặc sản... mới nhất",https://vnexpress.net/cam-nang-du-lich-quang-ninh-4479287.html,10.html
"Kinh nghiệm du lịch Sa Pa 2025 từ A-Z: di chuyển, ăn chơi, lưu trú...",https://vnexpress.net/cam-nang-du-lich-sa-pa-4108517.html,100.html
"Cẩm nang Du lịch Trà Vinh 2025 từ A-Z: Di chuyển, ăn chơi, thăm quan, đặc sản... mới nhất",https://vnexpress.net/cam-nang-du-lich-tra-vinh-4821602.html,101.html
"Cẩm nang Du lịch Tuyên Quang 2024, top 14 địa điểm phải trải nghiệm",https://vnexpress.net/cam-nang-du-lich-tuyen-quang-4691524.html,104.html
"Cẩm nang Du lịch Rừng tràm Trà Sư 2024 từ A-Z: Di chuyển, ăn chơi, thăm quan, đặc sản... mới nhất",https://vnexpress.net/cam-nang-du-lich-an-giang-4445399.html,105.html
"Cẩm nang Du lịch Rừng tràm Trà Sư 2024 từ A-Z: Di chuyển, ăn chơi, thăm quan, đặc sản... mới nhất",https://vnexpress.net/cam-nang-du-lich-rung-tram-tra-su-4665214.html,105.html
"Cẩm nang Du lịch Tà Xùa 2025 từ A-Z: Di chuyển, ăn chơi, thăm quan, đặc sản... mới nhất",https://vnexpress.net/cam-nang-du-lich-son-la-4720798.html,106.html
"Cẩm nang Du lịch Tà Xùa 2025 từ A-Z: Di chuyển, ăn chơi, thăm quan, đặc sản... mới nhất",https://vnexpress.net/cam-nang-du-lich-ta-xua-4656282.html,106.html
"Cẩm nang Du lịch Trạm Tấu 2025 từ A-Z: Di chuyển, ăn chơi, thăm quan, đặc sản... mới nhất",https://vnexpress.net/cam-nang-du-lich-tu-le-4472621.html,107.html
"Cẩm nang Du lịch Trạm Tấu 2025 từ A-Z: Di chuyển, ăn chơi, thăm quan, đặc sản... mới nhất",https://vnexpress.net/cam-nang-du-lich-yen-bai-4701574.html,107.html
"Cẩm nang Du lịch Trạm Tấu 2025 từ A-Z: Di chuyển, ăn chơi, thăm quan, đặc sản... mới nhất",https://vnexpress.net/cam-nang-du-lich-tram-tau-4645565.html,107.html
"Cẩm nang Du lịch Trạm Tấu 2025 từ A-Z: Di chuyển, ăn chơi, thăm quan, đặc sản... mới nhất",https://vnexpress.net/cam-nang-du-lich-mu-cang-chai-4158151.html,107.html
Cẩm nang 10 địa điểm Du lịch Thái Nguyên phải trải nghiệm 2023,https://vnexpress.net/cam-nang-du-lich-thai-nguyen-4613586.html,108.html
"Cẩm nang Du lịch Sài Gòn 2025 từ A-Z: Di chuyển, ăn chơi, thăm quan, đặc sản... mới nhất",https://vnexpress.net/goi-y-an-choi-o-pho-di-bo-nguyen-hue-4632658.html,109.html
"Cẩm nang Du lịch Sài Gòn 2025 từ A-Z: Di chuyển, ăn chơi, thăm quan, đặc sản... mới nhất",https://vnexpress.net/cam-nang-du-lich-tp-hcm-4608205.html,109.html
"Cẩm nang Du lịch Sài Gòn 2025 từ A-Z: Di chuyển, ăn chơi, thăm quan, đặc sản... mới nhất",https://vnexpress.net/cam-nang-du-lich-can-gio-4673430.html,109.html
"Cẩm nang Du lịch Sài Gòn 2025 từ A-Z: Di chuyển, ăn chơi, thăm quan, đặc sản... mới nhất",https://vnexpress.net/cam-nang-du-lich-dinh-doc-lap-4875331.html,109.html
"Cẩm nang Du lịch Sài Gòn 2025 từ A-Z: Di chuyển, ăn chơi, thăm quan, đặc sản... mới nhất",https://vnexpress.net/cam-nang-du-lich-mot-ngay-kham-pha-dia-dao-cu-chi-4873164.html,109.html
"Cẩm nang Du lịch BÀ VÌ 2024 từ A-Z: lưu trú, ăn chơi, đặc sản... mới nhất",https://vnexpress.net/cam-nang-du-lich-da-lat-4455699.html,11.html
"Cẩm nang Du lịch BÀ VÌ 2024 từ A-Z: lưu trú, ăn chơi, đặc sản... mới nhất",https://vnexpress.net/cam-nang-du-lich-ha-noi-4459188.html,11.html
"Cẩm nang Du lịch BÀ VÌ 2024 từ A-Z: lưu trú, ăn chơi, đặc sản... mới nhất",https://vnexpress.net/cam-nang-du-lich-tam-dao-4454746.html,11.html
"Cẩm nang Du lịch BÀ VÌ 2024 từ A-Z: lưu trú, ăn chơi, đặc sản... mới nhất",https://vnexpress.net/cam-nang-du-lich-ba-vi-4468415.html,11.html
"Cẩm nang Du lịch BÀ VÌ 2024 từ A-Z: lưu trú, ăn chơi, đặc sản... mới nhất",https://vnexpress.net/cam-nang-du-lich-sa-pa-4108517.html,11.html
Cẩm nang Du lịch Thanh Hoá 2024: Top 10 địa điểm phải trải nghiệm,https://vnexpress.net/cam-nang-du-lich-thanh-hoa-4607348.html,110.html
Cẩm nang Du lịch Thanh Hoá 2024: Top 10 địa điểm phải trải nghiệm,https://vnexpress.net/cam-nang-du-lich-bien-sam-son-4471606.html,110.html
Cẩm nang Du lịch Thanh Hoá 2024: Top 10 địa điểm phải trải nghiệm,https://vnexpress.net/cam-nang-du-lich-pu-luong-4153045.html,110.html
"Kinh nghiệm Du lịch TÚ LỆ 2025 từ A-Z: lưu trú, ăn chơi, đặc sản... mới nhất",https://vnexpress.net/cam-nang-du-lich-tu-le-4472621.html,111.html
"Kinh nghiệm Du lịch TÚ LỆ 2025 từ A-Z: lưu trú, ăn chơi, đặc sản... mới nhất",https://vnexpress.net/cam-nang-du-lich-yen-bai-4701574.html,111.html
"Kinh nghiệm Du lịch TÚ LỆ 2025 từ A-Z: lưu trú, ăn chơi, đặc sản... mới nhất",https://vnexpress.net/cam-nang-du-lich-mu-cang-chai-4158151.html,111.html
Hai ngày thăm Tam Cốc - Bích Động mùa lúa chín - Báo VnExpress Du lịch,https://vnexpress.net/cam-nang-du-lich-ninh-binh-4127327.html,112.html
Hai ngày thăm Tam Cốc - Bích Động mùa lúa chín - Báo VnExpress Du lịch,https://vnexpress.net/hai-ngay-tham-tam-coc-mua-lua-chin-4467480.html,112.html
"Kinh nghiệm Du lịch Tam Đảo 2025 từ A-Z: di chuyển, lưu trú, ăn chơi... mới nhất",https://vnexpress.net/cam-nang-du-lich-vinh-phuc-4462114.html,113.html
"Kinh nghiệm Du lịch Tam Đảo 2025 từ A-Z: di chuyển, lưu trú, ăn chơi... mới nhất",https://vnexpress.net/cam-nang-du-lich-tam-dao-4454746.html,113.html
"Cẩm nang du lịch Huế 2025 từ A-Z: di chuyển, ăn chơi, lưu trú...",https://vnexpress.net/cam-nang-du-lich-lang-co-4625414.html,114.html
"Cẩm nang du lịch Huế 2025 từ A-Z: di chuyển, ăn chơi, lưu trú...",https://vnexpress.net/cam-nang-du-lich-vuon-quoc-gia-bach-ma-4817811.html,114.html
"Cẩm nang du lịch Huế 2025 từ A-Z: di chuyển, ăn chơi, lưu trú...",https://vnexpress.net/cam-nang-du-lich-hue-4126937.html,114.html
"Cẩm nang Du lịch Vườn quốc gia Pù Mát 2025 từ A-Z: Di chuyển, ăn chơi, thăm quan, đặc sản... mới nhất",https://vnexpress.net/cam-nang-du-lich-vuon-quoc-gia-pu-mat-4858184.html,116.html
"Cẩm nang Du lịch Vườn quốc gia Pù Mát 2025 từ A-Z: Di chuyển, ăn chơi, thăm quan, đặc sản... mới nhất",https://vnexpress.net/cam-nang-du-lich-nghe-an-4455646.html,116.html
"Cẩm nang Du lịch Vườn quốc gia Bạch Mã 2025 từ A-Z: Di chuyển, ăn chơi, thăm quan, đặc sản... mới nhất",https://vnexpress.net/cam-nang-du-lich-vuon-quoc-gia-bach-ma-4817811.html,117.html
"Cẩm nang Du lịch Vườn quốc gia Bạch Mã 2025 từ A-Z: Di chuyển, ăn chơi, thăm quan, đặc sản... mới nhất",https://vnexpress.net/cam-nang-du-lich-hue-4126937.html,117.html
"Cẩm nang Vườn Quốc gia Cúc Phương 2025 từ A-Z: Di chuyển, ăn chơi, thăm quan, đặc sản... mới nhất",https://vnexpress.net/cam-nang-du-lich-vuon-quoc-gia-cuc-phuong-4779568.html,118.html
"Cẩm nang Du lịch VQG Cát Tiên 2025: Di chuyển, các dịch vụ, tham quan, ăn uống... mới nhất",https://vnexpress.net/cam-nang-du-lich-dong-nai-4811218.html,119.html
"Cẩm nang Du lịch VQG Cát Tiên 2025: Di chuyển, các dịch vụ, tham quan, ăn uống... mới nhất",https://vnexpress.net/cam-nang-du-lich-vuon-quoc-gia-cat-tien-4775984.html,119.html
Cẩm nang Du lịch BẮC NINH 2024 từ A-Z: Top 7 điểm đến phải trải nghiệm,https://vnexpress.net/cam-nang-du-lich-bac-ninh-4462126.html,12.html
"Cẩm nang Du lịch Vĩnh Long 2024, top 13 địa điểm phải trải nghiệm",https://vnexpress.net/cam-nang-du-lich-vinh-long-4698188.html,120.html
"Du lịch Vịnh Hạ Long 2025: Cẩm nang từ A-Z, Review, Kinh nghiệm di chuyển, ăn chơi, thăm quan, đặc sản... mới nhất",https://vnexpress.net/cam-nang-du-lich-ha-long-4457134.html,122.html
"Du lịch Vịnh Hạ Long 2025: Cẩm nang từ A-Z, Review, Kinh nghiệm di chuyển, ăn chơi, thăm quan, đặc sản... mới nhất",https://vnexpress.net/cam-nang-du-lich-vinh-ha-long-4626380.html,122.html
"Du lịch Vịnh Hạ Long 2025: Cẩm nang từ A-Z, Review, Kinh nghiệm di chuyển, ăn chơi, thăm quan, đặc sản... mới nhất",https://vnexpress.net/cam-nang-du-lich-quang-ninh-4479287.html,122.html
"Cẩm nang Du lịch VŨNG TÀU 2025 từ A-Z: lưu trú, ăn chơi, đặc sản... mới nhất",https://vnexpress.net/cam-nang-du-lich-ba-ria-vung-tau-4479713.html,123.html
"Cẩm nang Du lịch VŨNG TÀU 2025 từ A-Z: lưu trú, ăn chơi, đặc sản... mới nhất",https://vnexpress.net/cam-nang-du-lich-vung-tau-4476318.html,123.html
Cẩm nang Du lịch VĨNH PHÚC 2024 từ A-Z: Top 8 địa điểm phải đến,https://vnexpress.net/cam-nang-du-lich-vinh-phuc-4462114.html,124.html
Cẩm nang Du lịch VĨNH PHÚC 2024 từ A-Z: Top 8 địa điểm phải đến,https://vnexpress.net/cam-nang-du-lich-tam-dao-4454746.html,124.html
Cẩm nang Du lịch VĨNH PHÚC 2024 từ A-Z: Top 8 địa điểm phải đến,https://vnexpress.net/cam-nang-du-lich-dai-lai-4609900.html,124.html
48 giờ ở Y Tý - Báo VnExpress Du lịch,https://vnexpress.net/48-gio-o-y-ty-4807822.html,125.html
"Cẩm nang Du lịch Yên Bái 2024 từ A-Z: Di chuyển, ăn chơi, thăm quan, đặc sản... mới nhất",https://vnexpress.net/cam-nang-du-lich-tu-le-4472621.html,126.html
"Cẩm nang Du lịch Yên Bái 2024 từ A-Z: Di chuyển, ăn chơi, thăm quan, đặc sản... mới nhất",https://vnexpress.net/cam-nang-du-lich-yen-bai-4701574.html,126.html
"Cẩm nang Du lịch Yên Bái 2024 từ A-Z: Di chuyển, ăn chơi, thăm quan, đặc sản... mới nhất",https://vnexpress.net/cam-nang-du-lich-ta-xua-4656282.html,126.html
"Cẩm nang Du lịch Yên Bái 2024 từ A-Z: Di chuyển, ăn chơi, thăm quan, đặc sản... mới nhất",https://vnexpress.net/cam-nang-du-lich-tram-tau-4645565.html,126.html
"Cẩm nang Du lịch Yên Bái 2024 từ A-Z: Di chuyển, ăn chơi, thăm quan, đặc sản... mới nhất",https://vnexpress.net/cam-nang-du-lich-mu-cang-chai-4158151.html,126.html
"Du Lịch đảo BÌNH BA 2022 kinh nghiệm từ A-Z: chi tiết di chuyển, ăn chơi, lưu trú...",https://vnexpress.net/cam-nang-du-lich-khanh-hoa-4759133.html,13.html
"Du Lịch đảo BÌNH BA 2022 kinh nghiệm từ A-Z: chi tiết di chuyển, ăn chơi, lưu trú...",https://vnexpress.net/cam-nang-du-lich-binh-ba-4449076.html,13.html
Phố Cổ Hội An - Thành phố cổ đẹp hàng đầu Châu Á - Vntrip.vn,https://www.vntrip.vn/cam-nang/du-lich-pho-co-hoi-an-net-dep-van-hoa-truyen-thong-695,131.html
Quần thể danh thắng Tràng An với vẻ đẹp hùng vĩ ấn tượng,https://mia.vn/cam-nang-du-lich/co-do-hoa-lu-dau-an-vang-son-cua-mot-thoi-dan-toc-oai-hung-3001,135.html
Cẩm nang du lịch BẠC LIÊU 2024: top 11 địa điểm vui chơi phải đến,https://vnexpress.net/cam-nang-du-lich-bac-lieu-4447282.html,14.html
Cẩm nang du lịch BẾN TRE 2024: TOP 12 địa điểm phải đến cho du khách,https://vnexpress.net/cam-nang-du-lich-ben-tre-4447138.html,15.html
"Cẩm nang du lịch Buôn Ma Thuột 2024 từ A-Z: đi lại, ăn chơi, lưu trú... mới nhất",https://vnexpress.net/cam-nang-du-lich-dak-lak-4453797.html,16.html
"Cẩm nang du lịch Buôn Ma Thuột 2024 từ A-Z: đi lại, ăn chơi, lưu trú... mới nhất",https://vnexpress.net/cam-nang-du-lich-buon-ma-thuot-4190200.html,16.html
"Cẩm nang Du lịch Chùa Bái Đính 2025 từ A-Z: Di chuyển, ăn chơi, thăm quan, đặc sản... mới nhất",https://vnexpress.net/cam-nang-du-lich-ninh-binh-4127327.html,17.html
"Cẩm nang Du lịch Chùa Bái Đính 2025 từ A-Z: Di chuyển, ăn chơi, thăm quan, đặc sản... mới nhất",https://vnexpress.net/cam-nang-du-lich-chua-bai-dinh-4833152.html,17.html
Đồi chè Mộc Châu tựa tiên cảnh trong sương sớm - Báo VnExpress Du lịch,https://vnexpress.net/cam-nang-du-lich-moc-chau-4098678.html,173.html
Đồi chè Mộc Châu tựa tiên cảnh trong sương sớm - Báo VnExpress Du lịch,https://vnexpress.net/cam-nang-du-lich-son-la-4720798.html,173.html
"Cẩm nang Du lịch chùa Tam Chúc 2025 từ A-Z: Di chuyển, ăn chơi, thăm quan, đặc sản... mới nhất",https://vnexpress.net/cam-nang-du-lich-ha-nam-4462234.html,18.html
"Cẩm nang Du lịch chùa Tam Chúc 2025 từ A-Z: Di chuyển, ăn chơi, thăm quan, đặc sản... mới nhất",https://vnexpress.net/cam-nang-du-lich-tam-chuc-4822957.html,18.html
Núi Hàm Rồng Sapa - Ngọn núi hình đầu rồng nổi tiếng của thành phố mờ sương,https://mia.vn/cam-nang-du-lich/nui-ham-rong-sapa-ngon-nui-hinh-dau-rong-noi-tieng-cua-thanh-pho-mo-suong-468,188.html
Đường lên cổng trời Sapa - Nơi thiên đường trong mây đại ngàn,https://mia.vn/cam-nang-du-lich/nui-ham-rong-sapa-ngon-nui-hinh-dau-rong-noi-tieng-cua-thanh-pho-mo-suong-468,189.html
"Cẩm nang du lịch Cù Lao Chàm 2025 từ A-Z: đi lại, ăn chơi, lưu trú... mới nhất",https://vnexpress.net/cam-nang-du-lich-quang-nam-4726797.html,19.html
"
	Trọn bộ kinh nghiệm du lịch vườn Quốc gia Phong Nha Kẻ Bàng
",https://www.vietnamairlines.com/sa/vi/useful-information/travel-guide/vuon-quoc-gia-phong-nha-ke-bang,193.html
Khu du lịch Hồ Lắk có gì đặc biệt mà ai đến cũng mê mẩn? | Xanh SM,https://www.xanhsm.com/news/khu-du-lich-ho-lak-dak-lak,199.html
Cẩm nang du lịch Bắc Giang,https://vnexpress.net/cam-nang-du-lich-bac-giang-4851082.html,2.html
"Cẩm nang Du lịch Châu Đốc 2024 từ A-Z: Di chuyển, ăn chơi, thăm quan, đặc sản... mới nhất",https://vnexpress.net/cam-nang-du-lich-an-giang-4445399.html,20.html
"Cẩm nang Du lịch Châu Đốc 2024 từ A-Z: Di chuyển, ăn chơi, thăm quan, đặc sản... mới nhất",https://vnexpress.net/cam-nang-du-lich-rung-tram-tra-su-4665214.html,20.html
"Cẩm nang Du lịch Châu Đốc 2024 từ A-Z: Di chuyển, ăn chơi, thăm quan, đặc sản... mới nhất",https://vnexpress.net/cam-nang-du-lich-chau-doc-4733356.html,20.html
Thác Dải Yếm Mộc Châu – Dải Lụa Trắng Giữa Đại Ngàn Tây Bắc - Ecotour,https://ecotour.com.vn/thac-dai-yem,203.html
"Cẩm nang Du lịch Cần Giờ 2025 từ A-Z: Di chuyển, ăn chơi, thăm quan, đặc sản... mới nhất",https://vnexpress.net/cam-nang-du-lich-tp-hcm-4608205.html,21.html
"Cẩm nang Du lịch Cần Giờ 2025 từ A-Z: Di chuyển, ăn chơi, thăm quan, đặc sản... mới nhất",https://vnexpress.net/cam-nang-du-lich-can-gio-4673430.html,21.html
Kinh nghiệm khám phá hồ Đá Xanh Vũng Tàu chi tiết nhất 2025,https://vietair.com.vn/du-lich-trong-nuoc/ho-da-xanh-vung-tau.html,213.html
"Cẩm nang Du lịch Cù Lao Xanh 2025 từ A-Z: Di chuyển, ăn chơi, thăm quan, đặc sản... mới nhất",https://vnexpress.net/cam-nang-du-lich-quy-nhon-4119727.html,22.html
Núi Dinh Vũng Tàu: Điểm đến siêu ngầu cho lần đầu trekking,https://mia.vn/cam-nang-du-lich/nui-dinh-vung-tau-diem-den-sieu-ngau-cho-lan-dau-trekking-1261,220.html
Gợi ý lịch trình khám phá Hòn Nưa – Phú Yên tự túc 2N1Đ,https://mia.vn/cam-nang-du-lich/goi-y-lich-trinh-kham-pha-hon-nua-phu-yen-tu-tuc-2n1d-2218,225.html
"Cẩm nang Du lịch đảo CÔ TÔ 2025 từ A-Z: lưu trú, ăn chơi, đặc sản... mới nhất",https://vnexpress.net/cam-nang-du-lich-co-to-4478268.html,23.html
"Cẩm nang Du lịch đảo CÔ TÔ 2025 từ A-Z: lưu trú, ăn chơi, đặc sản... mới nhất",https://vnexpress.net/cam-nang-du-lich-quang-ninh-4479287.html,23.html
CANGIO - Khu Dữ Trữ Sinh Quyển Rừng Ngập Mặn Cần Giờ,https://www.rungngapmancangio.org/,234.html
Cẩm nang du lịch Cà Mau 2024: top 11 địa điểm phải đến mới nhất,https://vnexpress.net/mui-ca-mau-cuc-nam-cua-to-quoc-3996819.html,24.html
Cẩm nang du lịch Cà Mau 2024: top 11 địa điểm phải đến mới nhất,https://vnexpress.net/cam-nang-du-lich-ca-mau-4447395.html,24.html
"Cẩm nang Du lịch CAO BẰNG 2024: di chuyển, lưu trú, ăn chơi... từ A-Z",https://vnexpress.net/cam-nang-du-lich-cao-bang-4445913.html,25.html
Trang chủ - VQG Cát Tiên,http://www.bachmapark.com.vn/,251.html
Trang chủ - VQG Cát Tiên,https://cattiennationalpark.com.vn/,251.html
Đồi chè Mộc Châu tựa tiên cảnh trong sương sớm - Báo VnExpress Du lịch,https://vnexpress.net/cam-nang-du-lich-moc-chau-4098678.html,258.html
Đồi chè Mộc Châu tựa tiên cảnh trong sương sớm - Báo VnExpress Du lịch,https://vnexpress.net/cam-nang-du-lich-son-la-4720798.html,258.html
"Kinh nghiệm du lịch Côn Đảo 2025 từ A đến Z: di chuyển, ăn chơi, cảnh đẹp...",https://vnexpress.net/cam-nang-du-lich-con-dao-4445727.html,26.html
"Kinh nghiệm du lịch Côn Đảo 2025 từ A đến Z: di chuyển, ăn chơi, cảnh đẹp...",https://vnexpress.net/cam-nang-du-lich-vung-tau-4476318.html,26.html
"Kinh nghiệm du lịch Côn Đảo 2025 từ A đến Z: di chuyển, ăn chơi, cảnh đẹp...",https://vnexpress.net/cam-nang-du-lich-ba-ria-vung-tau-4479713.html,26.html
"Kinh nghiệm du lịch Cát Bà 2025 từ A-Z: Lưu trú, ăn uống, cảnh đẹp...",https://vnexpress.net/cam-nang-du-lich-cat-ba-4136515.html,27.html
Cầu Vàng Bà Nà Hill – Biểu Tượng Du Lịch Đà Nẵng,https://www.pullman-danang.com/vi/kham-pha/kham-pha/cay-cau-vang-tren-dinh-ba-na-hills-da-nang/,271.html
Biển Cửa Đại Hội An - Ấn tượng một trong 25 bãi biển đẹp nhất Châu Á,https://mia.vn/cam-nang-du-lich/hoi-quan-phuc-kien-hoi-an-di-san-van-hoa-dep-nhat-nhi-do-thi-co-232,276.html
"Cẩm nang du lịch CẦN THƠ 2024 từ A-Z: lưu trú, ăn chơi, đặc sản... mới nhất",https://vnexpress.net/cam-nang-du-lich-can-tho-3801041.html,28.html
"Đến biển Mỹ Khê Đà Nẵng, lặng người ngắm nhìn 1 trong 6 bãi biển đẹp nhất hành tinh",https://mia.vn/cam-nang-du-lich/bai-bien-my-khe-da-nang-lang-nguoi-ngam-nhin-1-trong-6-bai-bien-dep-nhat-hanh-tinh-1777,281.html
Kinh nghiệm du lịch bán đảo sơn trà Đà Nẵng chi tiết A - Z,https://hoabinhtourist.com/cam-nang-du-lich/ban-dao-son-tra,286.html
Cẩm nang du lịch một ngày khám phá địa đạo Củ Chi,https://vnexpress.net/cam-nang-du-lich-tp-hcm-4608205.html,29.html
Cẩm nang du lịch một ngày khám phá địa đạo Củ Chi,https://vnexpress.net/cam-nang-du-lich-mot-ngay-kham-pha-dia-dao-cu-chi-4873164.html,29.html
Review Gành Đá Đĩa Phú Yên và những trải nghiệm thú vị,https://mia.vn/cam-nang-du-lich/review-ghenh-da-dia-phu-yen-va-nhung-trai-nghiem-thu-vi-2778,292.html
Kinh nghiệm vui chơi tại khu du lịch suối khoáng Kim Bôi từ A đến Z | Xanh SM,https://www.xanhsm.com/news/khu-du-lich-suoi-khoang-kim-boi-hoa-binh,294.html
"
	Kinh nghiệm du lịch suối nước nóng Kim Bôi Hòa Bình chi tiết
",https://maichauhideaway.com/suoi-nuoc-nong-kim-boi,295.html
"Kinh Nghiệm Đi Địa Đạo Củ Chi, Di Tích Nổi Tiếng Ở Sài Gòn - Klook Blog",https://www.klook.com/vi/blog/khu-du-lich-buu-long/,298.html
"Cẩm nang Du lịch Bình Thuận 2024, top 8 địa điểm phải trải nghiệm",https://vnexpress.net/cam-nang-du-lich-mui-ne-3838646.html,3.html
"Cẩm nang Du lịch Bình Thuận 2024, top 8 địa điểm phải trải nghiệm",https://vnexpress.net/cam-nang-du-lich-binh-thuan-4749039.html,3.html
"Cẩm nang Du lịch Bình Thuận 2024, top 8 địa điểm phải trải nghiệm",https://vnexpress.net/cam-nang-du-lich-dao-phu-quy-3775534.html,3.html
"Cẩm nang Du lịch Bình Thuận 2024, top 8 địa điểm phải trải nghiệm",https://vnexpress.net/cam-nang-du-lich-phan-thiet-4582529.html,3.html
"Cẩm nang Du lịch Đồng Nai 2024, top 11 địa điểm phải trải nghiệm",https://vnexpress.net/cam-nang-du-lich-dong-nai-4811218.html,30.html
"Cẩm nang Du lịch Đồng Nai 2024, top 11 địa điểm phải trải nghiệm",https://vnexpress.net/cam-nang-du-lich-vuon-quoc-gia-cat-tien-4775984.html,30.html
Hội quán Phúc Kiến Hội An - Di sản văn hóa đẹp nhất nhì đô thị cổ,https://mia.vn/cam-nang-du-lich/hoi-quan-phuc-kien-hoi-an-di-san-van-hoa-dep-nhat-nhi-do-thi-co-232,304.html
"Cẩm nang Du lịch Điện Biên 2024, top 13 địa điểm phải trải nghiệm",https://vnexpress.net/cam-nang-du-lich-dien-bien-4687746.html,31.html
"Kinh nghiệm tham quan Dinh Độc Lập, biểu tượng của thống nhất và hòa bình",https://mia.vn/cam-nang-du-lich/cong-vien-van-hoa-suoi-tien-12467,316.html
"Kinh nghiệm tham quan Dinh Độc Lập, biểu tượng của thống nhất và hòa bình",https://mia.vn/cam-nang-du-lich/kham-pha-cho-ben-thanh-12521,316.html
"Khám phá chợ Bến Thành, biểu tượng lâu đời của văn hóa Sài Gòn",https://mia.vn/cam-nang-du-lich/cong-vien-van-hoa-suoi-tien-12467,318.html
"Khám phá chợ Bến Thành, biểu tượng lâu đời của văn hóa Sài Gòn",https://mia.vn/cam-nang-du-lich/kham-pha-cho-ben-thanh-12521,318.html
"Cẩm nang Du lịch Đồng Tháp 2024, top 10 địa điểm phải trải nghiệm",https://vnexpress.net/cam-nang-du-lich-dong-thap-4685835.html,32.html
"Cẩm nang Du lịch Đồng Tháp 2024, top 10 địa điểm phải trải nghiệm",https://vnexpress.net/cam-nang-du-lich-can-tho-3801041.html,32.html
Kinh nghiệm tham quan Bến Nhà Rồng nơi in dấu chân Bác,https://kichcaudulichtphcm.vn/ben-nha-rong/,320.html
"Thưởng lãm Bến Nhà Rồng, vùng ký ức rạng ngời của lịch sử dân tộc",https://mia.vn/cam-nang-du-lich/cong-vien-van-hoa-suoi-tien-12467,321.html
"Thưởng lãm Bến Nhà Rồng, vùng ký ức rạng ngời của lịch sử dân tộc",https://mia.vn/cam-nang-du-lich/kham-pha-cho-ben-thanh-12521,321.html
Chiêm ngưỡng vẻ đẹp hiếm có ở Thác Mơ Bình Phước - HoaBinhTourist,https://hoabinhtourist.com/cam-nang-du-lich/chiem-nguong-ve-dep-hiem-co-o-thac-mo-binh-phuoc,322.html
Thác Mơ Bình Phước: Khám phá vẻ đẹp hiếm có khó tìm,https://52hz.vn/thac-mo-binh-phuoc/,323.html
"Chiêm ngưỡng Vườn quốc gia U Minh Hạ, vẻ đẹp thiên nhiên trù phú",https://mia.vn/cam-nang-du-lich/kham-pha-khu-du-lich-mui-ca-mau-tai-vung-cuc-nam-to-quoc-9623,324.html
"Chiêm ngưỡng Vườn quốc gia U Minh Hạ, vẻ đẹp thiên nhiên trù phú",https://mia.vn/cam-nang-du-lich/chiem-nguong-vuon-quoc-gia-u-minh-ha-ve-dep-thien-nhien-tru-phu-10130,324.html
Kinh nghiệm du lịch núi Bà Rá cho các đôi chân nghiện xê dịch,https://mia.vn/cam-nang-du-lich/kinh-nghiem-du-lich-nui-ba-ra-cho-cac-doi-chan-nghien-xe-dich-7090,326.html
Thác Đứng – Điểm Đến Hấp Dẫn Ở Bình Phước Không Thể Bỏ Qua,https://dulichthuduc.com.vn/thac-dung-diem-den-hap-dan-o-binh-phuoc-khong-the-bo-qua.html,328.html
"Cẩm nang Du lịch Đăk Nông 2023 từ A-Z: Di chuyển, ăn chơi, thăm quan, đặc sản... mới nhất",https://vnexpress.net/cam-nang-du-lich-dak-nong-4650407.html,33.html
Khu du lịch Suối Mơ Đồng Nai – Điểm đến lý tưởng vào dịp cuối tuần,https://dulichthuduc.com.vn/khu-du-lich-suoi-mo-dong-nai-diem-den-ly-tuong-vao-dip-cuoi-tuan.html,331.html
Khám phá rừng tràm Trà Sư – An Giang. ,https://bookingtour.vn/blog/kham-pha-rung-tram-tra-su-an-giang.html,335.html
"Cẩm nang Du lịch Đồng Văn 2025 từ A-Z: Di chuyển, ăn chơi, thăm quan, đặc sản... mới nhất",https://vnexpress.net/cam-nang-du-lich-ha-giang-4445788.html,34.html
"Cẩm nang Du lịch Đồng Văn 2025 từ A-Z: Di chuyển, ăn chơi, thăm quan, đặc sản... mới nhất",https://vnexpress.net/cam-nang-du-lich-meo-vac-4654320.html,34.html
"Cẩm nang Du lịch Đồng Văn 2025 từ A-Z: Di chuyển, ăn chơi, thăm quan, đặc sản... mới nhất",https://vnexpress.net/cam-nang-du-lich-dong-van-4641450.html,34.html
"Top 6 Bãi Biển Quy Nhơn Đẹp ""Ngất Ngây"" Không Thể Bỏ Qua",https://52hz.vn/bai-bien-quy-nhon/,341.html
Thác Tác Tình - Bản tình ca mãnh liệt giữa núi rừng Tây Bắc,https://ticotravel.com.vn/thac-tac-tinh/,347.html
Cố đô Hoa Lư - Dấu ấn vàng son của một thời dân tộc oai hùng,https://mia.vn/cam-nang-du-lich/co-do-hoa-lu-dau-an-vang-son-cua-mot-thoi-dan-toc-oai-hung-3001,348.html
Cố đô Hoa Lư - Dấu ấn vàng son của một thời dân tộc oai hùng,https://mia.vn/cam-nang-du-lich/an-tuong-ve-dep-hung-vi-noi-quan-the-danh-thang-trang-an-2945,348.html
Giới thiệu về cố đô Hoa Lư với một thời huy hoàng kinh đô Tổ quốc,https://dulich3mien.vn/ninh-binh/co-do-hoa-lu/,349.html
"Cẩm nang Du lịch Đại Lải 2025 từ A-Z: Di chuyển, ăn chơi, thăm quan, đặc sản... mới nhất",https://vnexpress.net/cam-nang-du-lich-vinh-phuc-4462114.html,35.html
"Cẩm nang Du lịch Đại Lải 2025 từ A-Z: Di chuyển, ăn chơi, thăm quan, đặc sản... mới nhất",https://vnexpress.net/cam-nang-du-lich-tam-dao-4454746.html,35.html
"Cẩm nang Du lịch Đại Lải 2025 từ A-Z: Di chuyển, ăn chơi, thăm quan, đặc sản... mới nhất",https://vnexpress.net/cam-nang-du-lich-dai-lai-4609900.html,35.html
Kinh nghiệm tham quan chùa Hương Hà Nội chi tiết nhất,https://dulichnewtour.vn/chua-huong-ha-noi,350.html
"Du lịch sông Hương, Huế - Bản giao hòa thiên nhiên và văn hóa vùng đất kinh kỳ",https://www.vietravel.com/vn/am-thuc-kham-pha/du-lich-song-huong-hue-v16167.aspx,355.html
Vườn Quốc Gia Ba Vì - Điểm du lịch siêu chất gần trung tâm thủ đô - Vntrip.vn,https://www.vntrip.vn/cam-nang/du-lich-lang-gom-bat-trang-10495,358.html
"Cẩm nang Du lịch Đền Hùng 2025 từ A-Z: lưu trú, ăn chơi, đặc sản... mới nhất",https://vnexpress.net/cam-nang-du-lich-den-hung-4595429.html,36.html
"Cẩm nang Du lịch Đền Hùng 2025 từ A-Z: lưu trú, ăn chơi, đặc sản... mới nhất",https://vnexpress.net/cam-nang-du-lich-phu-tho-4462060.html,36.html
Phố đi bộ Bùi Viện | Khám phá phố Tây sôi động của đêm Sài thành,https://dulich3mien.vn/ho-chi-minh/pho-di-bo-bui-vien/,368.html
Lạc giữa góc phố đi bộ Bùi Viện nhộn nhịp xuyên màn đêm,https://mia.vn/cam-nang-du-lich/cong-vien-van-hoa-suoi-tien-12467,369.html
Lạc giữa góc phố đi bộ Bùi Viện nhộn nhịp xuyên màn đêm,https://mia.vn/cam-nang-du-lich/kham-pha-cho-ben-thanh-12521,369.html
"Kinh nghiệm Du lịch ĐÀ NẴNG 2025: Top 20+ địa điểm, trải nghiệm phải thử",https://vnexpress.net/cam-nang-du-lich-ba-na-hills-4866205.html,37.html
"Kinh nghiệm Du lịch ĐÀ NẴNG 2025: Top 20+ địa điểm, trải nghiệm phải thử",https://vnexpress.net/cam-nang-du-lich-da-nang-4470111.html,37.html
"Kinh nghiệm Du lịch ĐÀ NẴNG 2025: Top 20+ địa điểm, trải nghiệm phải thử",https://vnexpress.net/mui-nghe-ho-boi-tu-nhien-giua-bien-4447183.html,37.html
Bến Ninh Kiều Cần Thơ: Review chi tiết từ A - Z,https://ticotravel.com.vn/ben-ninh-kieu/,370.html
Bãi Khem Phú Quốc : Kinh nghiệm du lịch khám phá chi tiết từ A - Z,https://dulich3mien.vn/phu-quoc/bai-khem-phu-quoc/,372.html
Bãi Khem Phú Quốc - Vẻ đẹp tự nhiên nơi đảo Ngọc,https://ticotravel.com.vn/bai-khem-phu-quoc/,373.html
Khu Du Lịch Bửu Long: Vịnh Hạ Long Thu Nhỏ Của Nam Bộ,https://52hz.vn/khu-du-lich-buu-long/,376.html
Kinh nghiệm du lịch ĐÀ LẠT 2025 từ A-Z: Top 20+ địa điểm phải đến mới nhất,https://vnexpress.net/cam-nang-du-lich-da-lat-4455699.html,38.html
Khám phá bãi đá cổ Sapa - Nét đẹp bí ẩn thị trấn mờ sương,https://ticotravel.com.vn/bai-da-co-sapa/,381.html
Thung Lũng Mường Hoa: Tuyệt Tác Thiên Đường Tại Sapa,https://52hz.vn/thung-lung-muong-hoa/,383.html
Cẩm nang du lịch Đăk Lăk 2024 từ A-Z: top 14 địa điểm phải tới trải nghiệm mới nhất,https://vnexpress.net/cam-nang-du-lich-dak-lak-4453797.html,39.html
Cẩm nang du lịch Đăk Lăk 2024 từ A-Z: top 14 địa điểm phải tới trải nghiệm mới nhất,https://vnexpress.net/cam-nang-du-lich-buon-ma-thuot-4190200.html,39.html
"Đền Hùng Phú Thọ - Di tích tâm linh, thiêng liêng",https://ticotravel.com.vn/den-hung-phu-tho/,391.html
Làng gốm Phù Lãng - Ngôi làng cổ mang vẻ đẹp truyền thống tỉnh Bắc Ninh,https://ticotravel.com.vn/lang-gom-phu-lang/,394.html
Review Đại Nam Bình Dương - điểm vui chơi hot nhất dịp lễ,https://ticotravel.com.vn/dai-nam-binh-duong/,397.html
"Cẩm nang Du lịch Bình Định 2024, top 13 địa điểm phải trải nghiệm",https://vnexpress.net/cam-nang-du-lich-ky-co-4475856.html,4.html
"Cẩm nang Du lịch Bình Định 2024, top 13 địa điểm phải trải nghiệm",https://vnexpress.net/cam-nang-du-lich-quy-nhon-4119727.html,4.html
"Cẩm nang Du lịch Bình Định 2024, top 13 địa điểm phải trải nghiệm",https://vnexpress.net/cam-nang-du-lich-cu-lao-xanh-4598306.html,4.html
"Cẩm nang Du lịch Bình Định 2024, top 13 địa điểm phải trải nghiệm",https://vnexpress.net/cam-nang-du-lich-binh-dinh-4729689.html,4.html
Dinh Độc Lập TP HCM - điểm đến ngày thống nhất 30/4,https://vnexpress.net/cam-nang-du-lich-dinh-doc-lap-4875331.html,40.html
Dinh Độc Lập TP HCM - điểm đến ngày thống nhất 30/4,https://vnexpress.net/cam-nang-du-lich-tp-hcm-4608205.html,40.html
Đảo Hòn Khoai ở Cà Mau - vùng biển và dải đất phía Tây Nam của Tổ quốc,https://dulichthuduc.com.vn/dao-hon-khoai-o-ca-mau-vung-bien-va-dai-dat-phia-tay-nam-cua-to-quoc.html,400.html
Tham quan vườn thú Thảo Cầm Viên Sài Gòn - Vntrip.vn,https://www.vntrip.vn/cam-nang/thao-cam-vien-sai-gon-16070,404.html
Thảo Cầm Viên Sài Gòn | Thiên đường dã ngoại giữa đô thị phồn hoa,https://dulich3mien.vn/ho-chi-minh/thao-cam-vien/,405.html
"Cẩm nang Du lịch Gia Lai 2023 từ A-Z: Di chuyển, ăn chơi, thăm quan, đặc sản... mới nhất",https://vnexpress.net/cam-nang-du-lich-gia-lai-4668792.html,41.html
Khu du lịch sinh thái Làng Xanh Bến Tre ,https://dulichthuduc.com.vn/khu-du-lich-sinh-thai-lang-xanh-ben-tre-.html,410.html
Khám phá Khu du lịch Mũi Cà Mau tại vùng cực Nam Tổ quốc,https://mia.vn/cam-nang-du-lich/kham-pha-khu-du-lich-mui-ca-mau-tai-vung-cuc-nam-to-quoc-9623,411.html
Khám phá Khu du lịch Mũi Cà Mau tại vùng cực Nam Tổ quốc,https://mia.vn/cam-nang-du-lich/chiem-nguong-vuon-quoc-gia-u-minh-ha-ve-dep-thien-nhien-tru-phu-10130,411.html
"Mũi Cà Mau, cực nam của Tổ quốc - Báo VnExpress Du lịch",https://vnexpress.net/cam-nang-du-lich-ca-mau-4447395.html,412.html
"Du lịch Đồ Sơn Hải Phòng, thiên đường nghỉ dưỡng 4 mùa",https://mia.vn/cam-nang-du-lich/du-lich-do-son-hai-phong-13989,415.html
"Cẩm nang du lịch Hà Tiên 2024 từ A-Z: đi lại, ăn chơi, lưu trú... mới nhất",https://vnexpress.net/cam-nang-du-lich-ha-tien-4745763.html,42.html
"Biển Hồ Cốc Vũng Tàu – Điểm du lịch, nghỉ dưỡng lý tưởng",https://bariavungtautourism.com.vn/bien-ho-coc-vung-tau/,427.html
Làng Nổi Cá Bè Châu Đốc - Kinh nghiệm du lịch Làng nổi Châu Đốc,https://thamhiemmekong.com/thong-tin-du-lich-mien-tay/mieu-ba-chua-xu-nui-sam-chau-doc-an-giang.html,428.html
"Cẩm nang Du lịch Hà Tĩnh 2024, top các địa điểm phải trải nghiệm",https://vnexpress.net/cam-nang-du-lich-ha-tinh-4742410.html,43.html
Nhà Công Tử Bạc Liêu - Điểm đến không thể bỏ qua khi về Bạc Liêu,https://thamhiemmekong.com/thong-tin-du-lich-mien-tay/nha-cong-tu-bac-lieu.html,431.html
Núi Cấm - Khu du lịch Lâm Viên Núi Cấm An Giang - Giá vé Cáp Treo,https://thamhiemmekong.com/thong-tin-du-lich-mien-tay/khu-du-lich-nui-cam-giang.html,432.html
Khu du lịch Núi Cấm An Giang vẻ đẹp linh thiêng của núi rừng,https://mia.vn/cam-nang-du-lich/mieu-ba-chua-xu-nui-sam-chau-doc-diem-den-tam-linh-tru-danh-nam-bo-8205,433.html
Khu du lịch Núi Cấm An Giang vẻ đẹp linh thiêng của núi rừng,https://mia.vn/cam-nang-du-lich/khu-du-lich-lam-vien-nui-cam-ve-dep-linh-thieng-cua-nui-rung-8212,433.html
"Đèo Hải Vân - Chinh phục ""thiên hạ đệ nhất hùng quan""",https://tourhue.vn/deo-hai-van/,437.html
"Kinh nghiệm du lịch hồ Ba Bể 2025 từ A-Z: Di chuyển, ăn chơi, thăm quan, đặc sản... mới nhất",https://vnexpress.net/cam-nang-du-lich-ho-ba-be-4650105.html,44.html
"Kinh nghiệm du lịch hồ Ba Bể 2025 từ A-Z: Di chuyển, ăn chơi, thăm quan, đặc sản... mới nhất",https://vnexpress.net/cam-nang-du-lich-bac-kan-4659738.html,44.html
Chùa Tam Chúc Hà Nam - Được mệnh danh là ngôi chùa lớn nhất thế giới,https://dulichokela.com/chua-tam-chuc-ha-nam/24328/,445.html
"Miếu Bà Chúa Xứ Núi Sam Châu Đốc, điểm đến tâm linh trứ danh Nam Bộ",https://mia.vn/cam-nang-du-lich/mieu-ba-chua-xu-nui-sam-chau-doc-diem-den-tam-linh-tru-danh-nam-bo-8205,449.html
"Miếu Bà Chúa Xứ Núi Sam Châu Đốc, điểm đến tâm linh trứ danh Nam Bộ",https://mia.vn/cam-nang-du-lich/khu-du-lich-lam-vien-nui-cam-ve-dep-linh-thieng-cua-nui-rung-8212,449.html
Cẩm nang Du lịch HẢI DƯƠNG 2024 từ A-Z: Top 14 địa điểm phải trải nghiệm,https://vnexpress.net/cam-nang-du-lich-hai-duong-4462664.html,45.html
Miếu Bà Chúa Xứ Núi Sam - Điểm du lịch tâm lich nổi tiếng của An Giang,https://thamhiemmekong.com/thong-tin-du-lich-mien-tay/mieu-ba-chua-xu-nui-sam-chau-doc-an-giang.html,450.html
Trải nghiệm đi Chợ Nổi Ngã Năm - Điểm đến thú vị ở Sóc Trăng,https://thamhiemmekong.com/thong-tin-du-lich-mien-tay/cho-noi-nga-nam-soc-trang.html,454.html
Vườn quốc gia Yok Đôn – Chốn bồng lai giữa núi rừng Tây Nguyên | Xanh SM,https://www.xanhsm.com/news/vuon-quoc-gia-yok-don,457.html
Cẩm nang Du lịch HOÀ BÌNH 2024 từ A-Z: Top 7 địa điểm phải đến trải nghiệm,https://vnexpress.net/cam-nang-du-lich-hoa-binh-4462526.html,46.html
Cẩm nang Du lịch HOÀ BÌNH 2024 từ A-Z: Top 7 địa điểm phải đến trải nghiệm,https://vnexpress.net/cam-nang-du-lich-mai-chau-4450439.html,46.html
Bản Tả Phìn - Vùng Đất Văn Hóa Độc Đáo Ở Lào Cai - Du Lịch Okela,https://dulichokela.com/ban-ta-phin-vung-dat-van-hoa-doc-dao-lao-cai/29949/,464.html
Hướng dẫn du lịch Cồn Phụng - Những thông tin cần biết,https://thamhiemmekong.com/thong-tin-du-lich-mien-tay/trai-nghiem-song-nuoc-miet-vuon-o-con-phung-ben-tre.html,468.html
"Cẩm nang Du lịch Hà Nam 2024, top 6 địa điểm phải trải nghiệm",https://vnexpress.net/cam-nang-du-lich-ha-nam-4462234.html,47.html
"Cẩm nang Du lịch Hà Nam 2024, top 6 địa điểm phải trải nghiệm",https://vnexpress.net/cam-nang-du-lich-tam-chuc-4822957.html,47.html
Khám phá Làng gốm Bát Tràng - Hơi thở ngàn đời của gốm sứ Việt | Xanh SM,https://www.xanhsm.com/news/lang-gom-bat-trang-ha-noi,471.html
Cẩm nang Du lịch HẢI PHÒNG 2025 từ A-Z: Top 10+ địa điểm vui chơi mới nhất,https://vnexpress.net/cam-nang-du-lich-cat-ba-4136515.html,48.html
Cẩm nang Du lịch HẢI PHÒNG 2025 từ A-Z: Top 10+ địa điểm vui chơi mới nhất,https://vnexpress.net/cam-nang-du-lich-hai-phong-4462112.html,48.html
Khu Du Lịch Suối Tiên: Cập nhật giá vé và hoạt động mới 2025,https://mia.vn/cam-nang-du-lich/cong-vien-van-hoa-suoi-tien-12467,480.html
Khu Du Lịch Suối Tiên: Cập nhật giá vé và hoạt động mới 2025,https://mia.vn/cam-nang-du-lich/kham-pha-cho-ben-thanh-12521,480.html
"Cầu Rồng Đà Nẵng: Kinh nghiệm check-in, tham quan chi tiết",https://mia.vn/cam-nang-du-lich/bai-bien-my-khe-da-nang-lang-nguoi-ngam-nhin-1-trong-6-bai-bien-dep-nhat-hanh-tinh-1777,487.html
Cẩm nang Du lịch HÀ NỘI 2025 từ A-Z: top 15 trải nghiệm phải thử mới nhất,https://vnexpress.net/cam-nang-du-lich-ha-noi-4459188.html,49.html
Cẩm nang Du lịch HÀ NỘI 2025 từ A-Z: top 15 trải nghiệm phải thử mới nhất,https://vnexpress.net/goi-y-an-choi-o-pho-di-bo-ho-hoan-kiem-4633127.html,49.html
"Cẩm nang Du lịch Bình Dương 2024, top 17 địa điểm phải trải nghiệm",https://vnexpress.net/cam-nang-du-lich-binh-duong-4677956.html,5.html
"Kinh nghiệm Du lịch HẠ LONG 2025 chi tiết từ A-Z: 10 địa điểm vui chơi, kinh nghiệm ăn uống, lưu trú...",https://vnexpress.net/cam-nang-du-lich-ha-long-4457134.html,50.html
"Kinh nghiệm Du lịch HẠ LONG 2025 chi tiết từ A-Z: 10 địa điểm vui chơi, kinh nghiệm ăn uống, lưu trú...",https://vnexpress.net/cam-nang-du-lich-quang-ninh-4479287.html,50.html
"Kinh nghiệm Du lịch HỘI AN 2025 từ A-Z: lưu trú, ăn chơi, đặc sản... mới nhất",https://vnexpress.net/cam-nang-du-lich-hoi-an-4446174.html,51.html
"Kinh nghiệm Du lịch HỘI AN 2025 từ A-Z: lưu trú, ăn chơi, đặc sản... mới nhất",https://vnexpress.net/cam-nang-du-lich-quang-nam-4726797.html,51.html
"Kinh nghiệm du lịch Hà Giang 2025 từ A đến Z: di chuyển, lưu trú, ăn chơi, đặc sản...",https://vnexpress.net/cam-nang-du-lich-ha-giang-4445788.html,52.html
"Kinh nghiệm du lịch Hà Giang 2025 từ A đến Z: di chuyển, lưu trú, ăn chơi, đặc sản...",https://vnexpress.net/cam-nang-du-lich-meo-vac-4654320.html,52.html
"Kinh nghiệm du lịch Hà Giang 2025 từ A đến Z: di chuyển, lưu trú, ăn chơi, đặc sản...",https://vnexpress.net/cam-nang-du-lich-dong-van-4641450.html,52.html
"Cẩm nang Du lịch Kiên Giang 2024, top 15 địa điểm phải trải nghiệm",https://vnexpress.net/cam-nang-du-lich-nam-du-4764453.html,55.html
"Cẩm nang Du lịch Kiên Giang 2024, top 15 địa điểm phải trải nghiệm",https://vnexpress.net/cam-nang-du-lich-kien-giang-4764240.html,55.html
"Cẩm nang Du lịch Kiên Giang 2024, top 15 địa điểm phải trải nghiệm",https://vnexpress.net/cam-nang-du-lich-phu-quoc-4106697.html,55.html
"Cẩm nang Du lịch Kiên Giang 2024, top 15 địa điểm phải trải nghiệm",https://vnexpress.net/cam-nang-du-lich-ha-tien-4745763.html,55.html
"Cẩm nang Du lịch Khánh hoà 2024, top các địa điểm phải trải nghiệm",https://vnexpress.net/cam-nang-du-lich-khanh-hoa-4759133.html,56.html
"Cẩm nang Du lịch Khánh hoà 2024, top các địa điểm phải trải nghiệm",https://vnexpress.net/cam-nang-du-lich-nha-trang-tu-a-den-z-4127199.html,56.html
"Du lịch Kon Tum 2024, top 10 địa điểm phải trải nghiệm",https://vnexpress.net/cam-nang-du-lich-mang-den-4619200.html,57.html
"Du lịch Kon Tum 2024, top 10 địa điểm phải trải nghiệm",https://vnexpress.net/cam-nang-du-lich-kon-tum-4718005.html,57.html
"Cẩm nang Du lịch KỲ CO 2025 từ A-Z: lưu trú, ăn chơi, đặc sản... mới nhất",https://vnexpress.net/cam-nang-du-lich-binh-dinh-4729689.html,58.html
"Cẩm nang Du lịch KỲ CO 2025 từ A-Z: lưu trú, ăn chơi, đặc sản... mới nhất",https://vnexpress.net/cam-nang-du-lich-ky-co-4475856.html,58.html
"Cẩm nang Du lịch KỲ CO 2025 từ A-Z: lưu trú, ăn chơi, đặc sản... mới nhất",https://vnexpress.net/cam-nang-du-lich-quy-nhon-4119727.html,58.html
"Cẩm nang Du lịch KỲ CO 2025 từ A-Z: lưu trú, ăn chơi, đặc sản... mới nhất",https://vnexpress.net/cam-nang-du-lich-binh-dinh-4729689.html,59.html
"Cẩm nang Du lịch KỲ CO 2025 từ A-Z: lưu trú, ăn chơi, đặc sản... mới nhất",https://vnexpress.net/cam-nang-du-lich-ky-co-4475856.html,59.html
"Cẩm nang Du lịch KỲ CO 2025 từ A-Z: lưu trú, ăn chơi, đặc sản... mới nhất",https://vnexpress.net/cam-nang-du-lich-quy-nhon-4119727.html,59.html
"Cẩm nang Du lịch Bình Phước 2024, top 12 địa điểm phải trải nghiệm",https://vnexpress.net/cam-nang-du-lich-binh-phuoc-4667906.html,6.html
Cẩm nang du lịch Long An,https://vnexpress.net/cam-nang-du-lich-long-an-4796307.html,60.html
Cẩm nang du lịch Lai Châu,https://vnexpress.net/cam-nang-du-lich-lai-chau-4723675.html,61.html
"Cẩm nang Du lịch Lào Cai 2024 từ A-Z: Di chuyển, ăn chơi, thăm quan, đặc sản... mới nhất",https://vnexpress.net/cam-nang-du-lich-sa-pa-4108517.html,62.html
"Cẩm nang Du lịch Lào Cai 2024 từ A-Z: Di chuyển, ăn chơi, thăm quan, đặc sản... mới nhất",https://vnexpress.net/cam-nang-du-lich-lao-cai-4697212.html,62.html
"Cẩm nang Du lịch Lạng Sơn 2023, 15 địa điểm phải trải nghiệm ngay",https://vnexpress.net/cam-nang-du-lich-lang-son-4660039.html,63.html
"Cẩm nang Du lịch Lăng Cô 2023 từ A-Z: Di chuyển, ăn chơi, tham quan, đặc sản... mới nhất",https://vnexpress.net/cam-nang-du-lich-lang-co-4625414.html,64.html
"Cẩm nang Du lịch Lăng Cô 2023 từ A-Z: Di chuyển, ăn chơi, tham quan, đặc sản... mới nhất",https://vnexpress.net/cam-nang-du-lich-hue-4126937.html,64.html
"Kinh nghiệm du lịch Lý Sơn 2025 từ A-Z: di chuyển, ăn chơi, lưu trú... mới nhất",https://vnexpress.net/cam-nang-du-lich-quang-ngai-4631099.html,65.html
"Cẩm nang Du lịch Mèo Vạc 2025 từ A-Z: Di chuyển, ăn chơi, thăm quan, đặc sản... mới nhất",https://vnexpress.net/cam-nang-du-lich-ha-giang-4445788.html,66.html
"Cẩm nang Du lịch Mèo Vạc 2025 từ A-Z: Di chuyển, ăn chơi, thăm quan, đặc sản... mới nhất",https://vnexpress.net/cam-nang-du-lich-meo-vac-4654320.html,66.html
"Cẩm nang Du lịch Mèo Vạc 2025 từ A-Z: Di chuyển, ăn chơi, thăm quan, đặc sản... mới nhất",https://vnexpress.net/cam-nang-du-lich-dong-van-4641450.html,66.html
"Cẩm nang Du lịch Măng Đen 2025 từ A-Z: Di chuyển, ăn chơi, thăm quan, đặc sản... mới nhất",https://vnexpress.net/cam-nang-du-lich-mang-den-4619200.html,67.html
"Cẩm nang Du lịch Măng Đen 2025 từ A-Z: Di chuyển, ăn chơi, thăm quan, đặc sản... mới nhất",https://vnexpress.net/cam-nang-du-lich-kon-tum-4718005.html,67.html
"Kinh nghiệm du lịch Mai Châu 2025 từ A-Z: cảnh đẹp, lưu trú, ẩm thực đặc sản...",https://vnexpress.net/cam-nang-du-lich-hoa-binh-4462526.html,68.html
"Kinh nghiệm du lịch Mai Châu 2025 từ A-Z: cảnh đẹp, lưu trú, ẩm thực đặc sản...",https://vnexpress.net/cam-nang-du-lich-mai-chau-4450439.html,68.html
Mũi Nghê - hồ bơi tự nhiên giữa biển - Báo VnExpress Du lịch,https://vnexpress.net/cam-nang-du-lich-da-nang-4470111.html,69.html
Mũi Nghê - hồ bơi tự nhiên giữa biển - Báo VnExpress Du lịch,https://vnexpress.net/mui-nghe-ho-boi-tu-nhien-giua-bien-4447183.html,69.html
Du lịch Bắc Kạn 2024 từ A-Z: Top 10 địa điểm phải trải nghiệm,https://vnexpress.net/cam-nang-du-lich-ho-ba-be-4650105.html,7.html
Du lịch Bắc Kạn 2024 từ A-Z: Top 10 địa điểm phải trải nghiệm,https://vnexpress.net/cam-nang-du-lich-bac-kan-4659738.html,7.html
"Kinh nghiệm du lịch Mù Cang Chải 2025 từ A-Z: đi lại, ăn chơi, lưu trú... mới nhất",https://vnexpress.net/cam-nang-du-lich-tu-le-4472621.html,70.html
"Kinh nghiệm du lịch Mù Cang Chải 2025 từ A-Z: đi lại, ăn chơi, lưu trú... mới nhất",https://vnexpress.net/cam-nang-du-lich-yen-bai-4701574.html,70.html
"Kinh nghiệm du lịch Mù Cang Chải 2025 từ A-Z: đi lại, ăn chơi, lưu trú... mới nhất",https://vnexpress.net/cam-nang-du-lich-tram-tau-4645565.html,70.html
"Cẩm nang Du lịch MỘC CHÂU 2025 từ A-Z: di chuyển, ăn chơi, lưu trú... mới nhất",https://vnexpress.net/cam-nang-du-lich-moc-chau-4098678.html,71.html
"Cẩm nang Du lịch MỘC CHÂU 2025 từ A-Z: di chuyển, ăn chơi, lưu trú... mới nhất",https://vnexpress.net/cam-nang-du-lich-son-la-4720798.html,71.html
"Cẩm nang Du lịch MỘC CHÂU 2025 từ A-Z: di chuyển, ăn chơi, lưu trú... mới nhất",https://vnexpress.net/doi-che-moc-chau-tua-tien-canh-trong-suong-som-4710347.html,71.html
"Kinh nghiệm du lịch MŨI NÉ 2025: di chuyển, ăn chơi, lưu trú... mới nhất",https://vnexpress.net/cam-nang-du-lich-mui-ne-3838646.html,72.html
"Kinh nghiệm du lịch MŨI NÉ 2025: di chuyển, ăn chơi, lưu trú... mới nhất",https://vnexpress.net/cam-nang-du-lich-phan-thiet-4582529.html,72.html
"Cẩm nang Du lịch đảo Nam Du 2024 từ A-Z: Di chuyển, ăn chơi, thăm quan, đặc sản... mới nhất",https://vnexpress.net/cam-nang-du-lich-nam-du-4764453.html,73.html
"Cẩm nang Du lịch đảo Nam Du 2024 từ A-Z: Di chuyển, ăn chơi, thăm quan, đặc sản... mới nhất",https://vnexpress.net/cam-nang-du-lich-kien-giang-4764240.html,73.html
Núi Dinh - điểm cắm trại cuối tuần gần TP HCM - Báo VnExpress Du lịch,https://vnexpress.net/cam-nang-du-lich-ba-ria-vung-tau-4479713.html,74.html
Núi Dinh - điểm cắm trại cuối tuần gần TP HCM - Báo VnExpress Du lịch,https://vnexpress.net/cam-nang-du-lich-vung-tau-4476318.html,74.html
Núi Dinh - điểm cắm trại cuối tuần gần TP HCM - Báo VnExpress Du lịch,https://vnexpress.net/nui-dinh-diem-cam-trai-cuoi-tuan-gan-tp-hcm-4545681.html,74.html
Cẩm nang Du lịch NAM ĐỊNH 2022 từ A-Z: Top 10+ địa điểm trải nghiệm phải đến,https://vnexpress.net/cam-nang-du-lich-nam-dinh-4462699.html,75.html
Cẩm nang du lịch Nghệ An 2024: top 12 địa điểm vui chơi hấp dẫn nhất,https://vnexpress.net/cam-nang-du-lich-nghe-an-4455646.html,76.html
Cẩm nang du lịch Nghệ An 2024: top 12 địa điểm vui chơi hấp dẫn nhất,https://vnexpress.net/cam-nang-du-lich-vuon-quoc-gia-pu-mat-4858184.html,76.html
Cẩm nang Du lịch NINH THUẬN 2024: Top 10 địa điểm vui chơi hấp dẫn nhất,https://vnexpress.net/cam-nang-du-lich-ninh-thuan-4453272.html,77.html
Cẩm nang du lịch Ninh Bình 2025 từ A-Z: Top 11 địa điểm phải đến,https://vnexpress.net/hai-ngay-tham-tam-coc-mua-lua-chin-4467480.html,78.html
Cẩm nang du lịch Ninh Bình 2025 từ A-Z: Top 11 địa điểm phải đến,https://vnexpress.net/cam-nang-du-lich-ninh-binh-4127327.html,78.html
Cẩm nang du lịch Ninh Bình 2025 từ A-Z: Top 11 địa điểm phải đến,https://vnexpress.net/cam-nang-du-lich-chua-bai-dinh-4833152.html,78.html
"Kinh nghiệm du lịch NHA TRANG 2025 từ A-Z: di chuyển, lưu trú, ăn chơi, cảnh đẹp...",https://vnexpress.net/cam-nang-du-lich-khanh-hoa-4759133.html,79.html
"Kinh nghiệm du lịch NHA TRANG 2025 từ A-Z: di chuyển, lưu trú, ăn chơi, cảnh đẹp...",https://vnexpress.net/cam-nang-du-lich-nha-trang-tu-a-den-z-4127199.html,79.html
"Cẩm nang Du lịch Bảo Lộc 2024 từ A-Z: Di chuyển, ăn chơi, thăm quan, đặc sản... mới nhất",https://vnexpress.net/cam-nang-du-lich-bao-loc-4643396.html,8.html
"Phố đi bộ hồ Gươm Hà Nội: Gợi ý ăn chơi, ẩm thực, quán ăn... mới nhất",https://vnexpress.net/cam-nang-du-lich-ha-noi-4459188.html,81.html
"Phố đi bộ hồ Gươm Hà Nội: Gợi ý ăn chơi, ẩm thực, quán ăn... mới nhất",https://vnexpress.net/goi-y-an-choi-o-pho-di-bo-ho-hoan-kiem-4633127.html,81.html
"Phố đi bộ Nguyễn Huệ: Gợi ý vui chơi, ăn uống, mua sắm phải trải nghiệm",https://vnexpress.net/goi-y-an-choi-o-pho-di-bo-nguyen-hue-4632658.html,82.html
"Phố đi bộ Nguyễn Huệ: Gợi ý vui chơi, ăn uống, mua sắm phải trải nghiệm",https://vnexpress.net/cam-nang-du-lich-tp-hcm-4608205.html,82.html
"Cẩm nang du lịch Phan Thiết 2025 từ A-Z: đi lại, ăn chơi, lưu trú... mới nhất",https://vnexpress.net/cam-nang-du-lich-mui-ne-3838646.html,83.html
"Cẩm nang du lịch Phan Thiết 2025 từ A-Z: đi lại, ăn chơi, lưu trú... mới nhất",https://vnexpress.net/cam-nang-du-lich-phan-thiet-4582529.html,83.html
"Cẩm nang du lịch Phan Thiết 2025 từ A-Z: đi lại, ăn chơi, lưu trú... mới nhất",https://vnexpress.net/cam-nang-du-lich-binh-thuan-4749039.html,83.html
Cẩm nang Du lịch PHÚ YÊN 2024 từ A-Z: Top 16 địa điểm phải trải nghiệm,https://vnexpress.net/cam-nang-du-lich-phu-yen-4465949.html,84.html
Cẩm nang Du lịch PHÚ THỌ 2024 từ A-Z: Top 5 địa điểm phải đến mới nhất,https://vnexpress.net/cam-nang-du-lich-den-hung-4595429.html,85.html
Cẩm nang Du lịch PHÚ THỌ 2024 từ A-Z: Top 5 địa điểm phải đến mới nhất,https://vnexpress.net/cam-nang-du-lich-phu-tho-4462060.html,85.html
"Cẩm nang Du lịch PÙ LUÔNG 2025 từ A-Z: di chuyển, lưu trú, ăn chơi... mới nhất",https://vnexpress.net/cam-nang-du-lich-thanh-hoa-4607348.html,86.html
"Cẩm nang Du lịch PÙ LUÔNG 2025 từ A-Z: di chuyển, lưu trú, ăn chơi... mới nhất",https://vnexpress.net/cam-nang-du-lich-pu-luong-4153045.html,86.html
"Kinh nghiệm du lịch PHÚ QUỐC 2025 từ A-Z: lưu trú, ăn chơi, đặc sản... mới nhất",https://vnexpress.net/cam-nang-du-lich-phu-quoc-4106697.html,87.html
"Kinh nghiệm Du lịch đảo Phú Quý 2025 từ A-Z: di chuyển, ăn chơi, lưu trú...",https://vnexpress.net/cam-nang-du-lich-dao-phu-quy-3775534.html,88.html
"Cẩm nang Du lịch Quảng Trị 2024, top 14 địa điểm phải trải nghiệm",https://vnexpress.net/cam-nang-du-lich-quang-tri-4772745.html,89.html
Du lịch BÀ RỊA VŨNG TÀU 2024: top 18 địa điểm phải trải nghiệm mới nhất,https://vnexpress.net/cam-nang-du-lich-con-dao-4445727.html,9.html
Du lịch BÀ RỊA VŨNG TÀU 2024: top 18 địa điểm phải trải nghiệm mới nhất,https://vnexpress.net/nui-dinh-diem-cam-trai-cuoi-tuan-gan-tp-hcm-4545681.html,9.html
Du lịch BÀ RỊA VŨNG TÀU 2024: top 18 địa điểm phải trải nghiệm mới nhất,https://vnexpress.net/cam-nang-du-lich-vung-tau-4476318.html,9.html
Du lịch BÀ RỊA VŨNG TÀU 2024: top 18 địa điểm phải trải nghiệm mới nhất,https://vnexpress.net/cam-nang-du-lich-ba-ria-vung-tau-4479713.html,9.html
"Cẩm nang Du lịch Quảng Nam 2024, top 10 địa điểm phải trải nghiệm",https://vnexpress.net/cam-nang-du-lich-hoi-an-4446174.html,90.html
"Cẩm nang Du lịch Quảng Nam 2024, top 10 địa điểm phải trải nghiệm",https://vnexpress.net/cam-nang-du-lich-quang-nam-4726797.html,90.html
"Cẩm nang Du lịch Quảng Ngãi 2024, các địa điểm phải trải nghiệm mới nhất",https://vnexpress.net/cam-nang-du-lich-ly-son-4114764.html,91.html
"Cẩm nang Du lịch Quảng Ngãi 2024, các địa điểm phải trải nghiệm mới nhất",https://vnexpress.net/cam-nang-du-lich-quang-ngai-4631099.html,91.html
"Cẩm nang 23 địa điểm Du lịch Quảng Bình 2024 từ A-Z cùng tư vấn đặc sản, ăn uống, di chuyển, lưu trú...",https://vnexpress.net/cam-nang-du-lich-quang-binh-4612297.html,92.html
Cẩm nang Du lịch QUẢNG NINH 2024: Top 28 trải nghiệm đáng thử mới nhất,https://vnexpress.net/cam-nang-du-lich-quan-lan-4478816.html,93.html
Cẩm nang Du lịch QUẢNG NINH 2024: Top 28 trải nghiệm đáng thử mới nhất,https://vnexpress.net/cam-nang-du-lich-co-to-4478268.html,93.html
Cẩm nang Du lịch QUẢNG NINH 2024: Top 28 trải nghiệm đáng thử mới nhất,https://vnexpress.net/cam-nang-du-lich-quang-ninh-4479287.html,93.html
Cẩm nang Du lịch QUẢNG NINH 2024: Top 28 trải nghiệm đáng thử mới nhất,https://vnexpress.net/cam-nang-du-lich-ha-long-4457134.html,93.html
Cẩm nang Du lịch QUẢNG NINH 2024: Top 28 trải nghiệm đáng thử mới nhất,https://vnexpress.net/cam-nang-du-lich-binh-lieu-4473563.html,93.html
"Cẩm nang Du lịch đảo QUAN LẠN 2025 từ A-Z: lưu trú, ăn chơi, đặc sản... mới nhất",https://vnexpress.net/cam-nang-du-lich-quan-lan-4478816.html,94.html
"Cẩm nang Du lịch đảo QUAN LẠN 2025 từ A-Z: lưu trú, ăn chơi, đặc sản... mới nhất",https://vnexpress.net/cam-nang-du-lich-co-to-4478268.html,94.html
"Cẩm nang Du lịch đảo QUAN LẠN 2025 từ A-Z: lưu trú, ăn chơi, đặc sản... mới nhất",https://vnexpress.net/cam-nang-du-lich-quang-ninh-4479287.html,94.html
"Kinh nghiệm du lịch Quy Nhơn 2025 từ A-Z: di chuyển, lưu trú, ăn chơi...",https://vnexpress.net/cam-nang-du-lich-ky-co-4475856.html,95.html
"Kinh nghiệm du lịch Quy Nhơn 2025 từ A-Z: di chuyển, lưu trú, ăn chơi...",https://vnexpress.net/cam-nang-du-lich-quy-nhon-4119727.html,95.html
"Kinh nghiệm du lịch Quy Nhơn 2025 từ A-Z: di chuyển, lưu trú, ăn chơi...",https://vnexpress.net/cam-nang-du-lich-cu-lao-xanh-4598306.html,95.html
"Cẩm nang Du lịch Sóc Trăng 2024, top 9 địa điểm phải trải nghiệm",https://vnexpress.net/cam-nang-du-lich-soc-trang-4793923.html,96.html
"Cẩm nang Du lịch Sơn La 2024, những địa điểm phải trải nghiệm",https://vnexpress.net/cam-nang-du-lich-son-la-4720798.html,97.html
"Cẩm nang Du lịch Sơn La 2024, những địa điểm phải trải nghiệm",https://vnexpress.net/cam-nang-du-lich-dien-bien-4687746.html,97.html
"Cẩm nang Du lịch Sơn La 2024, những địa điểm phải trải nghiệm",https://vnexpress.net/cam-nang-du-lich-moc-chau-4098678.html,97.html
"Cẩm nang Du lịch Sơn La 2024, những địa điểm phải trải nghiệm",https://vnexpress.net/cam-nang-du-lich-yen-bai-4701574.html,97.html
"Cẩm nang Du lịch Sơn La 2024, những địa điểm phải trải nghiệm",https://vnexpress.net/cam-nang-du-lich-ta-xua-4656282.html,97.html
"Cẩm nang Du lịch Sơn La 2024, những địa điểm phải trải nghiệm",https://vnexpress.net/cam-nang-du-lich-tram-tau-4645565.html,97.html
"Cẩm nang Du lịch SẦM SƠN 2025 từ A-Z: lưu trú, ăn chơi, đặc sản... mới nhất",https://vnexpress.net/cam-nang-du-lich-thanh-hoa-4607348.html,98.html
"Cẩm nang Du lịch SẦM SƠN 2025 từ A-Z: lưu trú, ăn chơi, đặc sản... mới nhất",https://vnexpress.net/cam-nang-du-lich-bien-sam-son-4471606.html,98.html
"Cẩm nang du lịch Sóc Sơn 2024 từ A-Z: Lưu trú, đi lại, vui chơi...",https://vnexpress.net/cam-nang-du-lich-soc-son-4445500.html,99.html
"Cẩm nang du lịch Sóc Sơn 2024 từ A-Z: Lưu trú, đi lại, vui chơi...",https://vnexpress.net/cam-nang-du-lich-ha-noi-4459188.html,99.html
