id,url,title
0,https://vnexpress.net/cam-nang-du-lich-an-giang-4445399.html,Cẩm nang du lịch An Giang
1,https://vnexpress.net/cam-nang-du-lich-ba-na-hills-4866205.html,Cẩm nang du lịch Bà Nà Hills
2,https://vnexpress.net/cam-nang-du-lich-bac-giang-4851082.html,Cẩm nang du lịch Bắc Giang
3,https://vnexpress.net/cam-nang-du-lich-binh-thuan-4749039.html,Cẩm nang du lịch Bình Thuận
4,https://vnexpress.net/cam-nang-du-lich-binh-dinh-4729689.html,Cẩm nang du lịch Bình Định
5,https://vnexpress.net/cam-nang-du-lich-binh-duong-4677956.html,Cẩm nang du lịch Bình Dương
6,https://vnexpress.net/cam-nang-du-lich-binh-phuoc-4667906.html,Cẩm nang du lịch Bình Phước
7,https://vnexpress.net/cam-nang-du-lich-bac-kan-4659738.html,Cẩm nang du lịch Bắc Kạn
8,https://vnexpress.net/cam-nang-du-lich-bao-loc-4643396.html,Cẩm nang du lịch Bảo Lộc
9,https://vnexpress.net/cam-nang-du-lich-ba-ria-vung-tau-4479713.html,Cẩm nang du lịch Bà Rịa - Vũng Tàu
10,https://vnexpress.net/cam-nang-du-lich-binh-lieu-4473563.html,Cẩm nang du lịch Bình Liêu
11,https://vnexpress.net/cam-nang-du-lich-ba-vi-4468415.html,Cẩm nang du lịch Ba Vì
12,https://vnexpress.net/cam-nang-du-lich-bac-ninh-4462126.html,Cẩm nang du lịch Bắc Ninh
13,https://vnexpress.net/cam-nang-du-lich-binh-ba-4449076.html,Cẩm nang du lịch Bình Ba
14,https://vnexpress.net/cam-nang-du-lich-bac-lieu-4447282.html,Cẩm nang du lịch Bạc Liêu
15,https://vnexpress.net/cam-nang-du-lich-ben-tre-4447138.html,Cẩm nang du lịch Bến Tre
16,https://vnexpress.net/cam-nang-du-lich-buon-ma-thuot-4190200.html,Cẩm nang du lịch Buôn Ma Thuột
17,https://vnexpress.net/cam-nang-du-lich-chua-bai-dinh-4833152.html,Cẩm nang du lịch Chùa Bái Đính
18,https://vnexpress.net/cam-nang-du-lich-tam-chuc-4822957.html,Cẩm nang du lịch Chùa Tam Chúc
19,https://vnexpress.net/cam-nang-du-lich-cu-lao-cham-4751193.html,Cẩm nang du lịch Cù Lao Chàm
20,https://vnexpress.net/cam-nang-du-lich-chau-doc-4733356.html,Cẩm nang du lịch Châu Đốc
21,https://vnexpress.net/cam-nang-du-lich-can-gio-4673430.html,Cẩm nang du lịch Cần Giờ
22,https://vnexpress.net/cam-nang-du-lich-cu-lao-xanh-4598306.html,Cẩm nang du lịch Cù Lao Xanh
23,https://vnexpress.net/cam-nang-du-lich-co-to-4478268.html,Cẩm nang du lịch Cô Tô
24,https://vnexpress.net/cam-nang-du-lich-ca-mau-4447395.html,Cẩm nang du lịch Cà Mau
25,https://vnexpress.net/cam-nang-du-lich-cao-bang-4445913.html,Cẩm nang du lịch Cao Bằng
26,https://vnexpress.net/cam-nang-du-lich-con-dao-4445727.html,Cẩm nang du lịch Côn Đảo
27,https://vnexpress.net/cam-nang-du-lich-cat-ba-4136515.html,Cẩm nang du lịch Cát Bà
28,https://vnexpress.net/cam-nang-du-lich-can-tho-3801041.html,Cẩm nang du lịch Cần Thơ
29,https://vnexpress.net/cam-nang-du-lich-mot-ngay-kham-pha-dia-dao-cu-chi-4873164.html,Cẩm nang du lịch Địa đọa Củ Chi
30,https://vnexpress.net/cam-nang-du-lich-dong-nai-4811218.html,Cẩm nang du lịch Đồng Nai
31,https://vnexpress.net/cam-nang-du-lich-dien-bien-4687746.html,Cẩm nang du lịch Điện Biên
32,https://vnexpress.net/cam-nang-du-lich-dong-thap-4685835.html,Cẩm nang du lịch Đồng Tháp
33,https://vnexpress.net/cam-nang-du-lich-dak-nong-4650407.html,Cẩm nang du lịch Đắk Nông
34,https://vnexpress.net/cam-nang-du-lich-dong-van-4641450.html,Cẩm nang du lịch Đồng Văn
35,https://vnexpress.net/cam-nang-du-lich-dai-lai-4609900.html,Cẩm nang du lịch Đại Lải
36,https://vnexpress.net/cam-nang-du-lich-den-hung-4595429.html,Cẩm nang du lịch Đền Hùng
37,https://vnexpress.net/cam-nang-du-lich-da-nang-4470111.html,Cẩm nang du lịch Đà Nẵng
38,https://vnexpress.net/cam-nang-du-lich-da-lat-4455699.html,Cẩm nang du lịch Đà Lạt
39,https://vnexpress.net/cam-nang-du-lich-dak-lak-4453797.html,Cẩm nang du lịch Đăk LăK
40,https://vnexpress.net/cam-nang-du-lich-dinh-doc-lap-4875331.html,Cẩm nang du lịch Dinh độc lập
41,https://vnexpress.net/cam-nang-du-lich-gia-lai-4668792.html,Cẩm nang du lịch Gia Lai
42,https://vnexpress.net/cam-nang-du-lich-ha-tien-4745763.html,Cẩm nang du lịch Hà Tiên
43,https://vnexpress.net/cam-nang-du-lich-ha-tinh-4742410.html,Cẩm nang du lịch Hà Tĩnh
44,https://vnexpress.net/cam-nang-du-lich-ho-ba-be-4650105.html,Cẩm nang du lịch Hồ Ba Bể
45,https://vnexpress.net/cam-nang-du-lich-hai-duong-4462664.html,Cẩm nang du lịch Hải Dương
46,https://vnexpress.net/cam-nang-du-lich-hoa-binh-4462526.html,Cẩm nang du lịch Hòa Bình
47,https://vnexpress.net/cam-nang-du-lich-ha-nam-4462234.html,Cẩm nang du lịch Hà Nam
48,https://vnexpress.net/cam-nang-du-lich-hai-phong-4462112.html,Cẩm nang du lịch Hải Phòng
49,https://vnexpress.net/cam-nang-du-lich-ha-noi-4459188.html,Cẩm nang du lịch Hà Nội
50,https://vnexpress.net/cam-nang-du-lich-ha-long-4457134.html,Cẩm nang du lịch Hạ Long
51,https://vnexpress.net/cam-nang-du-lich-hoi-an-4446174.html,Cẩm nang du lịch Hội An
52,https://vnexpress.net/cam-nang-du-lich-ha-giang-4445788.html,Cẩm nang du lịch Hà Giang
53,https://vnexpress.net/topic/du-lich-hung-yen-26085,Cẩm nang du lịch Hưng Yên
54,https://vnexpress.net/topic/du-lich-hau-giang-26083,Cẩm nang du lịch Hậu Giang
55,https://vnexpress.net/cam-nang-du-lich-kien-giang-4764240.html,Cẩm nang du lịch Kiên Giang
56,https://vnexpress.net/cam-nang-du-lich-khanh-hoa-4759133.html,Cẩm nang du lịch Khánh Hòa
57,https://vnexpress.net/cam-nang-du-lich-kon-tum-4718005.html,Cẩm nang du lịch Kon Tum
58,https://vnexpress.net/cam-nang-du-lich-ky-co-4475856.html,Cẩm nang du lịch Kỳ Co
59,https://vnexpress.net/cam-nang-du-lich-ky-co-4475856.html,Cẩm nang du lịch Lâm Đồng
60,https://vnexpress.net/cam-nang-du-lich-long-an-4796307.html,Cẩm nang du lịch Long An
61,https://vnexpress.net/cam-nang-du-lich-lai-chau-4723675.html,Cẩm nang du lịch Lai Châu
62,https://vnexpress.net/cam-nang-du-lich-lao-cai-4697212.html,Cẩm nang du lịch Lào Cai
63,https://vnexpress.net/cam-nang-du-lich-lang-son-4660039.html,Cẩm nang du lịch Lạng Sơn
64,https://vnexpress.net/cam-nang-du-lich-lang-co-4625414.html,Cẩm nang du lịch Lăng Cô
65,https://vnexpress.net/cam-nang-du-lich-ly-son-4114764.html,Cẩm nang du lịch Lý Sơn
66,https://vnexpress.net/cam-nang-du-lich-meo-vac-4654320.html,Cẩm nang du lịch Mèo Vạc
67,https://vnexpress.net/cam-nang-du-lich-mang-den-4619200.html,Cẩm nang du lịch Măng Đen
68,https://vnexpress.net/cam-nang-du-lich-mai-chau-4450439.html,Cẩm nang du lịch Mai Châu
69,https://vnexpress.net/mui-nghe-ho-boi-tu-nhien-giua-bien-4447183.html,Cẩm nang du lịch Mũi Nghê
70,https://vnexpress.net/cam-nang-du-lich-mu-cang-chai-4158151.html,Cẩm nang du lịch Mù Cang Chải
71,https://vnexpress.net/cam-nang-du-lich-moc-chau-4098678.html,Cẩm nang du lịch Mộc Châu
72,https://vnexpress.net/cam-nang-du-lich-mui-ne-3838646.html,Cẩm nang du lịch Mũi Né
73,https://vnexpress.net/cam-nang-du-lich-nam-du-4764453.html,Cẩm nang du lịch Nam Du
74,https://vnexpress.net/nui-dinh-diem-cam-trai-cuoi-tuan-gan-tp-hcm-4545681.html,Cẩm nang du lịch Núi Dinh
75,https://vnexpress.net/cam-nang-du-lich-nam-dinh-4462699.html,Cẩm nang du lịch Nam Định
76,https://vnexpress.net/cam-nang-du-lich-nghe-an-4455646.html,Cẩm nang du lịch Nghệ An
77,https://vnexpress.net/cam-nang-du-lich-ninh-thuan-4453272.html,Cẩm nang du lịch Ninh Thuận
78,https://vnexpress.net/cam-nang-du-lich-ninh-binh-4127327.html,Cẩm nang du lịch Ninh Bình
79,https://vnexpress.net/cam-nang-du-lich-nha-trang-tu-a-den-z-4127199.html,Cẩm nang du lịch Nha Trang
80,https://vnexpress.net/topic/du-lich-ninh-chu-26118,Cẩm nang du lịch Ninh Chữ
81,https://vnexpress.net/goi-y-an-choi-o-pho-di-bo-ho-hoan-kiem-4633127.html,Cẩm nang du lịch Phố đi bộ hồ Gươm
82,https://vnexpress.net/goi-y-an-choi-o-pho-di-bo-nguyen-hue-4632658.html,Cẩm nang du lịch Phố đi bộ Nguyễn Hệ
83,https://vnexpress.net/cam-nang-du-lich-phan-thiet-4582529.html,Cẩm nang du lịch Phan Thiết
84,https://vnexpress.net/cam-nang-du-lich-phu-yen-4465949.html,Cẩm nang du lịch Phú Yên
85,https://vnexpress.net/cam-nang-du-lich-phu-tho-4462060.html,Cẩm nang du lịch Phú Thọ
86,https://vnexpress.net/cam-nang-du-lich-pu-luong-4153045.html,Cẩm nang du lịch Pù Luông
87,https://vnexpress.net/cam-nang-du-lich-phu-quoc-4106697.html,Cẩm nang du lịch Phú Quốc
88,https://vnexpress.net/cam-nang-du-lich-dao-phu-quy-3775534.html,Cẩm nang du lịch Phú Quý
89,https://vnexpress.net/cam-nang-du-lich-quang-tri-4772745.html,Cẩm nang du lịch Quảng Trị
90,https://vnexpress.net/cam-nang-du-lich-quang-nam-4726797.html,Cẩm nang du lịch Quảng Nam
91,https://vnexpress.net/cam-nang-du-lich-quang-ngai-4631099.html,Cẩm nang du lịch Quảng Ngãi
92,https://vnexpress.net/cam-nang-du-lich-quang-binh-4612297.html,Cẩm nang du lịch Quảng Bình
93,https://vnexpress.net/cam-nang-du-lich-quang-ninh-4479287.html,Cẩm nang du lịch Quảng Ninh
94,https://vnexpress.net/cam-nang-du-lich-quan-lan-4478816.html,Cẩm nang du lịch Quan Lạn
95,https://vnexpress.net/cam-nang-du-lich-quy-nhon-4119727.html,Cẩm nang du lịch Quy Nhơn
96,https://vnexpress.net/cam-nang-du-lich-soc-trang-4793923.html,Cẩm nang du lịch Sóc Trăng
97,https://vnexpress.net/cam-nang-du-lich-son-la-4720798.html,Cẩm nang du lịch Sơn La
98,https://vnexpress.net/cam-nang-du-lich-bien-sam-son-4471606.html,Cẩm nang du lịch Sầm Sơn
99,https://vnexpress.net/cam-nang-du-lich-soc-son-4445500.html,Cẩm nang du lịch Sóc Sơn
100,https://vnexpress.net/cam-nang-du-lich-sa-pa-4108517.html,Cẩm nang du lịch Sa Pa
101,https://vnexpress.net/cam-nang-du-lich-tra-vinh-4821602.html,Cẩm nang du lịch Trà Vinh
102,https://vnexpress.net/cam-nang-du-lich-tien-giang-4799532.html,Cẩm nang du lịch Tiền Giang
103,https://vnexpress.net/cam-nang-du-lich-tay-ninh-4795506.html,Cẩm nang du lịch Tây Ninh
104,https://vnexpress.net/cam-nang-du-lich-tuyen-quang-4691524.html,Cẩm nang du lịch Tuyên Quang
105,https://vnexpress.net/cam-nang-du-lich-rung-tram-tra-su-4665214.html,Cẩm nang du lịch Trà Sư
106,https://vnexpress.net/cam-nang-du-lich-ta-xua-4656282.html,Cẩm nang du lịch Tà Xùa
107,https://vnexpress.net/cam-nang-du-lich-tram-tau-4645565.html,Cẩm nang du lịch Trạm Tấu
108,https://vnexpress.net/cam-nang-du-lich-thai-nguyen-4613586.html,Cẩm nang du lịch Thái Nguyên
109,https://vnexpress.net/cam-nang-du-lich-tp-hcm-4608205.html,Cẩm nang du lịch TP Hồ Chí Minh
110,https://vnexpress.net/cam-nang-du-lich-thanh-hoa-4607348.html,Cẩm nang du lịch Thanh Hóa
111,https://vnexpress.net/cam-nang-du-lich-tu-le-4472621.html,Cẩm nang du lịch Tú Lệ
112,https://vnexpress.net/hai-ngay-tham-tam-coc-mua-lua-chin-4467480.html,Cẩm nang du lịch Tam Cốc - Bích Động
113,https://vnexpress.net/cam-nang-du-lich-tam-dao-4454746.html,Cẩm nang du lịch Tam Đảo
114,https://vnexpress.net/cam-nang-du-lich-hue-4126937.html,Cẩm nang du lịch Thừa Thiên Huế
115,https://vnexpress.net/topic/du-lich-thai-binh-26105,Cẩm nang du lịch Thái Bình
116,https://vnexpress.net/cam-nang-du-lich-vuon-quoc-gia-pu-mat-4858184.html,Cẩm nang du lịch Vườn quốc gia Pù Mát
117,https://vnexpress.net/cam-nang-du-lich-vuon-quoc-gia-bach-ma-4817811.html,Cẩm nang du lịch Vườn quốc gia Bạch Mã
118,https://vnexpress.net/cam-nang-du-lich-vuon-quoc-gia-cuc-phuong-4779568.html,Cẩm nang du lịch Vườn quốc gia Cúc Phương
119,https://vnexpress.net/cam-nang-du-lich-vuon-quoc-gia-cat-tien-4775984.html,Cẩm nang du lịch Vườn quốc gia Cát Tiên
120,https://vnexpress.net/cam-nang-du-lich-vinh-long-4698188.html,Cẩm nang du lịch Vĩnh Long
121,https://vnexpress.net/cam-nang-du-lich-vinh-lan-ha-4634997.html,Cẩm nang du lịch Vịnh Lan Hạ
122,https://vnexpress.net/cam-nang-du-lich-vinh-ha-long-4626380.html,Cẩm nang du lịch Vịnh Hạ Long
123,https://vnexpress.net/cam-nang-du-lich-vung-tau-4476318.html,Cẩm nang du lịch Vũng Tàu
124,https://vnexpress.net/cam-nang-du-lich-vinh-phuc-4462114.html,Cẩm nang du lịch Vĩnh Phúc
125,https://vnexpress.net/48-gio-o-y-ty-4807822.html,Cẩm nang du lịch Y Tý
126,https://vnexpress.net/cam-nang-du-lich-yen-bai-4701574.html,Cẩm nang du lịch Yên Bái
127,https://vnexpress.net/kinh-nghiem-di-du-lich-doc-viet-nam-cua-khach-tay-4639439.html,Kinh nghiệm đi du lịch dọc Việt Nam của khách Tây
128,https://vi.wikipedia.org/wiki/Qu%E1%BA%A7n_th%E1%BB%83_di_t%C3%ADch_C%E1%BB%91_%C4%91%C3%B4_Hu%E1%BA%BF,Quần thể di tích Cố đô Huế – Wikipedia tiếng Việt
129,https://vi.wikipedia.org/wiki/Ph%E1%BB%91_c%E1%BB%95_H%E1%BB%99i_An,Phố cổ Hội An – Wikipedia tiếng Việt
130,https://vinpearl.com/vi/du-lich-pho-co-hoi-an-review-day-du-va-chi-tiet-tu-a-z,Just a moment...
131,https://www.vntrip.vn/cam-nang/du-lich-pho-co-hoi-an-net-dep-van-hoa-truyen-thong-695,Phố Cổ Hội An - Thành phố cổ đẹp hàng đầu Châu Á - Vntrip.vn
132,https://vi.wikipedia.org/wiki/V%E1%BB%8Bnh_H%E1%BA%A1_Long,Vịnh Hạ Long – Wikipedia tiếng Việt
133,https://www.traveloka.com/vi-vn/explore/tips/kinh-nghiem-du-lich-vinh-ha-long/169659,Kinh nghiệm du lịch vịnh Hạ Long chi tiết nhất 2025
134,https://vi.wikipedia.org/wiki/Qu%E1%BA%A7n_th%E1%BB%83_danh_th%E1%BA%AFng_Tr%C3%A0ng_An,Quần thể danh thắng Tràng An – Wikipedia tiếng Việt
135,https://mia.vn/cam-nang-du-lich/an-tuong-ve-dep-hung-vi-noi-quan-the-danh-thang-trang-an-2945,Quần thể danh thắng Tràng An với vẻ đẹp hùng vĩ ấn tượng
136,https://vi.wikipedia.org/wiki/Th%C3%A1nh_%C4%91%E1%BB%8Ba_M%E1%BB%B9_S%C6%A1n,Thánh địa Mỹ Sơn – Wikipedia tiếng Việt
137,https://www.traveloka.com/vi-vn/explore/destination/thanh-dia-my-son/145969,Thánh địa Mỹ Sơn - Di sản văn hóa thế giới tại Quảng Nam
138,https://vi.wikipedia.org/wiki/Fansipan,Fansipan – Wikipedia tiếng Việt
139,https://vi.wikipedia.org/wiki/V%C6%B0%E1%BB%9Dn_qu%E1%BB%91c_gia_Tr%C3%A0m_Chim,Vườn quốc gia Tràm Chim – Wikipedia tiếng Việt
140,https://vi.wikipedia.org/wiki/V%C6%B0%E1%BB%9Dn_qu%E1%BB%91c_gia_Phong_Nha_%E2%80%93_K%E1%BA%BB_B%C3%A0ng,Vườn quốc gia Phong Nha – Kẻ Bàng – Wikipedia tiếng Việt
141,https://vi.wikipedia.org/wiki/M%C5%A9i_N%C3%A9,Mũi Né – Wikipedia tiếng Việt
142,https://vinwonders.com/vi/wonderpedia/news/mui-ne-co-gi-choi/,Mũi Né có gì chơi? Top 16 thiên đường giải trí cực HOT
143,https://vi.wikipedia.org/wiki/%C4%90%C3%A0_L%E1%BA%A1t,Đà Lạt – Wikipedia tiếng Việt
144,https://vi.wikipedia.org/wiki/M%E1%BB%99c_Ch%C3%A2u_(th%E1%BB%8B_x%C3%A3),Mộc Châu (thị xã) – Wikipedia tiếng Việt
145,https://vi.wikipedia.org/wiki/Ch%E1%BB%A3_n%E1%BB%95i_C%C3%A1i_R%C4%83ng,Chợ nổi Cái Răng – Wikipedia tiếng Việt
146,https://vi.wikipedia.org/wiki/B%C3%A0_N%C3%A0,Bà Nà – Wikipedia tiếng Việt
147,https://vi.wikipedia.org/wiki/L%C3%BD_S%C6%A1n,Lý Sơn – Wikipedia tiếng Việt
148,https://vi.wikipedia.org/wiki/H%E1%BB%93_Ba_B%E1%BB%83,Hồ Ba Bể – Wikipedia tiếng Việt
149,https://vi.wikipedia.org/wiki/Tam_%C4%90%E1%BA%A3o,Tam Đảo – Wikipedia tiếng Việt
150,https://vi.wikipedia.org/wiki/Ho%C3%A0ng_th%C3%A0nh_Th%C4%83ng_Long,Hoàng thành Thăng Long – Wikipedia tiếng Việt
151,https://vi.wikipedia.org/wiki/Th%C3%A0nh_nh%C3%A0_H%E1%BB%93,Thành nhà Hồ – Wikipedia tiếng Việt
152,https://vi.wikipedia.org/wiki/V%E1%BB%8Bnh_Lan_H%E1%BA%A1,Vịnh Lan Hạ – Wikipedia tiếng Việt
153,https://vi.wikipedia.org/wiki/C%C3%B4_T%C3%B4,Cô Tô (định hướng) – Wikipedia tiếng Việt
154,https://vi.wikipedia.org/wiki/Qu%E1%BA%A7n_%C4%91%E1%BA%A3o_C%C3%A1t_B%C3%A0,Quần đảo Cát Bà – Wikipedia tiếng Việt
155,https://vi.wikipedia.org/wiki/Ph%C3%BA_Qu%E1%BB%91c,Phú Quốc – Wikipedia tiếng Việt
156,https://mia.vn/cam-nang-du-lich/ve-dep-bai-dai-phu-quoc-14160,"Bãi Dài Phú Quốc với vẻ đẹp hoang sơ, làn nước trong xanh như ngọc"
157,https://vi.wikipedia.org/wiki/C%C3%B4n_%C4%90%E1%BA%A3o,Côn Đảo – Wikipedia tiếng Việt
158,https://vi.wikipedia.org/wiki/Hang_S%C6%A1n_%C4%90o%C3%B2ng,Hang Sơn Đoòng – Wikipedia tiếng Việt
159,https://oxalisadventure.com/vi/cave/hang-en/,Just a moment...
160,https://vi.wikipedia.org/wiki/V%C6%B0%E1%BB%9Dn_qu%E1%BB%91c_gia_C%C3%BAc_Ph%C6%B0%C6%A1ng,Vườn quốc gia Cúc Phương – Wikipedia tiếng Việt
161,http://www.bachmapark.com.vn/,"VƯỜN QUỐC GIA BẠCH MÃ, vuon quoc gia bach ma"
162,https://vi.wikipedia.org/wiki/V%C6%B0%E1%BB%9Dn_qu%E1%BB%91c_gia_C%C3%A1t_Ti%C3%AAn,Vườn quốc gia Cát Tiên – Wikipedia tiếng Việt
163,https://vi.wikipedia.org/wiki/V%C6%B0%E1%BB%9Dn_qu%E1%BB%91c_gia_N%C3%BAi_Ch%C3%BAa,Vườn quốc gia Núi Chúa – Wikipedia tiếng Việt
164,https://vi.wikipedia.org/wiki/V%C6%B0%E1%BB%9Dn_qu%E1%BB%91c_gia_Ba_B%E1%BB%83,Vườn quốc gia Ba Bể – Wikipedia tiếng Việt
165,https://vi.wikipedia.org/wiki/V%C6%B0%E1%BB%9Dn_qu%E1%BB%91c_gia_B%E1%BA%BFn_En,Vườn quốc gia Bến En – Wikipedia tiếng Việt
166,https://vi.wikipedia.org/wiki/H%E1%BB%93_N%C3%BAi_C%E1%BB%91c,Hồ Núi Cốc – Wikipedia tiếng Việt
167,https://vi.wikipedia.org/wiki/H%E1%BB%93_Y%C3%AAn_Th%E1%BA%AFng,Hồ Yên Thắng – Wikipedia tiếng Việt
168,https://vi.wikipedia.org/wiki/H%E1%BB%93_%C4%90%E1%BB%93ng_Nai_3,Hồ Đồng Nai 3 – Wikipedia tiếng Việt
169,https://vi.wikipedia.org/wiki/H%E1%BB%93_Tr%E1%BB%8B_An,Hồ Trị An – Wikipedia tiếng Việt
170,https://vi.wikipedia.org/wiki/H%E1%BB%93_X%E1%BA%A1_H%C6%B0%C6%A1ng,Hồ Xạ Hương – Wikipedia tiếng Việt
171,https://www.ivivu.com/blog/2022/12/ho-xa-huong-canh-sac-tuyet-dep-tren-nui-tam-dao/,Hồ Xạ Hương – Cảnh sắc tuyệt đẹp trên núi Tam Đảo - iVIVU.com
172,https://vi.wikipedia.org/wiki/H%E1%BB%93_Xu%C3%A2n_H%C6%B0%C6%A1ng_(h%E1%BB%93_n%C6%B0%E1%BB%9Bc),Hồ Xuân Hương (hồ nước) – Wikipedia tiếng Việt
173,https://vnexpress.net/doi-che-moc-chau-tua-tien-canh-trong-suong-som-4710347.html,Đồi chè Mộc Châu tựa tiên cảnh trong sương sớm - Báo VnExpress Du lịch
174,https://vi.wikipedia.org/wiki/Khu_di_t%C3%ADch_P%C3%A1c_B%C3%B3,Khu di tích Pác Bó – Wikipedia tiếng Việt
175,https://vi.wikipedia.org/wiki/Su%E1%BB%91i_n%C6%B0%E1%BB%9Bc_n%C3%B3ng_Kim_B%C3%B4i,Suối nước nóng Kim Bôi – Wikipedia tiếng Việt
176,https://vinpearl.com/vi/suoi-khoang-my-lam-tuyen-quang,Just a moment...
177,https://vi.wikipedia.org/wiki/B%C3%A3i_bi%E1%BB%83n_S%E1%BA%A7m_S%C6%A1n,Bãi biển Sầm Sơn – Wikipedia tiếng Việt
178,https://vi.wikipedia.org/wiki/S%E1%BA%A7m_S%C6%A1n,Sầm Sơn – Wikipedia tiếng Việt
179,https://vi.wikipedia.org/wiki/C%E1%BB%ADa_L%C3%B2,Cửa Lò – Wikipedia tiếng Việt
180,https://vi.wikipedia.org/wiki/C%E1%BB%ADa_L%C3%B2_(th%E1%BB%8B_x%C3%A3),Cửa Lò (thị xã) – Wikipedia tiếng Việt
181,https://vinpearl.com/vi/du-lich-cua-lo-nghe-an-so-tay-du-lich-tu-a-den-z,Just a moment...
182,https://vi.wikipedia.org/wiki/C%E1%BB%ADa_%C4%90%E1%BA%A1i_(ph%C6%B0%E1%BB%9Dng),Cửa Đại (phường) – Wikipedia tiếng Việt
183,https://vinwonders.com/vi/wonderpedia/news/bien-cua-dai-kinh-nghiem-kham-pha-thien-duong-bien-hoi-an/,Biển Cửa Đại - Kinh nghiệm khám phá thiên đường biển Hội An
184,https://vi.wikipedia.org/wiki/B%C3%A3i_bi%E1%BB%83n_M%E1%BB%B9_Kh%C3%AA,Bãi biển Mỹ Khê – Wikipedia tiếng Việt
185,https://vinpearl.com/vi/kinh-nghiem-di-bai-bien-my-khe-da-nang-chi-tiet-day-du-nhat,Just a moment...
186,https://vi.wikipedia.org/wiki/N%C3%BAi_B%C3%A0_%C4%90en,Núi Bà Đen – Wikipedia tiếng Việt
187,https://sunworld.vn/ba-den/tin-tuc/du-lich-nui-ba-den-tay-ninh,[A - Z] Trải nghiệm & kinh nghiệm du lịch núi Bà Đen Tây Ninh
188,https://mia.vn/cam-nang-du-lich/nui-ham-rong-sapa-ngon-nui-hinh-dau-rong-noi-tieng-cua-thanh-pho-mo-suong-468,Núi Hàm Rồng Sapa - Ngọn núi hình đầu rồng nổi tiếng của thành phố mờ sương
189,https://mia.vn/cam-nang-du-lich/duong-len-cong-troi-sapa-noi-thien-duong-trong-may-dai-ngan-478,Đường lên cổng trời Sapa - Nơi thiên đường trong mây đại ngàn
190,https://vi.wikipedia.org/wiki/Th%C3%A1c_B%E1%BA%A3n_Gi%E1%BB%91c,Thác Bản Giốc – Wikipedia tiếng Việt
191,https://vietnamtourism.gov.vn/post/36540,Thác Bản Giốc - vẻ đẹp kỳ vĩ giữa non nước Cao Bằng
192,https://vi.wikipedia.org/wiki/%C4%90%E1%BB%99ng_Phong_Nha,Động Phong Nha – Wikipedia tiếng Việt
193,https://www.vietnamairlines.com/sa/vi/useful-information/travel-guide/vuon-quoc-gia-phong-nha-ke-bang,Trọn bộ kinh nghiệm du lịch vườn Quốc gia Phong Nha Kẻ Bàng
194,https://oxalisadventure.com/vi/du-lich-song-chay-hang-toi-quang-binh/,Just a moment...
195,https://vi.wikipedia.org/wiki/%C4%90%E1%BB%99ng_Thi%C3%AAn_%C4%90%C6%B0%E1%BB%9Dng,Just a moment...
196,https://dongthienduong.com/,"Khu du lịch sinh thái Động Thiên Đường - Quảng Bình, Việt Nam"
197,https://oxalisadventure.com/vi/cam-nang-du-lich-dong-thien-duong-quang-binh/,Just a moment...
198,https://vi.wikipedia.org/wiki/H%E1%BB%93_L%E1%BA%AFk,Hồ Lắk – Wikipedia tiếng Việt
199,https://www.xanhsm.com/news/khu-du-lich-ho-lak-dak-lak,Khu du lịch Hồ Lắk có gì đặc biệt mà ai đến cũng mê mẩn? | Xanh SM
200,https://wetrek.vn/bai-viet-thanh-vien/ho-lak-vao-top-diem-cam-trai-sang-chanh-o-dong-nam-a.htm?srsltid=AfmBOopttl5WP7nUx8HJNb3JJJ_vWwnlKsW3D4yFFvBvol-U29nCBLuK,Hồ Lắk vào tóp điểm cắm trại sang chảnh ở Đông Nam Á
201,https://vi.wikipedia.org/wiki/Th%C3%A1c_%C4%90amb%27ri,Thác Đamb'ri – Wikipedia tiếng Việt
202,https://www.dambri.com.vn/,Khu du lịch thác đamb'ri
203,https://ecotour.com.vn/thac-dai-yem,Thác Dải Yếm Mộc Châu – Dải Lụa Trắng Giữa Đại Ngàn Tây Bắc - Ecotour
204,https://vietnamtourism.gov.vn/post/29637,Thác Dải Yếm: Điểm giải nhiệt cho mùa hè mát lạnh tại Mộc Châu
205,https://vi.wikipedia.org/wiki/Th%C3%A1c_Pongour,Thác Pongour – Wikipedia tiếng Việt
206,https://vinpearl.com/vi/thac-pongour-da-lat,Just a moment...
207,https://vi.wikipedia.org/wiki/Th%C3%A1c_Prenn,Thác Prenn – Wikipedia tiếng Việt
208,https://vinpearl.com/vi/thac-prenn-da-lat,Just a moment...
209,https://vi.wikipedia.org/wiki/H%E1%BB%93_L%E1%BA%AFk,Hồ Lắk – Wikipedia tiếng Việt
210,https://tapchimoitruong.vn/thien-nhien-va-moi-truong-viet-nam-85/H%E1%BB%93-Lak---%C4%90i%E1%BB%83m-du-l%E1%BB%8Bch-sinh-th%C3%A1i-v%C3%A0-v%C4%83n-h%C3%B3a-n%E1%BB%95i-ti%E1%BA%BFng-c%E1%BB%A7a-%C4%90%E1%BA%AFc-L%E1%BA%AFc-21570,Hồ Lak - Điểm du lịch sinh thái và văn hóa nổi tiếng của Đắc Lắc
211,https://www.traveloka.com/vi-vn/explore/destination/ho-lak/223728,Khám phá Hồ Lắk - “Nàng thơ” của núi rừng Tây Nguyên hoang dã
212,https://www.traveloka.com/vi-vn/explore/destination/ho-da-xanh-vung-tau/327730,Check-in hồ Đá Xanh Vũng Tàu - Tọa độ sống ảo đẹp mê hồn
213,https://vietair.com.vn/du-lich-trong-nuoc/ho-da-xanh-vung-tau.html,Kinh nghiệm khám phá hồ Đá Xanh Vũng Tàu chi tiết nhất 2025
214,https://vi.wikipedia.org/wiki/N%C3%BAi_Langbiang,Núi Langbiang – Wikipedia tiếng Việt
215,https://vinpearl.com/vi/dinh-langbiang-da-lat,Just a moment...
216,https://vi.wikipedia.org/wiki/H%E1%BB%93_Tuy%E1%BB%81n_L%C3%A2m,Hồ Tuyền Lâm – Wikipedia tiếng Việt
217,https://www.traveloka.com/vi-vn/explore/destination/ho-tuyen-lam-da-lat-acc/226558,Hồ Tuyền Lâm: khám phá lá phổi xanh của Đà Lạt
218,https://vi.wikipedia.org/wiki/N%C3%BAi_Ch%E1%BB%A9a_Chan,Núi Chứa Chan – Wikipedia tiếng Việt
219,https://vi.wikipedia.org/wiki/N%C3%BAi_Dinh,Núi Dinh – Wikipedia tiếng Việt
220,https://mia.vn/cam-nang-du-lich/nui-dinh-vung-tau-diem-den-sieu-ngau-cho-lan-dau-trekking-1261,Núi Dinh Vũng Tàu: Điểm đến siêu ngầu cho lần đầu trekking
221,https://vi.wikipedia.org/wiki/H%C3%B2n_Mun,Hòn Mun – Wikipedia tiếng Việt
222,https://www.traveloka.com/vi-vn/explore/destination/hon-mun-acc/193841,Hòn Mun: Cẩm nang vui chơi với chi phí rẻ nhất
223,https://vinpearl.com/vi/du-lich-hon-tam-nha-trang-review-thien-duong-bien-xanh-lang-man,Just a moment...
224,https://vi.wikipedia.org/wiki/H%C3%B2n_T%E1%BA%B1m,Hòn Tằm – Wikipedia tiếng Việt
225,https://mia.vn/cam-nang-du-lich/goi-y-lich-trinh-kham-pha-hon-nua-phu-yen-tu-tuc-2n1d-2218,Gợi ý lịch trình khám phá Hòn Nưa – Phú Yên tự túc 2N1Đ
226,https://www.traveloka.com/vi-vn/explore/destination/gns-hon-nua-phu-yen/252019,Hòn Nưa Phú Yên - Điểm du lịch mới nổi tại Phú Yên
227,https://vi.wikipedia.org/wiki/%C4%90%E1%BA%A3o_B%C3%ACnh_Ba,Đảo Bình Ba – Wikipedia tiếng Việt
228,https://vi.wikipedia.org/wiki/S%C6%A1n_Tr%C3%A0,Sơn Trà – Wikipedia tiếng Việt
229,https://vietluxtour.com/kham-pha/ban-dao-son-tra-da-nang.html?srsltid=AfmBOorcTl6oPtQm2Jf5dBz9qoZ0v65SNAA5G6cpu8DFv-_yTsf9TEuj,Bạn có 1 tin nhắn
230,https://vi.wikipedia.org/wiki/C%C3%B9_lao_Ch%C3%A0m,Cù lao Chàm – Wikipedia tiếng Việt
231,https://vinpearl.com/vi/review-cu-lao-cham-khu-du-tru-sinh-quyen-the-gioi,Just a moment...
232,https://vi.wikipedia.org/wiki/Khu_d%E1%BB%B1_tr%E1%BB%AF_sinh_quy%E1%BB%83n_r%E1%BB%ABng_ng%E1%BA%ADp_m%E1%BA%B7n_C%E1%BA%A7n_Gi%E1%BB%9D,Khu dự trữ sinh quyển rừng ngập mặn Cần Giờ – Wikipedia tiếng Việt
233,https://vinpearl.com/vi/can-cu-noi-rung-sac-can-gio-diem-den-gan-sai-gon-sieu-hap-dan,Just a moment...
234,https://www.rungngapmancangio.org/,CANGIO - Khu Dữ Trữ Sinh Quyển Rừng Ngập Mặn Cần Giờ
235,https://vi.wikipedia.org/wiki/V%C6%B0%E1%BB%9Dn_qu%E1%BB%91c_gia_Xu%C3%A2n_Th%E1%BB%A7y,Vườn quốc gia Xuân Thủy – Wikipedia tiếng Việt
236,https://mia.vn/cam-nang-du-lich/vuon-quoc-gia-xuan-thuy-13186,"Vườn quốc gia Xuân Thủy, khu RAMSAR độc nhất tại Nam Định"
237,https://vi.wikipedia.org/wiki/Khu_b%E1%BA%A3o_t%E1%BB%93n_thi%C3%AAn_nhi%C3%AAn_%C4%91%E1%BA%A5t_ng%E1%BA%ADp_n%C6%B0%E1%BB%9Bc_V%C3%A2n_Long,Khu bảo tồn thiên nhiên đất ngập nước Vân Long – Wikipedia tiếng Việt
238,https://www.traveloka.com/vi-vn/explore/destination/khu-bao-ton-thien-nhien-van-long/271171,Kinh nghiệm du lịch khu bảo tồn thiên nhiên Vân Long
239,https://vi.wikipedia.org/wiki/Ph%C3%BA_Qu%E1%BB%91c,Phú Quốc – Wikipedia tiếng Việt
240,https://vinpearl.com/vi/phu-quoc-thuoc-tinh-nao-mien-nao-noi-tieng-ve-gi,Just a moment...
241,https://vi.wikipedia.org/wiki/C%C3%B4n_%C4%90%E1%BA%A3o,Côn Đảo – Wikipedia tiếng Việt
242,https://baria-vungtau.gov.vn/sphere/baria/vungtau/page/print.cpx?uuid=5a4453f05256894c8bce42c0,Trang chủ - Cổng thông tin Thành Phố Hồ Chí Minh
243,https://vi.wikipedia.org/wiki/Hang_S%C6%A1n_%C4%90o%C3%B2ng,Hang Sơn Đoòng – Wikipedia tiếng Việt
244,https://oxalisadventure.com/vi/cave/hang-son-doong/,Just a moment...
245,https://vinpearl.com/vi/du-lich-hang-son-doong-quang-binh-hanh-trinh-tham-hiem-tu-nhien,Just a moment...
246,https://vi.wikipedia.org/wiki/V%C6%B0%E1%BB%9Dn_qu%E1%BB%91c_gia_C%C3%BAc_Ph%C6%B0%C6%A1ng,Vườn quốc gia Cúc Phương – Wikipedia tiếng Việt
247,https://sonnmt.ninhbinh.gov.vn/tin-trong-nuoc/vuon-quoc-gia-cuc-phuong-rung-nguyen-sinh-dep-nhat-viet-nam-106.html,Vườn quốc gia Cúc Phương: Rừng nguyên sinh đẹp nhất Việt Nam
248,https://vi.wikipedia.org/wiki/V%C6%B0%E1%BB%9Dn_qu%E1%BB%91c_gia_B%E1%BA%A1ch_M%C3%A3,Vườn quốc gia Bạch Mã – Wikipedia tiếng Việt
249,https://vinpearl.com/vi/vuon-quoc-gia-bach-ma-hue-kinh-nghiem-tham-quan-chi-tiet-nhat,Just a moment...
250,https://vi.wikipedia.org/wiki/V%C6%B0%E1%BB%9Dn_qu%E1%BB%91c_gia_C%C3%A1t_Ti%C3%AAn,Vườn quốc gia Cát Tiên – Wikipedia tiếng Việt
251,https://cattiennationalpark.com.vn/,Trang chủ - VQG Cát Tiên
252,https://vi.wikipedia.org/wiki/V%C6%B0%E1%BB%9Dn_qu%E1%BB%91c_gia_N%C3%BAi_Ch%C3%BAa,Vườn quốc gia Núi Chúa – Wikipedia tiếng Việt
253,https://mia.vn/cam-nang-du-lich/vuon-quoc-gia-nui-chua-khu-du-tru-sinh-quyen-moi-cua-the-gioi-7484,Vườn Quốc Gia Núi Chúa: Khu dự trữ sinh quyển mới của thế giới
254,https://vi.wikipedia.org/wiki/N%C3%BAi_B%C3%A0_%C4%90en,Núi Bà Đen – Wikipedia tiếng Việt
255,https://sunworld.vn/ba-den/tin-tuc/du-lich-nui-ba-den-tay-ninh,[A - Z] Trải nghiệm & kinh nghiệm du lịch núi Bà Đen Tây Ninh
256,https://booking.muongthanh.com/tin-tuc/doi-che-trai-tim-moc-chau,Khám phá đồi chè trái tim Mộc Châu (Bật mí thời điểm chụp ảnh đẹp nhất))
257,https://pystravel.vn/tin/5831-doi-che-moc-chau.html?srsltid=AfmBOorklKzhX52Sx-FgXFhX4QvExLr9oCSrwN9Qw3CfpoWnuIrxdzrG,Gợi ý cho bạn Top 3 đồi chè Mộc Châu hấp dẫn nhất
258,https://vnexpress.net/doi-che-moc-chau-tua-tien-canh-trong-suong-som-4710347.html,Đồi chè Mộc Châu tựa tiên cảnh trong sương sớm - Báo VnExpress Du lịch
259,https://baosonla.vn/du-lich/doi-che-moc-chau-diem-den-hap-dan-du-khach-OYJ7mRaNg.html,Đồi chè Mộc Châu - điểm đến hấp dẫn du khách
260,https://vi.wikipedia.org/wiki/Th%C3%A1c_B%E1%BA%A3n_Gi%E1%BB%91c,Thác Bản Giốc – Wikipedia tiếng Việt
261,https://vietnamtourism.gov.vn/post/36540,Thác Bản Giốc - vẻ đẹp kỳ vĩ giữa non nước Cao Bằng
262,https://caobangtourism.vn/vi/bangioccbg,Khu du lịch danh lam thắng cảnh Thác Bản Giốc
263,https://oxalisadventure.com/vi/cave/hang-en/,Just a moment...
264,https://oxalisadventure.com/vi/tour/kham-pha-hang-en/,Just a moment...
265,https://vi.wikipedia.org/wiki/Hang_%C3%89n,Hang Én – Wikipedia tiếng Việt
266,https://dulichnewtour.vn/hang-en/,"Trekking Hang Én, hành trình khám phá thiên nhiên hoang sơ"
267,https://vi.wikipedia.org/wiki/%C4%90%E1%BB%99ng_Thi%C3%AAn_%C4%90%C6%B0%E1%BB%9Dng,Động Thiên Đường – Wikipedia tiếng Việt
268,https://vinpearl.com/vi/kham-pha-dong-thien-duong-quang-binh-tien-canh-tran-gian,Just a moment...
269,https://dongthienduong.com/,"Khu du lịch sinh thái Động Thiên Đường - Quảng Bình, Việt Nam"
270,https://vi.wikipedia.org/wiki/C%E1%BA%A7u_V%C3%A0ng,Cầu Vàng – Wikipedia tiếng Việt
271,https://www.pullman-danang.com/vi/kham-pha/kham-pha/cay-cau-vang-tren-dinh-ba-na-hills-da-nang/,Cầu Vàng Bà Nà Hill – Biểu Tượng Du Lịch Đà Nẵng
272,https://sunworld.vn/banahills/tin-tuc/https-banahills-sunworld-vn-tin-tuc-cach-di-cau-vang-da-nanghtml,Sun World
273,https://vi.wikipedia.org/wiki/H%E1%BB%93_Tuy%E1%BB%81n_L%C3%A2m,Hồ Tuyền Lâm – Wikipedia tiếng Việt
274,https://vinpearl.com/vi/ho-tuyen-lam-da-lat,Just a moment...
275,https://www.klook.com/vi/blog/ho-tuyen-lam-da-lat/,Hồ Tuyền Lâm Ở Đâu? Kinh Nghiệm Đi Hồ Tuyền Lâm Ở Đà Lạt - Klook Blog
276,https://mia.vn/cam-nang-du-lich/bien-cua-dai-hoi-an-an-tuong-mot-trong-25-bai-bien-dep-nhat-chau-a-222,Biển Cửa Đại Hội An - Ấn tượng một trong 25 bãi biển đẹp nhất Châu Á
277,https://vinwonders.com/vi/wonderpedia/news/bien-cua-dai-kinh-nghiem-kham-pha-thien-duong-bien-hoi-an/,Biển Cửa Đại - Kinh nghiệm khám phá thiên đường biển Hội An
278,https://www.bachhoaxanh.com/kinh-nghiem-hay/kinh-nghiem-du-lich-bien-cua-dai-hoi-an-tu-a-z-cho-chuyen-di-tron-niem-vui-1368589,Kinh nghiệm du lịch biển Cửa Đại Hội An từ A-Z cho chuyến đi trọn niềm vui
279,https://vi.wikipedia.org/wiki/B%C3%A3i_bi%E1%BB%83n_M%E1%BB%B9_Kh%C3%AA,Bãi biển Mỹ Khê – Wikipedia tiếng Việt
280,https://vinwonders.com/vi/wonderpedia/news/bai-bien-my-khe-da-nang-review-chi-tiet-an-o-vui-choi-di-lai/,Bãi biển Mỹ Khê Đà Nẵng - Điểm du lịch HOT cho mùa hè 2026
281,https://mia.vn/cam-nang-du-lich/bai-bien-my-khe-da-nang-lang-nguoi-ngam-nhin-1-trong-6-bai-bien-dep-nhat-hanh-tinh-1777,"Đến biển Mỹ Khê Đà Nẵng, lặng người ngắm nhìn 1 trong 6 bãi biển đẹp nhất hành tinh"
282,https://vi.wikipedia.org/wiki/Cù_lao_Chàm,Cù lao Chàm – Wikipedia tiếng Việt
283,https://vietnamtourism.gov.vn/post/34413,Khám phá vẻ đẹp đảo xanh Cù Lao Chàm
284,https://www.klook.com/vi/blog/cu-lao-cham/,Kinh Nghiệm Du Lịch Cù Lao Chàm Nổi Tiếng Ở Hội An - Klook Blog
285,https://vi.wikipedia.org/wiki/S%C6%A1n_Tr%C3%A0,Sơn Trà – Wikipedia tiếng Việt
286,https://hoabinhtourist.com/cam-nang-du-lich/ban-dao-son-tra,Kinh nghiệm du lịch bán đảo sơn trà Đà Nẵng chi tiết A - Z
287,https://vinpearl.com/vi/du-lich-ban-dao-son-tra-di-dau-an-gi-o-dau-chi-tiet-nhat,Just a moment...
288,https://vi.wikipedia.org/wiki/Ng%C5%A9_H%C3%A0nh_S%C6%A1n,Ngũ Hành Sơn – Wikipedia tiếng Việt
289,https://www.traveloka.com/vi-vn/explore/destination/ngu-hanh-son-da-nang/147506,Ngũ Hành Sơn Đà Nẵng: Kinh nghiệm du lịch chi tiết năm 2025
290,https://vinpearl.com/vi/ngu-hanh-son-da-nang-nam-thien-danh-thang-tru-danh,Just a moment...
291,https://vi.wikipedia.org/wiki/G%C3%A0nh_%C4%90%C3%A1_%C4%90%C4%A9a,Gành Đá Đĩa – Wikipedia tiếng Việt
292,https://mia.vn/cam-nang-du-lich/review-ghenh-da-dia-phu-yen-va-nhung-trai-nghiem-thu-vi-2778,Review Gành Đá Đĩa Phú Yên và những trải nghiệm thú vị
293,https://vinpearl.com/vi/ganh-da-dia-phu-yen,Just a moment...
294,https://www.xanhsm.com/news/khu-du-lich-suoi-khoang-kim-boi-hoa-binh,Kinh nghiệm vui chơi tại khu du lịch suối khoáng Kim Bôi từ A đến Z | Xanh SM
295,https://maichauhideaway.com/suoi-nuoc-nong-kim-boi,Kinh nghiệm du lịch suối nước nóng Kim Bôi Hòa Bình chi tiết
297,https://vi.wikipedia.org/wiki/%C4%90%E1%BB%8Ba_%C4%91%E1%BA%A1o_C%E1%BB%A7_Chi,Địa đạo Củ Chi – Wikipedia tiếng Việt
298,https://www.klook.com/vi/blog/dia-dao-cu-chi/,"Kinh Nghiệm Đi Địa Đạo Củ Chi, Di Tích Nổi Tiếng Ở Sài Gòn - Klook Blog"
299,https://vi.wikipedia.org/wiki/Th%C3%A1p_Po_Klong_Garai,Tháp Po Klong Garai – Wikipedia tiếng Việt
300,https://mia.vn/cam-nang-du-lich/thap-po-klong-garai-bieu-tuong-tam-linh-dac-sac-cua-nen-van-hoa-cham-pa-7478,"Tháp Po Klong Garai, biểu tượng đặc sắc của văn hoá Chăm Pa"
301,https://vi.wikipedia.org/wiki/Ch%C3%B9a_B%E1%BB%95_%C4%90%C3%A0,Chùa Bổ Đà – Wikipedia tiếng Việt
302,https://bacgiang.gov.vn/chi-tiet-tin-tuc/-/asset_publisher/St1DaeZNsp94/content/chua-bo-a-danh-lam-co-tu-noi-tieng-vung-kinh-bac,Cổng thông tin điện tử tỉnh Bắc Giang
303,https://vnexpress.net/hai-ngoi-chua-co-o-bac-ninh-duoc-unesco-vinh-danh-di-san-4915507.html,Hai ngôi chùa cổ ở Bắc Ninh được UNESCO vinh danh di sản - Báo VnExpress
304,https://mia.vn/cam-nang-du-lich/hoi-quan-phuc-kien-hoi-an-di-san-van-hoa-dep-nhat-nhi-do-thi-co-232,Hội quán Phúc Kiến Hội An - Di sản văn hóa đẹp nhất nhì đô thị cổ
305,https://vinpearl.com/vi/cam-nang-kham-pha-hoi-quan-phuc-kien-hoi-an-tu-a-z-khong-nen-bo-lo,Just a moment...
306,https://tripmap.vn/news/nhung-diem-den-du-lich-hap-dan-o-dong-van-noi-cao-nguyen-da-dai-ngan/,"Những điểm đến du lịch hấp dẫn ở Đồng Văn nơi ""Cao nguyên đá đại ngàn"" - Tỉnh Hà Giang - TRIPMAP"
307,https://laodong.vn/du-lich/kham-pha/3-ngoi-lang-co-nep-minh-giua-long-cao-nguyen-da-ha-giang-1490900.html,3 ngôi làng cổ nép mình giữa lòng cao nguyên đá Hà Giang
308,https://vi.wikipedia.org/wiki/Ru%E1%BB%99ng_b%E1%BA%ADc_thang_M%C3%B9_Cang_Ch%E1%BA%A3i,Ruộng bậc thang Mù Cang Chải – Wikipedia tiếng Việt
309,https://vietnamtourism.gov.vn/post/33899,Ruộng bậc thang Mù Cang Chải – bức tranh kiệt tác của con người và thiên nhiên
310,https://vi.wikipedia.org/wiki/Th%C3%A0nh_nh%C3%A0_H%E1%BB%93,Thành nhà Hồ – Wikipedia tiếng Việt
311,https://vinpearl.com/vi/thanh-nha-ho-di-tich-lich-su-dia-diem-du-lich-noi-tieng-bac-nhat-xu-thanh,Just a moment...
312,"https://vi.wikipedia.org/wiki/Qu%E1%BA%A7n_th%E1%BB%83_di_t%C3%ADch_v%C3%A0_danh_th%E1%BA%AFng_Y%C3%AAn_T%E1%BB%AD_%E2%80%93_V%C4%A9nh_Nghi%C3%AAm_%E2%80%93_C%C3%B4n_S%C6%A1n,_Ki%E1%BA%BFp_B%E1%BA%A1c","Quần thể di tích và danh thắng Yên Tử – Vĩnh Nghiêm – Côn Sơn, Kiếp Bạc – Wikipedia tiếng Việt"
313,https://vi.wikipedia.org/wiki/Khu_di_t%C3%ADch_l%E1%BB%8Bch_s%E1%BB%AD_v%C3%A0_danh_th%E1%BA%AFng_Y%C3%AAn_T%E1%BB%AD,Khu di tích lịch sử và danh thắng Yên Tử – Wikipedia tiếng Việt
314,https://thanhnienviet.vn/nha-tho-duc-ba-diem-du-lich-khong-the-bo-qua-khi-den-sai-gon-209243107200046459.htm,Nhà thờ Đức Bà – điểm du lịch không thể bỏ qua khi đến Sài Gòn
315,https://vinpearl.com/vi/nha-tho-duc-ba-diem-du-lich-phai-check-in-khi-den-sai-gon,Just a moment...
316,https://mia.vn/cam-nang-du-lich/dinh-doc-lap-12428,"Kinh nghiệm tham quan Dinh Độc Lập, biểu tượng của thống nhất và hòa bình"
317,https://www.traveloka.com/vi-vn/explore/destination/dinh-doc-lap-acc/196891,"Dinh Độc Lập: Giá vé, giờ mở cửa, kiến trúc và lịch sử"
318,https://mia.vn/cam-nang-du-lich/kham-pha-cho-ben-thanh-12521,"Khám phá chợ Bến Thành, biểu tượng lâu đời của văn hóa Sài Gòn"
319,https://vinwonders.com/vi/wonderpedia/news/cho-ben-thanh-sai-gon/,"Chợ Bến Thành: Địa chỉ, giờ hoạt động & kinh nghiệm đi"
320,https://kichcaudulichtphcm.vn/ben-nha-rong/,Kinh nghiệm tham quan Bến Nhà Rồng nơi in dấu chân Bác
321,https://mia.vn/cam-nang-du-lich/ben-nha-rong-13077,"Thưởng lãm Bến Nhà Rồng, vùng ký ức rạng ngời của lịch sử dân tộc"
322,https://hoabinhtourist.com/cam-nang-du-lich/chiem-nguong-ve-dep-hiem-co-o-thac-mo-binh-phuoc,Chiêm ngưỡng vẻ đẹp hiếm có ở Thác Mơ Bình Phước - HoaBinhTourist
323,https://52hz.vn/thac-mo-binh-phuoc/,Thác Mơ Bình Phước: Khám phá vẻ đẹp hiếm có khó tìm
324,https://mia.vn/cam-nang-du-lich/chiem-nguong-vuon-quoc-gia-u-minh-ha-ve-dep-thien-nhien-tru-phu-10130,"Chiêm ngưỡng Vườn quốc gia U Minh Hạ, vẻ đẹp thiên nhiên trù phú"
325,https://www.traveloka.com/vi-vn/explore/destination/kinh-nghiem-du-lich-u-minh-ha/165556,Kinh nghiệm du lịch U Minh Hạ chi tiết cho chuyến đi “nhàn tênh”
326,https://mia.vn/cam-nang-du-lich/kinh-nghiem-du-lich-nui-ba-ra-cho-cac-doi-chan-nghien-xe-dich-7090,Kinh nghiệm du lịch núi Bà Rá cho các đôi chân nghiện xê dịch
327,https://dulichchaovietnam.com/kham-pha-nui-ba-ra-ngon-nui-cao-nhat-binh-phuoc.html,Khám phá núi Bà Rá – Ngọn núi cao nhất Bình Phước
328,https://dulichthuduc.com.vn/thac-dung-diem-den-hap-dan-o-binh-phuoc-khong-the-bo-qua.html,Thác Đứng – Điểm Đến Hấp Dẫn Ở Bình Phước Không Thể Bỏ Qua
329,https://luhanhvietnam.com.vn/du-lich/kham-pha-ve-dep-thac-dung-binh-phuoc.html,Đẹp hút hồn cảnh sắc thiên nhiên thác Đứng Bình Phước
330,https://www.bestprice.vn/blog/diem-den-8/khu-du-lich-suoi-mo-776.html?srsltid=AfmBOoq7eQlj2uSNCfIlsHTeza5-vNICsn1U6cSe0JYfpFUzE5e9zaSo,Khu du lịch Suối Mơ - địa điểm dã ngoại thú vị cuối tuần - BestPrice
331,https://dulichthuduc.com.vn/khu-du-lich-suoi-mo-dong-nai-diem-den-ly-tuong-vao-dip-cuoi-tuan.html,Khu du lịch Suối Mơ Đồng Nai – Điểm đến lý tưởng vào dịp cuối tuần
332,https://vinpearl.com/vi/toa-thanh-tay-ninh-cong-trinh-kien-truc-ton-giao-noi-tieng-the-gioi,Just a moment...
333,https://dulich3mien.vn/tay-ninh/toa-thanh-tay-ninh/,Khám phá Tòa Thánh Tây Ninh | Công trình quan trọng của đạo Cao Đài
334,https://thanhlamhotspring.com/du-lich-rung-tram-tra-su/,Rừng tràm Trà Sư - hệ sinh thái ngập nước vô cùng phong phú
335,https://bookingtour.vn/blog/kham-pha-rung-tram-tra-su-an-giang.html,Khám phá rừng tràm Trà Sư – An Giang.
336,https://vinpearl.com/vi/thung-lung-tinh-yeu,Just a moment...
337,https://mia.vn/cam-nang-du-lich/thung-lung-tinh-yeu-co-gi-18817,Thung Lũng Tình Yêu: Điểm đến lãng mạn và đầy trải nghiệm
338,https://danhnamtravel.vn/tin-du-lich/du-lich-thanh-co-quang-tri-kham-pha-di-san-lich-su-van-hoa-viet-nam,Du lịch Thành Cổ Quảng Trị - Khám phá di sản lịch sử văn hóa Việt Nam
339,https://www.ivivu.com/blog/2023/05/thanh-co-quang-tri-diem-den-linh-thieng-luu-giu-ky-uc-hao-hung-qua-81-ngay-dem/,Thành cổ Quảng Trị - Điểm đến linh thiêng lưu giữ ký ức hào hùng qua 81 ngày đêm - iVIVU.com
340,https://vinwonders.com/vi/wonderpedia/news/bien-quy-nhon/,"Biển Quy Nhơn - 13 bãi biển đẹp lụi tim, đốn tim du khách"
341,https://52hz.vn/bai-bien-quy-nhon/,"Top 6 Bãi Biển Quy Nhơn Đẹp ""Ngất Ngây"" Không Thể Bỏ Qua"
342,https://vinwonders.com/vi/wonderpedia/news/kinh-nghiem-di-bien-ca-na/,"Biển Cà Ná - Cẩm nang di chuyển, ăn chơi hữu ích 2026"
343,https://www.traveloka.com/vi-vn/explore/destination/bien-ca-na-acc/237534,Biển Cà Ná: Bãi biển đẹp nên thơ của Phan Rang
344,https://www.ivivu.com/blog/2023/09/lang-gom-bau-truc-mot-trong-nhung-lang-gom-co-xua-nhat-dong-nam-a-tai-ninh-thuan/,Làng gốm Bàu Trúc – Một trong những làng gốm cổ xưa nhất Đông Nam Á tại Ninh Thuận - iVIVU.com
345,https://www.traveloka.com/vi-vn/explore/destination/lang-gom-bau-truc/249295,"Làng gốm Bàu Trúc Ninh Thuận - Đất ""nở hoa"" từ bàn tay nghệ nhân"
346,https://www.traveloka.com/vi-vn/explore/destination/gns-thac-tac-tinh-lai-chau/324326,"Chinh phục thác Tác Tình, Lai Châu - Chốn bình yên xanh"
347,https://ticotravel.com.vn/thac-tac-tinh/,Thác Tác Tình - Bản tình ca mãnh liệt giữa núi rừng Tây Bắc
348,https://mia.vn/cam-nang-du-lich/co-do-hoa-lu-dau-an-vang-son-cua-mot-thoi-dan-toc-oai-hung-3001,Cố đô Hoa Lư - Dấu ấn vàng son của một thời dân tộc oai hùng
349,https://dulich3mien.vn/ninh-binh/co-do-hoa-lu/,Giới thiệu về cố đô Hoa Lư với một thời huy hoàng kinh đô Tổ quốc
350,https://dulichnewtour.vn/chua-huong-ha-noi,Kinh nghiệm tham quan chùa Hương Hà Nội chi tiết nhất
351,https://vinpearl.com/vi/chua-huong-ha-noi,Just a moment...
352,https://vinpearl.com/vi/vinh-lang-co-hue-kham-pha-mot-trong-nhung-vinh-bien-dep-nhat-the-gioi,Just a moment...
353,https://www.traveloka.com/vi-vn/explore/tips/kinh-nghiem-du-lich-lang-co/168387,Kinh nghiệm du lịch Lăng Cô cực kỳ hữu ích
354,https://vinpearl.com/vi/song-huong-hue-kham-pha-ve-dep-tho-mong-vung-dat-kinh-ky,Just a moment...
355,https://www.vietravel.com/vn/am-thuc-kham-pha/du-lich-song-huong-hue-v16167.aspx,"Du lịch sông Hương, Huế - Bản giao hòa thiên nhiên và văn hóa vùng đất kinh kỳ"
356,https://vinwonders.com/vi/wonderpedia/news/lang-co-duong-lam/,Làng cổ Đường Lâm - Kinh nghiệm tham quan 2026 A-Z
357,https://luhanhvietnam.com.vn/du-lich/lang-co-duong-lam-ha-noi.html,Đến làng cổ Đường Lâm lạc vào cổ trấn bình yên ngay sát Hà Nội
358,https://www.vntrip.vn/cam-nang/vuon-quoc-gia-ba-vi-dia-diem-du-lich-ba-vi-ly-tuong-10552,Vườn Quốc Gia Ba Vì - Điểm du lịch siêu chất gần trung tâm thủ đô - Vntrip.vn
359,https://vinwonders.com/vi/wonderpedia/news/vuon-quoc-gia-ba-vi/,Vườn quốc gia Ba Vì - Địa điểm “trốn khói bụi” 4 mùa
360,https://quynhontrip.com/thap-doi-quy-nhon/,Tháp đôi Quy Nhơn - Quy Nhơn Trip - Điểm đến Quy Nhơn
361,https://vinpearl.com/vi/thap-doi-quy-nhon,Just a moment...
362,https://motogo.vn/nha-tho-con-ga/,Nhà thờ Con Gà Đà Lạt | Khám phá công trình kiến trúc tôn giáo độc đáo - MOTOGO
363,https://luhanhvietnam.com.vn/du-lich/kham-pha-nha-tho-con-ga-da-lat.html,Nhà thờ con gà Đà Lạt – điểm nhấn kiến trúc của xứ sở ngàn hoa
364,https://vinwonders.com/vi/wonderpedia/news/dinh-bao-dai-da-lat/,Dinh Bảo Đại Đà Lạt - Kinh nghiệm khám phá chi tiết 2026
365,https://www.ivivu.com/blog/2024/10/dinh-bao-dai-da-lat-net-kien-truc-phap-giua-rung-thong/,Dinh Bảo Đại Đà Lạt - nét kiến trúc Pháp giữa rừng thông
366,https://vinwonders.com/vi/wonderpedia/news/nui-voi-danh-lam-co-tich-noi-tieng-hai-phong/,Núi Voi - Danh lam “cổ tích” nổi tiếng Hải Phòng có gì?
367,https://luhanhvietnam.com.vn/du-lich/nui-voi-hai-phong.html,Núi Voi Hải Phòng - điểm trekking ngắm cảnh dành cho hội yêu khám phá
368,https://dulich3mien.vn/ho-chi-minh/pho-di-bo-bui-vien/,Phố đi bộ Bùi Viện | Khám phá phố Tây sôi động của đêm Sài thành
369,https://mia.vn/cam-nang-du-lich/pho-di-bo-bui-vien-12487,Lạc giữa góc phố đi bộ Bùi Viện nhộn nhịp xuyên màn đêm
370,https://ticotravel.com.vn/ben-ninh-kieu/,Bến Ninh Kiều Cần Thơ: Review chi tiết từ A - Z
371,https://www.traveloka.com/vi-vn/explore/destination/ben-ninh-kieu-2/231267,Bỏ túi ngay cẩm nang du lịch Bến Ninh Kiều - Cần Thơ
372,https://dulich3mien.vn/phu-quoc/bai-khem-phu-quoc/,Bãi Khem Phú Quốc : Kinh nghiệm du lịch khám phá chi tiết từ A - Z
373,https://ticotravel.com.vn/bai-khem-phu-quoc/,Bãi Khem Phú Quốc - Vẻ đẹp tự nhiên nơi đảo Ngọc
374,https://www.vntrip.vn/cam-nang/ho-dau-tieng-tay-ninh-67540#google_vignette,Hồ Dầu Tiếng - hồ nước nhân tạo lớn nhất Việt Nam - Vntrip.vn
375,https://vinpearl.com/vi/ho-dau-tieng-tay-ninh-tham-khao-ngay-kinh-nghiem-du-lich-tu-a-z,Just a moment...
376,https://52hz.vn/khu-du-lich-buu-long/,Khu Du Lịch Bửu Long: Vịnh Hạ Long Thu Nhỏ Của Nam Bộ
377,https://www.ivivu.com/blog/2019/08/huong-dan-duong-di-khu-du-lich-buu-long-dong-nai/,Hướng dẫn đường đi khu du lịch Bửu Long Đồng Nai - iVIVU.com
378,https://www.klook.com/vi/blog/khu-du-lich-buu-long/,"Khu Du Lịch Bửu Long, Tọa Độ Team Building Cực Hot Gần Sài Gòn - Klook Blog"
379,https://www.traveloka.com/vi-vn/explore/destination/cot-co-lung-cu-ha-giang-acc/246497,Cột cờ Lũng Cú Hà Giang - Biểu tượng thiêng liêng của tổ quốc
380,https://mia.vn/cam-nang-du-lich/cot-co-lung-cu-dau-an-thieng-thieng-noi-dia-dau-to-quoc-3458,Cột cờ Lũng Cú: Dấu ấn thiêng thiêng nơi địa đầu Tổ quốc
381,https://ticotravel.com.vn/bai-da-co-sapa/,Khám phá bãi đá cổ Sapa - Nét đẹp bí ẩn thị trấn mờ sương
382,https://www.vntrip.vn/cam-nang/bai-da-co-sapa-87860,Khám phá vẻ đẹp tiềm ẩn bãi đá cổ Sapa
383,https://52hz.vn/thung-lung-muong-hoa/,Thung Lũng Mường Hoa: Tuyệt Tác Thiên Đường Tại Sapa
384,https://vinwonders.com/vi/wonderpedia/news/thung-lung-muong-hoa-sa-pa-lao-cai/,Thung lũng Mường Hoa - “nàng thơ” của núi rừng Tây Bắc
385,https://vinpearl.com/vi/cau-trang-tien-hue-chung-nhan-lich-su-dep-mai-theo-thoi-gian,Just a moment...
386,https://www.traveloka.com/vi-vn/explore/destination/cau-truong-tien/256697,Cầu Trường Tiền - Cây cầu lịch sử - Biểu tượng của xứ Huế
387,https://www.ivivu.com/blog/2023/01/chua-keo-thai-binh-kien-truc-xa-xua-con-nguyen-ven-den-nay/,Chùa Keo Thái Bình – Kiến trúc xa xưa còn nguyên vẹn đến nay - iVIVU.com
388,https://mia.vn/cam-nang-du-lich/chua-keo-thai-binh-co-tu-tram-nam-noi-ta-ngan-song-hong-12151,"Chùa Keo Thái Bình, cổ tự trăm năm nơi tả ngạn sông Hồng"
389,https://gaohouse.vn/blogs/suc-khoe-doi-song/chua-but-thap-bac-ninh?srsltid=AfmBOorBiGa52eaDyS35gOeMC4uWG-_n6Wz_TNrAHQxu6wiHGngTw4cx,Chùa Bút Tháp Bắc Ninh- Chốn lưu giữ Bảo Vật Phật Giáo linh thiêng
390,https://alltours.vn/bac-ninh/chua-thap-net-dep-dam-chat-chua-viet.html,Chùa Bút Tháp- nét đẹp đậm chất chùa Việt - AllTours
391,https://ticotravel.com.vn/den-hung-phu-tho/,"Đền Hùng Phú Thọ - Di tích tâm linh, thiêng liêng"
392,https://alltours.vn/dia-danh/tham-quan-khu-di-tich-den-hung-phu-tho.html,Tham quan khu di tích đền Hùng-Phú Thọ - AllTours
393,https://www.ivivu.com/blog/2022/12/lang-gom-phu-lang-lang-gom-noi-tieng-700-nam-xu-kinh-bac/,Làng gốm Phù Lãng – Làng gốm nổi tiếng 700 năm xứ Kinh Bắc - iVIVU.com
394,https://ticotravel.com.vn/lang-gom-phu-lang/,Làng gốm Phù Lãng - Ngôi làng cổ mang vẻ đẹp truyền thống tỉnh Bắc Ninh
395,https://www.traveloka.com/vi-vn/explore/destination/lang-gom-phu-lang/295030,Kinh nghiệm khám phá Làng gốm Phù Lãng Bắc Ninh
396,https://www.vntrip.vn/cam-nang/khu-du-lich-dai-nam-44074,Khu du lịch Đại Nam Bình Dương - Những kỉ lục cuốn hút du khách
397,https://ticotravel.com.vn/dai-nam-binh-duong/,Review Đại Nam Bình Dương - điểm vui chơi hot nhất dịp lễ
398,https://www.traveloka.com/vi-vn/explore/destination/khu-du-lich-dai-nam/105747,"Khu du lịch Đại Nam có gì chơi, cùng Traveloka review nhé."
399,https://thamhiemmekong.com/thong-tin-du-lich-mien-tay/kham-pha-ve-dep-hoang-cua-hon-khoai-ca-mau.html,Khám phá vẻ đẹp hoang sơ của Đảo Hòn Khoai - Cà Mau
400,https://dulichthuduc.com.vn/dao-hon-khoai-o-ca-mau-vung-bien-va-dai-dat-phia-tay-nam-cua-to-quoc.html,Đảo Hòn Khoai ở Cà Mau - vùng biển và dải đất phía Tây Nam của Tổ quốc
401,https://www.traveloka.com/vi-vn/explore/destination/chua-huong-tich/250809,Chùa Hương Tích - Ngôi cổ tự linh thiêng ở Hà Tĩnh
402,https://gaohouse.vn/blogs/suc-khoe-doi-song/tham-quan-chua-huong-tich?srsltid=AfmBOoplqUdwABNrO6nwgsREOnt3IEJwPbIK9SN7zLLJ3skMfqwVHfi9,"Ghé thăm chùa Hương Tích Hà Tĩnh, địa điểm tâm linh ở Hà Tĩnh"
403,https://vinwonders.com/vi/wonderpedia/news/chua-huong-tich-ha-tinh/,Chùa Hương Tích Hà Tĩnh - Danh lam cổ tự linh thiêng
404,https://www.vntrip.vn/cam-nang/thao-cam-vien-sai-gon-16070,Tham quan vườn thú Thảo Cầm Viên Sài Gòn - Vntrip.vn
405,https://dulich3mien.vn/ho-chi-minh/thao-cam-vien/,Thảo Cầm Viên Sài Gòn | Thiên đường dã ngoại giữa đô thị phồn hoa
406,https://thamhiemmekong.com/thong-tin-du-lich-mien-tay/kham-pha-cho-noi-long-xuyen.html,Trải nghiệm đi Chợ Nổi Long Xuyên - An Giang
407,https://www.traveloka.com/vi-vn/explore/destination/cho-noi-long-xuyen/275368,Kinh nghiệm du lịch chợ nổi Long Xuyên cho chuyến đi trọn vẹn
408,https://www.ivivu.com/blog/2024/11/ve-an-giang-ghe-tham-cho-noi-long-xuyen-dac-trung-mien-song-nuoc/,Về An Giang ghé thăm chợ nổi Long Xuyên miền sông nước
409,https://mia.vn/cam-nang-du-lich/khu-du-lich-lang-xanh-ben-tre-toa-do-thu-gian-dip-cuoi-tuan-11241,"Khu du lịch Làng Xanh Bến Tre, tọa độ thư giãn dịp cuối tuần"
410,https://dulichthuduc.com.vn/khu-du-lich-sinh-thai-lang-xanh-ben-tre-.html,Khu du lịch sinh thái Làng Xanh Bến Tre
411,https://mia.vn/cam-nang-du-lich/kham-pha-khu-du-lich-mui-ca-mau-tai-vung-cuc-nam-to-quoc-9623,Khám phá Khu du lịch Mũi Cà Mau tại vùng cực Nam Tổ quốc
412,https://vnexpress.net/mui-ca-mau-cuc-nam-cua-to-quoc-3996819.html,"Mũi Cà Mau, cực nam của Tổ quốc - Báo VnExpress Du lịch"
413,https://vinpearl.com/vi/kinh-nghiem-du-lich-do-son-hai-phong-bat-mi-hanh-trinh-an-choi-day-du-nhat,Just a moment...
414,https://www.traveloka.com/vi-vn/explore/tips/kinh-nghiem-du-lich-do-son-hai-phong/167381,Kinh nghiệm du lịch Đồ Sơn mới nhất năm 2025
415,https://mia.vn/cam-nang-du-lich/du-lich-do-son-hai-phong-13989,"Du lịch Đồ Sơn Hải Phòng, thiên đường nghỉ dưỡng 4 mùa"
416,https://vinpearl.com/vi/kinh-nghiem-du-lich-suoi-nuoc-nong-tien-lang-hai-phong-chi-tiet,Just a moment...
417,https://luhanhvietnam.com.vn/du-lich/kham-pha-suoi-nuoc-nong-tien-lang.html,Ngâm mình tại suối nước nóng Tiên Lãng Hải Phòng
418,https://vinwonders.com/vi/wonderpedia/news/thac-voi-thanh-hoa/,Thác Voi Thanh Hóa: Bức tranh thủy mặc đầy chất thơ
419,https://vinpearl.com/vi/thac-voi-thanh-hoa-ve-dep-tua-tranh-hung-vi-tho-mong,Just a moment...
420,https://www.ivivu.com/blog/2022/09/kham-pha-net-dep-dan-da-ma-nen-tho-cua-dam-o-loan-phu-yen/,Khám phá nét đẹp dân dã mà nên thơ của đầm Ô Loan Phú Yên - iVIVU.com
421,https://www.traveloka.com/vi-vn/explore/destination/dam-o-loan-acc/226791,Du lịch đầm Ô Loan: “Điểm sáng” của du lịch Phú Yên
422,https://www.traveloka.com/vi-vn/explore/destination/thac-lieng-nung-acc/245308,Chinh phục thác Liêng Nung - vẻ đẹp “siêu thực” của Tây Nguyên
423,https://www.ivivu.com/blog/2020/02/thac-nuoc-tuyet-dep-thu-hut-tin-do-du-lich-o-tay-nguyen/,Thác Liêng Nung tuyệt đẹp thu hút tín đồ du lịch ở Tây Nguyên - iVIVU.com
424,https://vinwonders.com/vi/wonderpedia/news/ho-tram-ba-ria-vung-tau/,"Hồ Tràm Bà Rịa Vũng Tàu: Khám phá chơi gì, ăn gì, ở đâu?"
425,https://vietgoing.com/destination/510-bai-bien-ho-tram.html,"Bãi Biển Hồ Tràm, Bà Rịa - Vũng Tàu"
426,https://www.traveloka.com/vi-vn/explore/destination/du-lich-ho-coc-acc/163610,Biển Hồ Cốc: Kinh nghiệm du lịch chi tiết năm 2025
427,https://bariavungtautourism.com.vn/bien-ho-coc-vung-tau/,"Biển Hồ Cốc Vũng Tàu – Điểm du lịch, nghỉ dưỡng lý tưởng"
428,https://thamhiemmekong.com/thong-tin-du-lich-mien-tay/lang-noi-chau-doc-giang.html,Làng Nổi Cá Bè Châu Đốc - Kinh nghiệm du lịch Làng nổi Châu Đốc
429,https://luhanhvietnam.com.vn/du-lich/kham-pha-lang-noi-chau-doc-an-giang-doc-dao.html,Khám phá làng nổi Châu Đốc An Giang độc đáo
430,https://www.traveloka.com/vi-vn/explore/destination/nha-cong-tu-bac-lieu-acc/217895,Nhà công tử Bạc Liêu - Kiến trúc bề thế vượt thời gian
431,https://thamhiemmekong.com/thong-tin-du-lich-mien-tay/nha-cong-tu-bac-lieu.html,Nhà Công Tử Bạc Liêu - Điểm đến không thể bỏ qua khi về Bạc Liêu
432,https://thamhiemmekong.com/thong-tin-du-lich-mien-tay/khu-du-lich-nui-cam-giang.html,Núi Cấm - Khu du lịch Lâm Viên Núi Cấm An Giang - Giá vé Cáp Treo
433,https://mia.vn/cam-nang-du-lich/khu-du-lich-lam-vien-nui-cam-ve-dep-linh-thieng-cua-nui-rung-8212,Khu du lịch Núi Cấm An Giang vẻ đẹp linh thiêng của núi rừng
434,https://vinwonders.com/vi/wonderpedia/news/bien-thien-cam-ha-tinh/,Biển Thiên Cầm Hà Tĩnh: Kinh nghiệm du lịch từ A - Z
435,https://www.traveloka.com/vi-vn/explore/destination/kinh-nghiem-du-lich-thien-cam/172508,Kinh nghiệm du lịch Thiên Cầm mới nhất - khám phá “đàn trời”
436,https://www.traveloka.com/vi-vn/explore/destination/deo-hai-van/246304,Đèo Hải Vân - Khám phá cung đường đèo đẹp nhất Việt Nam
437,https://tourhue.vn/deo-hai-van/,"Đèo Hải Vân - Chinh phục ""thiên hạ đệ nhất hùng quan"""
438,https://vinwonders.com/vi/wonderpedia/news/tron-bo-cam-nang-kham-pha-hon-chong-hon-vo-nha-trang-moi-nhat/,Hòn Chồng Hòn Vợ Nha Trang - Kinh nghiệm khám phá 2026
439,https://mia.vn/cam-nang-du-lich/kham-pha-du-lich-hon-chong-17973,Khám phá Hòn Chồng Nha Trang: Thắng cảnh nổi tiếng bên vịnh
440,https://www.traveloka.com/vi-vn/explore/destination/du-lich-thap-ba-ponagar-acc/150826,Tháp Bà Ponagar Nha Trang: Kinh nghiệm tham quan từ A-Z
441,https://vinwonders.com/vi/wonderpedia/news/thap-ba-ponagar-nha-trang/,Tháp Bà Ponagar Nha Trang - Kinh nghiệm tham quan từ A - Z
442,https://www.ivivu.com/blog/2022/12/pho-hien-hung-yen-di-san-vang-bong-mot-thoi/,Phố Hiến Hưng Yên – Di sản vang bóng một thời - iVIVU.com
443,https://vinwonders.com/vi/wonderpedia/news/pho-hien-hung-yen/,Phố Hiến Hưng Yên - lưu giữ dấu ấn vàng son của lịch sử
444,https://motogo.vn/chua-tam-chuc/,Chùa Tam Chúc - Thông tin đầy đủ nhất về ngôi chùa lớn nhất Việt Nam - MOTOGO
445,https://dulichokela.com/chua-tam-chuc-ha-nam/24328/,Chùa Tam Chúc Hà Nam - Được mệnh danh là ngôi chùa lớn nhất thế giới
447,https://www.traveloka.com/vi-vn/explore/destination/doi-cat-mui-ne-acc/191425,Đồi Cát Mũi Né: Thiên đường cát bay tuyệt đẹp
448,https://vinwonders.com/vi/wonderpedia/news/doi-cat-mui-ne/,Đồi cát Mũi Né – Địa điểm vui chơi thả ga tại Bình Thuận
449,https://mia.vn/cam-nang-du-lich/mieu-ba-chua-xu-nui-sam-chau-doc-diem-den-tam-linh-tru-danh-nam-bo-8205,"Miếu Bà Chúa Xứ Núi Sam Châu Đốc, điểm đến tâm linh trứ danh Nam Bộ"
450,https://thamhiemmekong.com/thong-tin-du-lich-mien-tay/mieu-ba-chua-xu-nui-sam-chau-doc-an-giang.html,Miếu Bà Chúa Xứ Núi Sam - Điểm du lịch tâm lich nổi tiếng của An Giang
451,https://vinwonders.com/vi/wonderpedia/news/mieu-ba-chua-xu-nui-sam-an-giang/,Miếu Bà Chúa Xứ Núi Sam An Giang: Cẩm nang chiêm bái A-Z
452,https://thamhiemmekong.com/thong-tin-du-lich-mien-tay/trai-nghiem-di-cho-noi-nga-bay-hau-giang.html,Trải nghiệm đi Chợ Nổi Ngã Bảy - Điểm đến thú vị của Hậu Giang
453,https://luhanhvietnam.com.vn/du-lich/ve-dep-doc-dao-cua-cho-noi-nga-bay.html,Tận hưởng những trải nghiệm độc đáo ở chợ nổi Ngã Bảy Hậu Giang
454,https://thamhiemmekong.com/thong-tin-du-lich-mien-tay/cho-noi-nga-nam-soc-trang.html,Trải nghiệm đi Chợ Nổi Ngã Năm - Điểm đến thú vị ở Sóc Trăng
455,https://www.ivivu.com/blog/2024/08/cho-noi-nga-nam-cho-noi-lau-doi-o-mien-song-nuoc-soc-trang/,Chợ nổi Ngã Năm – chợ nổi lâu đời ở miền sông nước Sóc Trăng
456,https://mia.vn/cam-nang-du-lich/vuon-quoc-gia-yokdon-diem-den-voi-nhung-trai-nghiem-kho-quen-5676,"Vườn quốc gia YokDon, điểm đến với những trải nghiệm khó quên"
457,https://www.xanhsm.com/news/vuon-quoc-gia-yok-don,Vườn quốc gia Yok Đôn – Chốn bồng lai giữa núi rừng Tây Nguyên | Xanh SM
458,https://luhanhvietnam.com.vn/du-lich/tham-quan-thac-dray-sap.html,Rủ Nhau Về Đắk Nông Tham Quan Thác Dray Sáp
459,https://www.traveloka.com/vi-vn/explore/destination/tham-quan-thac-dray-sap-du-lich-tay-nguyen/58672,"Chưa thăm thác D'ray Sap, bạn chưa khám phá trọn Tây Nguyên"
460,https://www.ivivu.com/blog/2016/04/du-lich-dao-ngoc-vung-cam-nang-tu-a-den-z/,Du lịch đảo Ngọc Vừng: Cẩm nang từ A đến Z - iVIVU.com
461,https://www.traveloka.com/vi-vn/explore/tips/kinh-nghiem-du-lich-dao-ngoc-vung/169469,Bỏ túi kinh nghiệm du lịch đảo Ngọc Vừng chi tiết nhất
462,https://vinwonders.com/vi/wonderpedia/news/ban-cat-cat-sa-pa-lao-cai/,"Bản Cát Cát: Vẻ đẹp thơ mộng, yên bình ở núi rừng Sa Pa"
463,https://www.ivivu.com/blog/2024/07/ghe-tham-ban-cat-cat-ngoi-lang-co-dep-nhat-vung-tay-bac/,Ghé thăm bản Cát Cát – ngôi làng cổ đẹp nhất vùng Tây Bắc
464,https://dulichokela.com/ban-ta-phin-vung-dat-van-hoa-doc-dao-lao-cai/29949/,Bản Tả Phìn - Vùng Đất Văn Hóa Độc Đáo Ở Lào Cai - Du Lịch Okela
465,https://motogo.vn/ban-ta-phin/,Ghé thăm bản Tả Phìn | Nơi lưu giữa vẻ đẹp Sapa xưa cũ - MOTOGO
466,https://mia.vn/cam-nang-du-lich/den-tran-nam-dinh-13057,Đến đền Trần Nam Định ngắm nhìn kiến trúc chùa cổ linh thiêng
467,https://www.traveloka.com/vi-vn/explore/destination/den-tran-nam-dinh/295594,Viếng thăm Đền Trần Nam Định - cảm nhận nét đẹp Việt
468,https://thamhiemmekong.com/thong-tin-du-lich-mien-tay/trai-nghiem-song-nuoc-miet-vuon-o-con-phung-ben-tre.html,Hướng dẫn du lịch Cồn Phụng - Những thông tin cần biết
469,https://www.traveloka.com/vi-vn/explore/destination/khu-du-lich-con-phung/182943,Khu du lịch Cồn Phụng: Bật mí kinh nghiệm du ngoạn từ A-Z
470,https://www.vntrip.vn/cam-nang/du-lich-lang-gom-bat-trang-10495,Làng gốm Bát Tràng địa điểm du lịch trong ngày gần Hà Nội - Vntrip.vn
471,https://www.xanhsm.com/news/lang-gom-bat-trang-ha-noi,Khám phá Làng gốm Bát Tràng - Hơi thở ngàn đời của gốm sứ Việt | Xanh SM
472,https://www.ivivu.com/blog/2025/03/cam-nang-du-lich-vuon-quoc-gia-pu-mat-nghe-an/,"Cẩm nang du lịch vườn quốc gia Pù Mát, Nghệ An"
473,https://vinwonders.com/vi/wonderpedia/news/vuon-quoc-gia-pu-mat-nghe-an/,Vườn Quốc gia Pù Mát - Kinh nghiệm đi “rừng vàng” xứ Nghệ
474,https://www.traveloka.com/vi-vn/explore/destination/du-lich-hon-kho-acc/224050,Hòn Khô Quy Nhơn: Điểm đến không thể bỏ lỡ khi hè về
475,https://vinpearl.com/vi/review-du-lich-hon-kho-quy-nhon,Just a moment...
476,https://vinwonders.com/vi/wonderpedia/news/hon-tre-nha-trang-kinh-nghiem-pha-dao-moi-nhat/,Cẩm nang du lịch Hòn Tre Nha Trang - Top 6 địa điểm HOT nhất
477,https://vinpearl.com/vi/kinh-nghiem-du-lich-hon-tre-nha-trang-hon-dao-lon-nhat-vinh-nha-trang,Just a moment...
478,https://www.vntrip.vn/cam-nang/dia-diem-du-lich-buon-me-thuot-44098,15 địa điểm du lịch Buôn Ma Thuột đẹp quên lối về - Vntrip.vn
479,https://www.ivivu.com/blog/2016/01/du-lich-buon-ma-thuot-va-nhung-dieu-ban-se-nho-khi-roi-xa/,Du lịch Buôn Ma Thuột và những điều bạn sẽ nhớ khi rời xa
480,https://mia.vn/cam-nang-du-lich/cong-vien-van-hoa-suoi-tien-12467,Khu Du Lịch Suối Tiên: Cập nhật giá vé và hoạt động mới 2025
481,https://www.ivivu.com/blog/2023/04/khu-du-lich-suoi-tien-dam-chat-huyen-thoai-ngay-ben-canh-sai-gon/,"Khu du lịch Suối Tiên đậm chất ""huyền thoại"" ngay bên cạnh Sài Gòn - iVIVU.com"
482,https://www.xanhsm.com/news/bao-tang-lich-su-thanh-pho-ho-chi-minh,"Bảo tàng Lịch sử Thành phố Hồ Chí Minh: Địa chỉ, Giá vé, Lưu ý | Xanh SM"
483,https://vinwonders.com/vi/wonderpedia/news/bao-tang-lich-su-thanh-pho-ho-chi-minh/,Bảo tàng Lịch sử Thành phố Hồ Chí Minh: Thông tin từ A-Z
484,https://vinwonders.com/vi/wonderpedia/news/bao-tang-dieu-khac-cham-da-nang-kinh-nghiem-tham-quan-tu-a-z/,Bảo tàng Điêu khắc Chăm: Nơi lưu giữ “hồn” Chăm tại Đà thành
485,https://www.klook.com/vi/blog/bao-tang-cham-da-nang/,Review Bảo Tàng Điêu Khắc Chăm: Kho Tàng Nghệ Thuật Ở Đà Nẵng - Klook Blog
486,https://motogo.vn/cau-rong-da-nang/,Cầu Rồng Đà Nẵng | Biểu Tượng Rực Rỡ Của Thành Phố Biển. - MOTOGO
487,https://mia.vn/cam-nang-du-lich/cau-rong-bieu-tuong-van-hoa-day-song-dong-cua-thanh-pho-da-nang-2056,"Cầu Rồng Đà Nẵng: Kinh nghiệm check-in, tham quan chi tiết"
488,https://www.traveloka.com/vi-vn/explore/tips/cu-lao-xanh/168351,Cù Lao Xanh - Viên ngọc biển hoang sơ tuyệt đẹp ở Quy Nhơn
489,https://motogo.vn/cu-lao-xanh/,Cù Lao Xanh | Viên ngọc xanh ẩn mình giữa biển Quy Nhơn - MOTOGO
490,https://antamtour.vn/thap-nhan-phu-yen?srsltid=AfmBOopAp7blDRtcMc4Ojlie1iwZdQft2G8XL8Jtr7VoZhFGS0gONEWy,Tháp Nhạn Phú Yên với vẻ đẹp văn hóa Chămpa xưa cũ | Antamtour.vn
491,https://vinwonders.com/vi/wonderpedia/news/thap-nhan-phu-yen/,Tháp Nhạn Phú Yên có gì? Kinh nghiệm tham quan A-Z 2026
492,https://www.ivivu.com/blog/2023/05/kham-pha-thung-lung-mai-chau-dep-lang-man-tai-mai-chau-lodge-hoa-binh/,Khám phá thung lũng Mai Châu đẹp lãng mạn tại Mai Châu Lodge Hòa Bình - iVIVU.com
493,https://mia.vn/cam-nang-du-lich/kham-pha-mai-chau-hoa-binh-co-gi-cung-miavn-11941,Khám phá Mai Châu Hòa Bình có gì cùng MIA.vn
494,https://mia.vn/cam-nang-du-lich/kham-pha-nha-tho-go-kon-tum-voi-tuoi-doi-hon-100-nam-7886,Khám phá Nhà thờ gỗ Kon Tum với tuổi đời hơn 100 năm
495,https://www.ivivu.com/blog/2024/10/nha-tho-go-kontum-hon-tram-tuoi-co-kinh-uy-nghiem/,Nhà thờ gỗ Kontum hơn trăm tuổi cổ kính uy nghiêm
