new_name,old_name
1.txt,15_ia_iem_du_lich_Buon_Ma_Thuot_ep_quen_loi_ve_-_Vntrip.vn.txt
2.txt,3_ngoi_lang_co_nep_minh_giua_long_cao_nguyen_a_Ha_Giang.txt
3.txt,Ba_Na__Wikipedia_tieng_Viet.txt
4.txt,"Bai_Bien_Ho_Tram,_Ba_Ria_-_Vung_Tau.txt"
5.txt,"Bai_Dai_Phu_Quoc_voi_ve_ep_hoang_so,_lan_nuoc_trong_xanh_nhu_ngoc.txt"
6.txt,Bai_Khem_Phu_Quoc_-_Ve_ep_tu_nhien_noi_ao_Ngoc.txt
7.txt,Bai_Khem_Phu_Quoc__Kinh_nghiem_du_lich_kham_pha_chi_tiet_tu_A_-_Z.txt
8.txt,Bai_bien_My_Khe__Wikipedia_tieng_Viet.txt
9.txt,Bai_bien_Sam_Son__Wikipedia_tieng_Viet.txt
10.txt,Ban_Ta_Phin_-_Vung_at_Van_Hoa_oc_ao_O_Lao_Cai_-_Du_Lich_Okela.txt
11.txt,"Bao_tang_Lich_su_Thanh_pho_Ho_Chi_Minh_ia_chi,_Gia_ve,_Luu_y__Xanh_SM.txt"
12.txt,Ben_Ninh_Kieu_Can_Tho_Review_chi_tiet_tu_A_-_Z.txt
13.txt,Bien_Ca_Na_Bai_bien_ep_nen_tho_cua_Phan_Rang.txt
14.txt,Bien_Cua_ai_Hoi_An_-_An_tuong_mot_trong_25_bai_bien_ep_nhat_Chau_A.txt
15.txt,Bien_Ho_Coc_Kinh_nghiem_du_lich_chi_tiet_nam_2025.txt
16.txt,"Bien_Ho_Coc_Vung_Tau__iem_du_lich,_nghi_duong_ly_tuong.txt"
17.txt,Bo_tui_kinh_nghiem_du_lich_ao_Ngoc_Vung_chi_tiet_nhat.txt
18.txt,Bo_tui_ngay_cam_nang_du_lich_Ben_Ninh_Kieu_-_Can_Tho.txt
19.txt,CANGIO_-_Khu_Du_Tru_Sinh_Quyen_Rung_Ngap_Man_Can_Gio.txt
20.txt,Cam_nang_du_lich_An_Giang.txt
21.txt,Cam_nang_du_lich_Ba_Na_Hills.txt
22.txt,Cam_nang_du_lich_Ba_Ria_-_Vung_Tau.txt
23.txt,Cam_nang_du_lich_Ba_Vi.txt
24.txt,Cam_nang_du_lich_Bac_Giang.txt
25.txt,Cam_nang_du_lich_Bac_Kan.txt
26.txt,Cam_nang_du_lich_Bac_Lieu.txt
27.txt,Cam_nang_du_lich_Bac_Ninh.txt
28.txt,Cam_nang_du_lich_Bao_Loc.txt
29.txt,Cam_nang_du_lich_Ben_Tre.txt
30.txt,Cam_nang_du_lich_Binh_Ba.txt
31.txt,Cam_nang_du_lich_Binh_Duong.txt
32.txt,Cam_nang_du_lich_Binh_Lieu.txt
33.txt,Cam_nang_du_lich_Binh_Phuoc.txt
34.txt,Cam_nang_du_lich_Binh_Thuan.txt
35.txt,Cam_nang_du_lich_Binh_inh.txt
36.txt,Cam_nang_du_lich_Buon_Ma_Thuot.txt
37.txt,Cam_nang_du_lich_Ca_Mau.txt
38.txt,Cam_nang_du_lich_Can_Gio.txt
39.txt,Cam_nang_du_lich_Can_Tho.txt
40.txt,Cam_nang_du_lich_Cao_Bang.txt
41.txt,Cam_nang_du_lich_Cat_Ba.txt
42.txt,Cam_nang_du_lich_Chau_oc.txt
43.txt,Cam_nang_du_lich_Chua_Bai_inh.txt
44.txt,Cam_nang_du_lich_Chua_Tam_Chuc.txt
45.txt,Cam_nang_du_lich_Co_To.txt
46.txt,Cam_nang_du_lich_Con_ao.txt
47.txt,Cam_nang_du_lich_Cu_Lao_Cham.txt
48.txt,Cam_nang_du_lich_Cu_Lao_Xanh.txt
49.txt,Cam_nang_du_lich_Dinh_oc_lap.txt
50.txt,Cam_nang_du_lich_Gia_Lai.txt
51.txt,Cam_nang_du_lich_Ha_Giang.txt
52.txt,Cam_nang_du_lich_Ha_Long.txt
53.txt,Cam_nang_du_lich_Ha_Nam.txt
54.txt,Cam_nang_du_lich_Ha_Noi.txt
55.txt,Cam_nang_du_lich_Ha_Tien.txt
56.txt,Cam_nang_du_lich_Ha_Tinh.txt
57.txt,Cam_nang_du_lich_Hai_Duong.txt
58.txt,Cam_nang_du_lich_Hai_Phong.txt
59.txt,Cam_nang_du_lich_Hau_Giang.txt
60.txt,Cam_nang_du_lich_Ho_Ba_Be.txt
61.txt,Cam_nang_du_lich_Hoa_Binh.txt
62.txt,Cam_nang_du_lich_Hoi_An.txt
63.txt,Cam_nang_du_lich_Hung_Yen.txt
64.txt,Cam_nang_du_lich_Khanh_Hoa.txt
65.txt,Cam_nang_du_lich_Kien_Giang.txt
66.txt,Cam_nang_du_lich_Kon_Tum.txt
67.txt,Cam_nang_du_lich_Ky_Co.txt
68.txt,Cam_nang_du_lich_Lai_Chau.txt
69.txt,Cam_nang_du_lich_Lang_Co.txt
70.txt,Cam_nang_du_lich_Lang_Son.txt
71.txt,Cam_nang_du_lich_Lao_Cai.txt
72.txt,Cam_nang_du_lich_Long_An.txt
73.txt,Cam_nang_du_lich_Ly_Son.txt
74.txt,Cam_nang_du_lich_Mai_Chau.txt
75.txt,Cam_nang_du_lich_Mang_en.txt
76.txt,Cam_nang_du_lich_Meo_Vac.txt
77.txt,Cam_nang_du_lich_Moc_Chau.txt
78.txt,Cam_nang_du_lich_Mu_Cang_Chai.txt
79.txt,Cam_nang_du_lich_Mui_Ne.txt
80.txt,Cam_nang_du_lich_Mui_Nghe.txt
81.txt,Cam_nang_du_lich_Nam_Du.txt
82.txt,Cam_nang_du_lich_Nam_inh.txt
83.txt,Cam_nang_du_lich_Nghe_An.txt
84.txt,Cam_nang_du_lich_Nha_Trang.txt
85.txt,Cam_nang_du_lich_Ninh_Binh.txt
86.txt,Cam_nang_du_lich_Ninh_Chu.txt
87.txt,Cam_nang_du_lich_Ninh_Thuan.txt
88.txt,Cam_nang_du_lich_Nui_Dinh.txt
89.txt,Cam_nang_du_lich_Phan_Thiet.txt
90.txt,Cam_nang_du_lich_Pho_i_bo_Nguyen_He.txt
91.txt,Cam_nang_du_lich_Pho_i_bo_ho_Guom.txt
92.txt,Cam_nang_du_lich_Phu_Quoc.txt
93.txt,Cam_nang_du_lich_Phu_Quy.txt
94.txt,Cam_nang_du_lich_Phu_Tho.txt
95.txt,Cam_nang_du_lich_Phu_Yen.txt
96.txt,Cam_nang_du_lich_Pu_Luong.txt
97.txt,Cam_nang_du_lich_Quan_Lan.txt
98.txt,Cam_nang_du_lich_Quang_Binh.txt
99.txt,Cam_nang_du_lich_Quang_Nam.txt
100.txt,Cam_nang_du_lich_Quang_Ngai.txt
101.txt,Cam_nang_du_lich_Quang_Ninh.txt
102.txt,Cam_nang_du_lich_Quang_Tri.txt
103.txt,Cam_nang_du_lich_Quy_Nhon.txt
104.txt,Cam_nang_du_lich_Sa_Pa.txt
105.txt,Cam_nang_du_lich_Sam_Son.txt
106.txt,Cam_nang_du_lich_Soc_Son.txt
107.txt,Cam_nang_du_lich_Soc_Trang.txt
108.txt,Cam_nang_du_lich_Son_La.txt
109.txt,Cam_nang_du_lich_TP_Ho_Chi_Minh.txt
110.txt,Cam_nang_du_lich_Ta_Xua.txt
111.txt,Cam_nang_du_lich_Tam_Coc_-_Bich_ong.txt
112.txt,Cam_nang_du_lich_Tam_ao.txt
113.txt,Cam_nang_du_lich_Tay_Ninh.txt
114.txt,Cam_nang_du_lich_Thai_Binh.txt
115.txt,Cam_nang_du_lich_Thai_Nguyen.txt
116.txt,Cam_nang_du_lich_Thanh_Hoa.txt
117.txt,Cam_nang_du_lich_Thua_Thien_Hue.txt
118.txt,Cam_nang_du_lich_Tien_Giang.txt
119.txt,Cam_nang_du_lich_Tra_Su.txt
120.txt,Cam_nang_du_lich_Tra_Vinh.txt
121.txt,Cam_nang_du_lich_Tram_Tau.txt
122.txt,Cam_nang_du_lich_Tu_Le.txt
123.txt,Cam_nang_du_lich_Tuyen_Quang.txt
124.txt,Cam_nang_du_lich_Vinh_Ha_Long.txt
125.txt,Cam_nang_du_lich_Vinh_Lan_Ha.txt
126.txt,Cam_nang_du_lich_Vinh_Long.txt
127.txt,Cam_nang_du_lich_Vinh_Phuc.txt
128.txt,Cam_nang_du_lich_Vung_Tau.txt
129.txt,Cam_nang_du_lich_Vuon_quoc_gia_Bach_Ma.txt
130.txt,Cam_nang_du_lich_Vuon_quoc_gia_Cat_Tien.txt
131.txt,Cam_nang_du_lich_Vuon_quoc_gia_Cuc_Phuong.txt
132.txt,Cam_nang_du_lich_Vuon_quoc_gia_Pu_Mat.txt
133.txt,Cam_nang_du_lich_Y_Ty.txt
134.txt,Cam_nang_du_lich_Yen_Bai.txt
135.txt,Cam_nang_du_lich_a_Lat.txt
136.txt,Cam_nang_du_lich_a_Nang.txt
137.txt,Cam_nang_du_lich_ai_Lai.txt
138.txt,Cam_nang_du_lich_ak_LaK.txt
139.txt,Cam_nang_du_lich_ak_Nong.txt
140.txt,Cam_nang_du_lich_en_Hung.txt
141.txt,Cam_nang_du_lich_ia_oa_Cu_Chi.txt
142.txt,Cam_nang_du_lich_ien_Bien.txt
143.txt,Cam_nang_du_lich_ong_Nai.txt
144.txt,Cam_nang_du_lich_ong_Thap.txt
145.txt,Cam_nang_du_lich_ong_Van.txt
146.txt,"Cam_nang_du_lich_vuon_quoc_gia_Pu_Mat,_Nghe_An.txt"
147.txt,"Cau_Rong_a_Nang_Kinh_nghiem_check-in,_tham_quan_chi_tiet.txt"
148.txt,Cau_Rong_a_Nang__Bieu_Tuong_Ruc_Ro_Cua_Thanh_Pho_Bien._-_MOTOGO.txt
149.txt,Cau_Truong_Tien_-_Cay_cau_lich_su_-_Bieu_tuong_cua_xu_Hue.txt
150.txt,Cau_Vang_Ba_Na_Hill__Bieu_Tuong_Du_Lich_a_Nang.txt
151.txt,Cau_Vang__Wikipedia_tieng_Viet.txt
152.txt,Check-in_ho_a_Xanh_Vung_Tau_-_Toa_o_song_ao_ep_me_hon.txt
153.txt,"Chiem_nguong_Vuon_quoc_gia_U_Minh_Ha,_ve_ep_thien_nhien_tru_phu.txt"
154.txt,Chiem_nguong_ve_ep_hiem_co_o_Thac_Mo_Binh_Phuoc_-_HoaBinhTourist.txt
155.txt,Chinh_phuc_thac_Lieng_Nung_-_ve_ep_sieu_thuc_cua_Tay_Nguyen.txt
156.txt,"Chinh_phuc_thac_Tac_Tinh,_Lai_Chau_-_Chon_binh_yen_xanh.txt"
157.txt,Cho_noi_Cai_Rang__Wikipedia_tieng_Viet.txt
158.txt,Cho_noi_Nga_Nam__cho_noi_lau_oi_o_mien_song_nuoc_Soc_Trang.txt
159.txt,Choi_gi_o_Ban_ao_Son_Tra_a_Nang_-_Review_chi_tiet.txt
160.txt,Chua_Bo_a__Wikipedia_tieng_Viet.txt
161.txt,Chua_But_Thap-_net_ep_am_chat_chua_Viet_-_AllTours.txt
162.txt,Chua_But_Thap_Bac_Ninh-_Chon_luu_giu_Bao_Vat_Phat_Giao_linh_thieng.txt
163.txt,Chua_Huong_Tich_-_Ngoi_co_tu_linh_thieng_o_Ha_Tinh.txt
164.txt,"Chua_Keo_Thai_Binh,_co_tu_tram_nam_noi_ta_ngan_song_Hong.txt"
165.txt,Chua_Keo_Thai_Binh__Kien_truc_xa_xua_con_nguyen_ven_en_nay_-_iVIVU.com.txt
166.txt,Chua_Tam_Chuc_-_Thong_tin_ay_u_nhat_ve_ngoi_chua_lon_nhat_Viet_Nam_-_MOTOGO.txt
167.txt,Chua_Tam_Chuc_Ha_Nam_-_uoc_menh_danh_la_ngoi_chua_lon_nhat_the_gioi.txt
168.txt,"Chua_tham_thac_D'ray_Sap,_ban_chua_kham_pha_tron_Tay_Nguyen.txt"
169.txt,Co_To_(inh_huong)__Wikipedia_tieng_Viet.txt
170.txt,Co_o_Hoa_Lu_-_Dau_an_vang_son_cua_mot_thoi_dan_toc_oai_hung.txt
171.txt,"Con_Phung_-_Khu_du_lich_Con_Phung,_Ben_Tre.txt"
172.txt,Con_ao__Wikipedia_tieng_Viet.txt
173.txt,Cong_thong_tin_ien_tu_tinh_Bac_Giang.txt
174.txt,Cot_co_Lung_Cu_Dau_an_thieng_thieng_noi_ia_au_To_quoc.txt
175.txt,Cot_co_Lung_Cu_Ha_Giang_-_Bieu_tuong_thieng_lieng_cua_to_quoc.txt
176.txt,Cu_Lao_Xanh_-_Vien_ngoc_bien_hoang_so_tuyet_ep_o_Quy_Nhon.txt
177.txt,Cu_Lao_Xanh__Vien_ngoc_xanh_an_minh_giua_bien_Quy_Nhon_-_MOTOGO.txt
178.txt,Cu_lao_Cham__Wikipedia_tieng_Viet.txt
179.txt,Cua_Lo_(thi_xa)__Wikipedia_tieng_Viet.txt
180.txt,Cua_Lo__Wikipedia_tieng_Viet.txt
181.txt,Cua_ai_(phuong)__Wikipedia_tieng_Viet.txt
182.txt,Dia_dao_Cu_Chi__Wikipedia_tieng_Viet.txt
183.txt,Dinh_Bao_ai_a_Lat_-_net_kien_truc_Phap_giua_rung_thong.txt
184.txt,"Dinh_oc_Lap_Gia_ve,_gio_mo_cua,_kien_truc_va_lich_su.txt"
185.txt,Du_lich_Buon_Ma_Thuot_va_nhung_ieu_ban_se_nho_khi_roi_xa.txt
186.txt,Du_lich_Thanh_Co_Quang_Tri_-_Kham_pha_di_san_lich_su_van_hoa_Viet_Nam.txt
187.txt,Du_lich_am_O_Loan_iem_sang_cua_du_lich_Phu_Yen.txt
188.txt,Du_lich_ao_Ngoc_Vung_Cam_nang_tu_A_en_Z_-_iVIVU.com.txt
189.txt,"Du_lich_o_Son_Hai_Phong,_thien_uong_nghi_duong_4_mua.txt"
190.txt,"Du_lich_song_Huong,_Hue_-_Ban_giao_hoa_thien_nhien_va_van_hoa_vung_at_kinh_ky.txt"
191.txt,Fansipan__Wikipedia_tieng_Viet.txt
192.txt,Ganh_a_ia__Wikipedia_tieng_Viet.txt
193.txt,Ghe_tham_ban_Cat_Cat__ngoi_lang_co_ep_nhat_vung_Tay_Bac.txt
194.txt,Ghe_tham_ban_Ta_Phin__Noi_luu_giua_ve_ep_Sapa_xua_cu_-_MOTOGO.txt
195.txt,"Ghe_tham_chua_Huong_Tich_Ha_Tinh,_ia_iem_tam_linh_o_Ha_Tinh.txt"
196.txt,Gioi_thieu_ve_co_o_Hoa_Lu_voi_mot_thoi_huy_hoang_kinh_o_To_quoc.txt
197.txt,Goi_y_cho_ban_Top_3_oi_che_Moc_Chau_hap_dan_nhat.txt
198.txt,Goi_y_lich_trinh_kham_pha_Hon_Nua__Phu_Yen_tu_tuc_2N1.txt
199.txt,Hai_ngoi_chua_co_o_Bac_Ninh_uoc_UNESCO_vinh_danh_di_san_-_Bao_VnExpress.txt
200.txt,Hang_En__Wikipedia_tieng_Viet.txt
201.txt,Hang_Son_oong__Wikipedia_tieng_Viet.txt
202.txt,Ho_Ba_Be__Wikipedia_tieng_Viet.txt
203.txt,Ho_Dau_Tieng_-_ho_nuoc_nhan_tao_lon_nhat_Viet_Nam_-_Vntrip.vn.txt
204.txt,Ho_Lak_-_iem_du_lich_sinh_thai_va_van_hoa_noi_tieng_cua_ac_Lac.txt
205.txt,Ho_Lak__Wikipedia_tieng_Viet.txt
206.txt,Ho_Lak_vao_top_iem_cam_trai_sang_chanh_o_ong_Nam_A.txt
207.txt,Ho_Nui_Coc__Wikipedia_tieng_Viet.txt
208.txt,Ho_Tri_An__Wikipedia_tieng_Viet.txt
209.txt,Ho_Tuyen_Lam_O_au_Kinh_Nghiem_i_Ho_Tuyen_Lam_O_a_Lat_-_Klook_Blog.txt
210.txt,Ho_Tuyen_Lam__Wikipedia_tieng_Viet.txt
211.txt,Ho_Tuyen_Lam_kham_pha_la_phoi_xanh_cua_a_Lat.txt
212.txt,Ho_Xa_Huong__Canh_sac_tuyet_ep_tren_nui_Tam_ao_-_iVIVU.com.txt
213.txt,Ho_Xa_Huong__Wikipedia_tieng_Viet.txt
214.txt,Ho_Xuan_Huong_(ho_nuoc)__Wikipedia_tieng_Viet.txt
215.txt,Ho_Yen_Thang__Wikipedia_tieng_Viet.txt
216.txt,Ho_ong_Nai_3__Wikipedia_tieng_Viet.txt
217.txt,Hoang_thanh_Thang_Long__Wikipedia_tieng_Viet.txt
218.txt,Hoi_quan_Phuc_Kien_Hoi_An_-_Di_san_van_hoa_ep_nhat_nhi_o_thi_co.txt
219.txt,Hon_Kho_Quy_Nhon_iem_en_khong_the_bo_lo_khi_he_ve.txt
220.txt,Hon_Mun_Cam_nang_vui_choi_voi_chi_phi_re_nhat.txt
221.txt,Hon_Mun__Wikipedia_tieng_Viet.txt
222.txt,Hon_Nua_Phu_Yen_-_iem_du_lich_moi_noi_tai_Phu_Yen.txt
223.txt,Hon_Tam__Wikipedia_tieng_Viet.txt
224.txt,Huong_dan_uong_i_khu_du_lich_Buu_Long_ong_Nai_-_iVIVU.com.txt
225.txt,Kham_pha_Ho_Lak_-_Nang_tho_cua_nui_rung_Tay_Nguyen_hoang_da.txt
226.txt,Kham_pha_Hon_Chong_Nha_Trang_Thang_canh_noi_tieng_ben_vinh.txt
227.txt,Kham_pha_Khu_du_lich_Mui_Ca_Mau_tai_vung_cuc_Nam_To_quoc.txt
228.txt,Kham_pha_Lang_gom_Bat_Trang_-_Hoi_tho_ngan_oi_cua_gom_su_Viet__Xanh_SM.txt
229.txt,Kham_pha_Mai_Chau_Hoa_Binh_co_gi_cung_MIA.vn.txt
230.txt,Kham_pha_Nha_tho_go_Kon_Tum_voi_tuoi_oi_hon_100_nam.txt
231.txt,Kham_pha_Toa_Thanh_Tay_Ninh__Cong_trinh_quan_trong_cua_ao_Cao_ai.txt
232.txt,Kham_pha_bai_a_co_Sapa_-_Net_ep_bi_an_thi_tran_mo_suong.txt
233.txt,"Kham_pha_cho_Ben_Thanh,_bieu_tuong_lau_oi_cua_van_hoa_Sai_Gon.txt"
234.txt,Kham_pha_lang_noi_Chau_oc_An_Giang_oc_ao.txt
235.txt,Kham_pha_net_ep_dan_da_ma_nen_tho_cua_am_O_Loan_Phu_Yen_-_iVIVU.com.txt
236.txt,Kham_pha_nui_Ba_Ra__Ngon_nui_cao_nhat_Binh_Phuoc.txt
237.txt,Kham_pha_oi_che_trai_tim_Moc_Chau_(Bat_mi_thoi_iem_chup_anh_ep_nhat)).txt
238.txt,Kham_pha_rung_tram_Tra_Su__An_Giang..txt
239.txt,Kham_pha_thung_lung_Mai_Chau_ep_lang_man_tai_Mai_Chau_Lodge_Hoa_Binh_-_iVIVU.com.txt
240.txt,Kham_pha_ve_ep_ao_xanh_Cu_Lao_Cham.txt
241.txt,Kham_pha_ve_ep_hoang_so_cua_ao_Hon_Khoai_-_Ca_Mau.txt
242.txt,Kham_pha_ve_ep_tiem_an_bai_a_co_Sapa.txt
243.txt,"Khu_Du_Lich_Buu_Long,_Toa_o_Vui_Choi_Cuc_Hot_Gan_Sai_Gon_-_Klook_Blog.txt"
244.txt,Khu_Du_Lich_Buu_Long_Vinh_Ha_Long_Thu_Nho_Cua_Nam_Bo.txt
245.txt,Khu_Du_Lich_Suoi_Tien_Cap_nhat_gia_ve_va_hoat_ong_moi_2025.txt
246.txt,Khu_bao_ton_thien_nhien_at_ngap_nuoc_Van_Long__Wikipedia_tieng_Viet.txt
247.txt,Khu_di_tich_Pac_Bo__Wikipedia_tieng_Viet.txt
248.txt,Khu_di_tich_lich_su_va_danh_thang_Yen_Tu__Wikipedia_tieng_Viet.txt
249.txt,Khu_du_lich_Con_Phung_Bat_mi_kinh_nghiem_du_ngoan_tu_A-Z.txt
250.txt,Khu_du_lich_Ho_Lak_co_gi_ac_biet_ma_ai_en_cung_me_man__Xanh_SM.txt
251.txt,"Khu_du_lich_Lang_Xanh_Ben_Tre,_toa_o_thu_gian_dip_cuoi_tuan.txt"
252.txt,Khu_du_lich_Nui_Cam_An_Giang_ve_ep_linh_thieng_cua_nui_rung.txt
253.txt,Khu_du_lich_Suoi_Mo_-_ia_iem_da_ngoai_thu_vi_cuoi_tuan_-_BestPrice.txt
254.txt,Khu_du_lich_Suoi_Mo_ong_Nai__iem_en_ly_tuong_vao_dip_cuoi_tuan.txt
255.txt,Khu_du_lich_Suoi_Tien_am_chat_huyen_thoai_ngay_ben_canh_Sai_Gon_-_iVIVU.com.txt
256.txt,Khu_du_lich_ai_Nam_Binh_Duong_-_Nhung_ki_luc_cuon_hut_du_khach.txt
257.txt,"Khu_du_lich_ai_Nam_co_gi_choi,_cung_Traveloka_review_nhe..txt"
258.txt,Khu_du_lich_danh_lam_thang_canh_Thac_Ban_Gioc.txt
259.txt,Khu_du_lich_sinh_thai_Lang_Xanh_Ben_Tre.txt
260.txt,"Khu_du_lich_sinh_thai_ong_Thien_uong_-_Quang_Binh,_Viet_Nam.txt"
261.txt,Khu_du_lich_thac_amb'ri.txt
262.txt,Khu_du_tru_sinh_quyen_rung_ngap_man_Can_Gio__Wikipedia_tieng_Viet.txt
263.txt,Kinh_Nghiem_Du_Lich_Cu_Lao_Cham_Noi_Tieng_O_Hoi_An_-_Klook_Blog.txt
264.txt,"Kinh_Nghiem_i_ia_ao_Cu_Chi,_Di_Tich_Noi_Tieng_O_Sai_Gon_-_Klook_Blog.txt"
265.txt,Kinh_nghiem_du_lich_Lang_Co_cuc_ky_huu_ich.txt
266.txt,Kinh_nghiem_du_lich_Thien_Cam_moi_nhat_-_kham_pha_an_troi.txt
267.txt,Kinh_nghiem_du_lich_U_Minh_Ha_chi_tiet_cho_chuyen_i_nhan_tenh.txt
268.txt,Kinh_nghiem_du_lich_ban_ao_son_tra_a_Nang_chi_tiet_A_-_Z.txt
269.txt,Kinh_nghiem_du_lich_bien_Cua_ai_Hoi_An_tu_A-Z_cho_chuyen_i_tron_niem_vui.txt
270.txt,Kinh_nghiem_du_lich_cho_noi_Long_Xuyen_cho_chuyen_i_tron_ven.txt
271.txt,Kinh_nghiem_du_lich_khu_bao_ton_thien_nhien_Van_Long.txt
272.txt,Kinh_nghiem_du_lich_nui_Ba_Ra_cho_cac_oi_chan_nghien_xe_dich.txt
273.txt,Kinh_nghiem_du_lich_o_Son_Hai_Phong_chi_tiet_nhat_2025.txt
274.txt,Kinh_nghiem_du_lich_suoi_nuoc_nong_Kim_Boi_Hoa_Binh_chi_tiet.txt
275.txt,Kinh_nghiem_du_lich_vinh_Ha_Long_chi_tiet_nhat_2025.txt
276.txt,Kinh_nghiem_i_du_lich_doc_Viet_Nam_cua_khach_Tay.txt
277.txt,Kinh_nghiem_kham_pha_Lang_gom_Phu_Lang_Bac_Ninh.txt
278.txt,Kinh_nghiem_kham_pha_ho_a_Xanh_Vung_Tau_chi_tiet_nhat_2025.txt
279.txt,Kinh_nghiem_tham_quan_Ben_Nha_Rong_noi_in_dau_chan_Bac.txt
280.txt,"Kinh_nghiem_tham_quan_Dinh_oc_Lap,_bieu_tuong_cua_thong_nhat_va_hoa_binh.txt"
281.txt,Kinh_nghiem_tham_quan_chua_Huong_Ha_Noi_chi_tiet_nhat.txt
282.txt,Kinh_nghiem_vui_choi_tai_khu_du_lich_suoi_khoang_Kim_Boi_tu_A_en_Z__Xanh_SM.txt
283.txt,Lac_giua_goc_pho_i_bo_Bui_Vien_nhon_nhip_xuyen_man_em.txt
284.txt,Lang_Noi_Ca_Be_Chau_oc_-_Kinh_nghiem_du_lich_Lang_noi_Chau_oc.txt
285.txt,Lang_gom_Bat_Trang_ia_iem_du_lich_trong_ngay_gan_Ha_Noi_-_Vntrip.vn.txt
286.txt,Lang_gom_Bau_Truc_Ninh_Thuan_-_at_no_hoa_tu_ban_tay_nghe_nhan.txt
287.txt,Lang_gom_Bau_Truc__Mot_trong_nhung_lang_gom_co_xua_nhat_ong_Nam_A_tai_Ninh_Thuan_-_iVIVU.com.txt
288.txt,Lang_gom_Phu_Lang_-_Ngoi_lang_co_mang_ve_ep_truyen_thong_tinh_Bac_Ninh.txt
289.txt,Lang_gom_Phu_Lang__Lang_gom_noi_tieng_700_nam_xu_Kinh_Bac_-_iVIVU.com.txt
290.txt,Ly_Son__Wikipedia_tieng_Viet.txt
291.txt,Mieu_Ba_Chua_Xu_Nui_Sam_-_iem_du_lich_tam_lich_noi_tieng_cua_An_Giang.txt
292.txt,"Mieu_Ba_Chua_Xu_Nui_Sam_Chau_oc,_iem_en_tam_linh_tru_danh_Nam_Bo.txt"
293.txt,Moc_Chau_(thi_xa)__Wikipedia_tieng_Viet.txt
294.txt,"Mui_Ca_Mau,_cuc_nam_cua_To_quoc_-_Bao_VnExpress_Du_lich.txt"
295.txt,Mui_Ne__Wikipedia_tieng_Viet.txt
296.txt,Ngam_minh_tai_suoi_nuoc_nong_Tien_Lang_Hai_Phong.txt
297.txt,Ngu_Hanh_Son__Wikipedia_tieng_Viet.txt
298.txt,Ngu_Hanh_Son_a_Nang_Kinh_nghiem_du_lich_chi_tiet_nam_2025.txt
299.txt,Nha_Cong_Tu_Bac_Lieu_-_iem_en_khong_the_bo_qua_khi_ve_Bac_Lieu.txt
300.txt,Nha_cong_tu_Bac_Lieu_-_Kien_truc_be_the_vuot_thoi_gian.txt
301.txt,Nha_tho_Con_Ga_a_Lat__Kham_pha_cong_trinh_kien_truc_ton_giao_oc_ao_-_MOTOGO.txt
302.txt,Nha_tho_con_ga_a_Lat__iem_nhan_kien_truc_cua_xu_so_ngan_hoa.txt
303.txt,Nha_tho_go_Kontum_hon_tram_tuoi_co_kinh_uy_nghiem.txt
304.txt,Nha_tho_uc_Ba__iem_du_lich_khong_the_bo_qua_khi_en_Sai_Gon.txt
305.txt,Nhung_iem_en_du_lich_hap_dan_o_ong_Van_noi_Cao_nguyen_a_ai_ngan_-_Tinh_Ha_Giang_-_TRIPMAP.txt
306.txt,Nui_Ba_en__Wikipedia_tieng_Viet.txt
307.txt,Nui_Cam_-_Khu_du_lich_Lam_Vien_Nui_Cam_An_Giang_-_Gia_ve_Cap_Treo.txt
308.txt,Nui_Chua_Chan__Wikipedia_tieng_Viet.txt
309.txt,Nui_Dinh_Vung_Tau_iem_en_sieu_ngau_cho_lan_au_trekking.txt
310.txt,Nui_Dinh__Wikipedia_tieng_Viet.txt
311.txt,Nui_Ham_Rong_Sapa_-_Ngon_nui_hinh_au_rong_noi_tieng_cua_thanh_pho_mo_suong.txt
312.txt,Nui_Langbiang__Wikipedia_tieng_Viet.txt
313.txt,Nui_Voi_Hai_Phong_-_iem_trekking_ngam_canh_danh_cho_hoi_yeu_kham_pha.txt
314.txt,Pho_Co_Hoi_An_-_Thanh_pho_co_ep_hang_au_Chau_A_-_Vntrip.vn.txt
315.txt,Pho_Hien_Hung_Yen__Di_san_vang_bong_mot_thoi_-_iVIVU.com.txt
316.txt,Pho_co_Hoi_An__Wikipedia_tieng_Viet.txt
317.txt,Pho_i_bo_Bui_Vien__Kham_pha_pho_Tay_soi_ong_cua_em_Sai_thanh.txt
318.txt,Phu_Quoc__Wikipedia_tieng_Viet.txt
319.txt,Quan_ao_Cat_Ba__Wikipedia_tieng_Viet.txt
320.txt,Quan_the_danh_thang_Trang_An__Wikipedia_tieng_Viet.txt
321.txt,Quan_the_danh_thang_Trang_An_voi_ve_ep_hung_vi_an_tuong.txt
322.txt,Quan_the_di_tich_Co_o_Hue__Wikipedia_tieng_Viet.txt
323.txt,"Quan_the_di_tich_va_danh_thang_Yen_Tu__Vinh_Nghiem__Con_Son,_Kiep_Bac__Wikipedia_tieng_Viet.txt"
324.txt,Review_Bao_Tang_ieu_Khac_Cham_Kho_Tang_Nghe_Thuat_O_a_Nang_-_Klook_Blog.txt
325.txt,Review_Ganh_a_ia_Phu_Yen_va_nhung_trai_nghiem_thu_vi.txt
326.txt,Review_ai_Nam_Binh_Duong_-_iem_vui_choi_hot_nhat_dip_le.txt
327.txt,Ru_Nhau_Ve_ak_Nong_Tham_Quan_Thac_Dray_Sap.txt
328.txt,Rung_tram_Tra_Su_-_he_sinh_thai_ngap_nuoc_vo_cung_phong_phu.txt
329.txt,Ruong_bac_thang_Mu_Cang_Chai__Wikipedia_tieng_Viet.txt
330.txt,Ruong_bac_thang_Mu_Cang_Chai__buc_tranh_kiet_tac_cua_con_nguoi_va_thien_nhien.txt
331.txt,Sam_Son__Wikipedia_tieng_Viet.txt
332.txt,Son_Tra__Wikipedia_tieng_Viet.txt
333.txt,Suoi_nuoc_nong_Kim_Boi__Wikipedia_tieng_Viet.txt
334.txt,Tam_ao__Wikipedia_tieng_Viet.txt
335.txt,Tan_huong_nhung_trai_nghiem_oc_ao_o_cho_noi_Nga_Bay_Hau_Giang.txt
336.txt,Thac_Ban_Gioc_-_ve_ep_ky_vi_giua_non_nuoc_Cao_Bang.txt
337.txt,Thac_Ban_Gioc__Wikipedia_tieng_Viet.txt
338.txt,Thac_Dai_Yem_Moc_Chau__Dai_Lua_Trang_Giua_ai_Ngan_Tay_Bac_-_Ecotour.txt
339.txt,Thac_Dai_Yem_iem_giai_nhiet_cho_mua_he_mat_lanh_tai_Moc_Chau.txt
340.txt,Thac_Lieng_Nung_tuyet_ep_thu_hut_tin_o_du_lich_o_Tay_Nguyen_-_iVIVU.com.txt
341.txt,Thac_Mo_Binh_Phuoc_Kham_pha_ve_ep_hiem_co_kho_tim.txt
342.txt,Thac_Pongour__Wikipedia_tieng_Viet.txt
343.txt,Thac_Prenn__Wikipedia_tieng_Viet.txt
344.txt,Thac_Tac_Tinh_-_Ban_tinh_ca_manh_liet_giua_nui_rung_Tay_Bac.txt
345.txt,Thac_amb'ri__Wikipedia_tieng_Viet.txt
346.txt,Thac_ung__iem_en_Hap_Dan_O_Binh_Phuoc_Khong_The_Bo_Qua.txt
347.txt,Tham_quan_khu_di_tich_en_Hung-Phu_Tho_-_AllTours.txt
348.txt,Tham_quan_vuon_thu_Thao_Cam_Vien_Sai_Gon_-_Vntrip.vn.txt
349.txt,Thanh_co_Quang_Tri_-_iem_en_linh_thieng_luu_giu_ky_uc_hao_hung_qua_81_ngay_em_-_iVIVU.com.txt
350.txt,Thanh_ia_My_Son_-_Di_san_van_hoa_the_gioi_tai_Quang_Nam.txt
351.txt,Thanh_ia_My_Son__Wikipedia_tieng_Viet.txt
352.txt,Thanh_nha_Ho__Wikipedia_tieng_Viet.txt
353.txt,Thao_Cam_Vien_Sai_Gon__Thien_uong_da_ngoai_giua_o_thi_phon_hoa.txt
354.txt,Thap_Ba_Ponagar_Nha_Trang_Kinh_nghiem_tham_quan_tu_A-Z.txt
355.txt,Thap_Nhan_Phu_Yen_voi_ve_ep_van_hoa_Champa_xua_cu__Antamtour.vn.txt
356.txt,"Thap_Po_Klong_Garai,_bieu_tuong_ac_sac_cua_van_hoa_Cham_Pa.txt"
357.txt,Thap_Po_Klong_Garai__Wikipedia_tieng_Viet.txt
358.txt,Thap_oi_Quy_Nhon_-_Quy_Nhon_Trip_-_iem_en_Quy_Nhon.txt
359.txt,Thung_Lung_Muong_Hoa_Tuyet_Tac_Thien_uong_Tai_Sapa.txt
360.txt,Thung_Lung_Tinh_Yeu_iem_en_lang_man_va_ay_trai_nghiem.txt
361.txt,"Thuong_lam_Ben_Nha_Rong,_vung_ky_uc_rang_ngoi_cua_lich_su_dan_toc.txt"
362.txt,Top_6_Bai_Bien_Quy_Nhon_ep_Ngat_Ngay_Khong_The_Bo_Qua.txt
363.txt,Trai_nghiem_i_Cho_Noi_Long_Xuyen_-_An_Giang.txt
364.txt,Trai_nghiem_i_Cho_Noi_Nga_Bay_-_iem_en_thu_vi_cua_Hau_Giang.txt
365.txt,Trai_nghiem_i_Cho_Noi_Nga_Nam_-_iem_en_thu_vi_o_Soc_Trang.txt
366.txt,Trang_chu_-_Cong_thong_tin_Thanh_Pho_Ho_Chi_Minh.txt
367.txt,Trang_chu_-_VQG_Cat_Tien.txt
368.txt,"Trekking_Hang_En,_hanh_trinh_kham_pha_thien_nhien_hoang_so.txt"
369.txt,Tron_bo_kinh_nghiem_du_lich_vuon_Quoc_gia_Phong_Nha_Ke_Bang.txt
370.txt,"VUON_QUOC_GIA_BACH_MA,_vuon_quoc_gia_bach_ma.txt"
371.txt,Ve_An_Giang_ghe_tham_cho_noi_Long_Xuyen_mien_song_nuoc.txt
372.txt,Vieng_tham_en_Tran_Nam_inh_-_cam_nhan_net_ep_Viet.txt
373.txt,Vinh_Ha_Long__Wikipedia_tieng_Viet.txt
374.txt,Vinh_Lan_Ha__Wikipedia_tieng_Viet.txt
375.txt,Vuon_Quoc_Gia_Ba_Vi_-_iem_du_lich_sieu_chat_gan_trung_tam_thu_o_-_Vntrip.vn.txt
376.txt,Vuon_Quoc_Gia_Nui_Chua_Khu_du_tru_sinh_quyen_moi_cua_the_gioi.txt
377.txt,Vuon_quoc_gia_Ba_Be__Wikipedia_tieng_Viet.txt
378.txt,Vuon_quoc_gia_Bach_Ma__Wikipedia_tieng_Viet.txt
379.txt,Vuon_quoc_gia_Ben_En__Wikipedia_tieng_Viet.txt
380.txt,Vuon_quoc_gia_Cat_Tien__Wikipedia_tieng_Viet.txt
381.txt,Vuon_quoc_gia_Cuc_Phuong_Rung_nguyen_sinh_ep_nhat_Viet_Nam.txt
382.txt,Vuon_quoc_gia_Cuc_Phuong__Wikipedia_tieng_Viet.txt
383.txt,Vuon_quoc_gia_Nui_Chua__Wikipedia_tieng_Viet.txt
384.txt,Vuon_quoc_gia_Phong_Nha__Ke_Bang__Wikipedia_tieng_Viet.txt
385.txt,Vuon_quoc_gia_Tram_Chim__Wikipedia_tieng_Viet.txt
386.txt,"Vuon_quoc_gia_Xuan_Thuy,_khu_RAMSAR_oc_nhat_tai_Nam_inh.txt"
387.txt,Vuon_quoc_gia_Xuan_Thuy__Wikipedia_tieng_Viet.txt
388.txt,"Vuon_quoc_gia_YokDon,_iem_en_voi_nhung_trai_nghiem_kho_quen.txt"
389.txt,Vuon_quoc_gia_Yok_on__Chon_bong_lai_giua_nui_rung_Tay_Nguyen__Xanh_SM.txt
390.txt,[A_-_Z]_Trai_nghiem_&_kinh_nghiem_du_lich_nui_Ba_en_Tay_Ninh.txt
391.txt,a_Lat__Wikipedia_tieng_Viet.txt
392.txt,ao_Binh_Ba__Wikipedia_tieng_Viet.txt
393.txt,ao_Hon_Khoai_o_Ca_Mau_-_vung_bien_va_dai_at_phia_Tay_Nam_cua_To_quoc.txt
394.txt,"en_Hung_Phu_Tho_-_Di_tich_tam_linh,_thieng_lieng.txt"
395.txt,"en_bien_My_Khe_a_Nang,_lang_nguoi_ngam_nhin_1_trong_6_bai_bien_ep_nhat_hanh_tinh.txt"
396.txt,en_en_Tran_Nam_inh_ngam_nhin_kien_truc_chua_co_linh_thieng.txt
397.txt,en_lang_co_uong_Lam_lac_vao_co_tran_binh_yen_ngay_sat_Ha_Noi.txt
398.txt,eo_Hai_Van_-_Chinh_phuc_thien_ha_e_nhat_hung_quan.txt
399.txt,eo_Hai_Van_-_Kham_pha_cung_uong_eo_ep_nhat_Viet_Nam.txt
400.txt,ep_hut_hon_canh_sac_thien_nhien_thac_ung_Binh_Phuoc.txt
401.txt,oi_Cat_Mui_Ne_Thien_uong_cat_bay_tuyet_ep.txt
402.txt,oi_che_Moc_Chau_-_iem_en_hap_dan_du_khach.txt
403.txt,oi_che_Moc_Chau_tua_tien_canh_trong_suong_som_-_Bao_VnExpress_Du_lich.txt
404.txt,ong_Phong_Nha__Wikipedia_tieng_Viet.txt
405.txt,ong_Thien_uong__Wikipedia_tieng_Viet.txt
406.txt,uong_len_cong_troi_Sapa_-_Noi_thien_uong_trong_may_ai_ngan.txt
