document,total_words,unique_words,top_words,top_tfidf,avg_tfidf,id
0.txt,1008,488,"núi, an_giang, châu_đốc, mùa, du_khách, sông, đồng, chợ, đi, đặc_sản","châu_đốc, an_giang, long_xuyên, núi, sam",0.002600060813936703,0
1.txt,1496,666,"nà, du_khách, hills, đồng, treo, khu, du_lịch, cáp, đà_nẵng, đỉnh","nà, hills, bql, cáp, treo",0.002283693924865391,1
10.txt,1074,541,"bình_liêu, đi, núi, mốc, mùa, đường, du_khách, thác, quảng_ninh, cột","bình_liêu, mốc, quảng_ninh, cột, lau",0.0019699643465181725,10
100.txt,1588,708,"sa_pa, đường, đi, đồng, núi, đèo, xe, đẹp, giá, cát","sa_pa, đèo, đường, đồng, quy_hồ",0.0028772080120797443,100
101.txt,1800,855,"trà_vinh, chùa, lễ, khmer, tp, du_khách, đồng, lễ_hội, món, bún","trà_vinh, khmer, chùa, lễ, om",0.002791648676285417,101
102.txt,1456,767,"tiền_giang, tp, mỹ_tho, du_khách, hủ_tiếu, đồng, đi, kiến_trúc, chùa, đình","mỹ_tho, hủ_tiếu, tiền_giang, công_tử, tp",0.00286627028848039,102
103.txt,1489,744,"tây_ninh, núi, du_khách, chùa, tp, đồng, món, trảng_bàng, hai, đen","tây_ninh, trảng_bàng, tòa_thánh, tơ, bánh_canh",0.003176189066189084,103
104.txt,1683,817,"tuyên_quang, du_khách, thác, hang, lịch_sử, núi, thành, nằm, na, du_lịch","tuyên_quang, na, tân_trào, thác, hang",0.003223497482688157,104
105.txt,889,409,"rừng, tràm, trà_sư, du_khách, đẹp, chim, du_lịch, cầu, tham_quan, mùa","trà_sư, tràm, rừng, xuồng, bèo",0.0015560465781012396,105
106.txt,1063,513,"tà_xùa, mây, đẹp, đỉnh, đi, mỏm, đường, homestay, săn, ảnh","tà_xùa, mỏm, mây, sống_lưng, khủng_long",0.0015113071772666254,106
107.txt,1104,547,"trạm_tấu, núi, đỉnh, nóng, đường, tà_xùa, đẹp, du_khách, chinh_phục, mây","trạm_tấu, tà_xùa, nhù, đỉnh, tấu",0.00218247986587847,107
108.txt,1741,841,"thái_nguyên, chè, hồ, vị, núi, du_khách, lá, suối, màu, bánh","thái_nguyên, trám, chè, vị, bánh",0.003271296880834633,108
109.txt,2294,1020,"tp, hcm, du_lịch, đồng, thành_phố, du_khách, phố, đường, món, trung_tâm","hcm, tp, đồng, phố, bảo_tàng",0.0037422211244847233,109
11.txt,1743,784,"khu, đồng, du_lịch, du_khách, đi, núi, rừng, hà_nội, vườn, quốc_gia","khu, đồng, mô, du_khách, rừng",0.003463101824886264,11
110.txt,1704,795,"thanh_hóa, du_lịch, biển, du_khách, cá, mùa, bãi, tp, núi, đồng","thanh_hóa, pù, luông, bánh_cuốn, hải_tiến",0.0033289457845463296,110
111.txt,869,449,"tú_lệ, mùa, du_khách, đèo, đường, đi, tắm, đẹp, khau, ruộng","tú_lệ, khau, phạ, đèo, mù_cang_chải",0.0017639793917722342,111
112.txt,1417,645,"mặc_định, tam_cốc, đồng, lúa, sông, du_lịch, chín, khu, sống, mùa","mặc_định, tam_cốc, lúa, đồng, chín",0.001105709002505586,112
113.txt,1011,522,"tam_đảo, du_lịch, thị_trấn, ảnh, du_khách, đi, đồng, chụp, vĩnh_phúc, mùa","tam_đảo, su_su, thị_trấn, vĩnh_phúc, ảnh",0.00243541711136098,113
114.txt,2640,1163,"huế, du_khách, vua, ảnh, đi, nằm, đồng, hương, du_lịch, mùa","huế, vua, lăng, đại_nội, hương",0.003243025644313427,114
115.txt,804,382,"mặc_định, thái_bình, sống, biển, kinh_doanh, giáo_dục, bãi, doanh_nghiệp, tri_thức, awards","mặc_định, thái_bình, tri_thức, awards, giáo_dục",0.0007369732757088436,115
116.txt,1077,539,"pù_mát, nghệ_an, vườn, vqg, du_khách, rừng, sông, quốc_gia, thác, du_lịch","pù_mát, vqg, giăng, nghệ_an, săng",0.0022689955225750594,116
117.txt,1153,503,"bạch_mã, du_khách, thác, vườn, đồng, đỉnh, đỗ_quyên, loài, đường, quốc_gia","bạch_mã, đỗ_quyên, thác, vườn_quốc_gia, đỉnh",0.0018893517905055916,117
118.txt,1561,638,"vườn, cúc_phương, du_khách, rừng, quốc_gia, đi, đồng, tour, cúc, tham_quan","cúc_phương, cúc, vườn, du_khách, rừng",0.002405665396761855,118
119.txt,1037,474,"vườn, cát_tiên, đồng, du_khách, quốc_gia, rừng, tham_quan, đi, tour, dịch_vụ","cát_tiên, vườn, bàu_sấu, đồng, quốc_gia",0.0022085333601556405,119
12.txt,1309,686,"bắc_ninh, làng, chùa, đình, bánh, ảnh, du_lịch, vị, du_khách, tỉnh","bắc_ninh, làng, kinh_bắc, đình, phù_lãng",0.0030299261116360477,12
120.txt,1644,815,"vĩnh_long, khu, miền, du_lịch, sông, tỉnh, du_khách, đồng, cá, tây","vĩnh_long, gạch, vinh, bánh_tráng, kèo",0.003168068773547518,120
121.txt,1165,489,"vịnh, lan_hạ, du_khách, cát_bà, đảo, hang, làng, đồng, hạ_long, du_lịch","vịnh, lan_hạ, cát_bà, việt_hải, hang",0.0022005934382450213,121
122.txt,1305,557,"vịnh, hạ_long, tàu, hang, tham_quan, hòn, đêm, du_lịch, đảo, du_khách","vịnh, hạ_long, hang, tàu, hòn",0.002272482210922329,122
123.txt,1992,928,"vũng_tàu, biển, bãi, du_khách, đi, ảnh, đường, đồng, núi, du_lịch","vũng_tàu, window, biển, bãi, tượng",0.003329903981841004,123
124.txt,929,520,"vĩnh_phúc, tam_đảo, du_lịch, hồ, đẹp, thiền, viện, đại_lải, du_khách, núi","vĩnh_phúc, tam_đảo, thiền, viện, đại_lải",0.002504077701292895,124
125.txt,1367,596,"mặc_định, y_tý, du_khách, lào_cai, mây, ảnh, sống, đi, yến, cung","mặc_định, y_tý, lào_cai, yến, mây",0.0010641261183247503,125
126.txt,1675,770,"yên_bái, mù_cang_chải, du_khách, du_lịch, mùa, homestay, món, đường, tú_lệ, trạm_tấu","mù_cang_chải, yên_bái, tú_lệ, trạm_tấu, nghĩa_lộ",0.0029538442903697293,126
127.txt,1419,600,"mặc_định, du_khách, việt_nam, du_lịch, đi, tàu, thuê, chuyến, xe, sống","mặc_định, du_khách, tàu, việt_nam, thuê",0.0010746663664358263,127
128.txt,3464,1249,"huế, vua, di_tích, điện, xây_dựng, chùa, thành, đình, kdt, kinh_thành","huế, vua, kdt, kinh_thành, triều",0.0030549156977220456,128
129.txt,7995,2223,"hội_an, tr, cổ, hội, việt_nam, chùa, hai, đường, văn_hóa, phố","tr, hội_an, hội, sinh_quyển, kdt",0.003961685568458418,129
13.txt,1199,555,"đảo, biển, bãi, bình_ba, đi, bình, du_khách, du_lịch, giá, đồng","bình_ba, đảo, tôm_hùm, bãi, biển",0.002280209035498493,13
130.txt,13,13,"vinpearl, com, verifying, you, are, human, this, may, take, a","you, may, this, vinpearl, com",0.00047066747550536086,130
131.txt,1058,534,"khách_sạn, hội_an, cổ, phố, hội, du_lịch, du_khách, kiến_trúc, đẹp, an","hội_an, khách_sạn, vntrip, phố, cổ",0.002320930643647368,131
132.txt,9139,2381,"vịnh, hạ_long, đảo, việt_nam, biển, hang, thế_giới, di_sản, truy_cập, văn_hóa","vịnh, hạ_long, đảo, hang, truy_cập",0.0033638954428936037,132
133.txt,1634,615,"hạ_long, vnđ, du_lịch, vnd, vịnh, đi, thành_phố, hà_nội, bãi, đảo","hạ_long, vnđ, vnd, vịnh, du_lịch",0.002120159927363774,133
134.txt,4381,1313,"tràng_an, du_lịch, hoa_lư, khu, di_sản, thế_giới, động, quần_thể, núi, chùa","tràng_an, hoa_lư, di_sản, danh_thắng, động",0.0026153695773146472,134
135.txt,1338,615,"tràng_an, quần_thể, danh_thắng, động, chùa, khu, du_lịch, núi, ninh_bình, sở_hữu","tràng_an, danh_thắng, quần_thể, động, ninh_bình",0.0028004504446919455,135
136.txt,2410,998,"mỹ_sơn, đền, tháp, kdt, di_tích, chùa, thế_kỷ, đình, thánh_địa, việt_nam","mỹ_sơn, kdt, đền, tháp, thánh_địa",0.0033305085295005526,136
137.txt,1254,528,"mỹ_sơn, vnd, thánh_địa, vé, hội_an, kiến_trúc, tiết_kiệm, shutterstock, quảng_nam, traveloka","mỹ_sơn, vnd, thánh_địa, shutterstock, traveloka",0.001819642857848225,137
138.txt,1032,557,"đỉnh, fansipan, núi, chinh_phục, cực, việt_nam, biển, đông_dương, độ, bia","fansipan, đỉnh, chinh_phục, núi, cực",0.0021402214360011955,138
139.txt,2461,964,"chim, tràm, ha, loài, quốc_gia, vườn, đất, ống, cỏ, trầm_tích","chim, tràm, sếu, đồng_cỏ, năng",0.0027684444537843414,139
14.txt,1431,735,"bạc_liêu, du_khách, đồng, cánh, đi, lễ_hội, thành_phố, giá, biển, km","bạc_liêu, ba_khía, bồn, công_tử, đồng",0.0028655888356797655,14
140.txt,7372,2137,"phong_nha, động, kẻ_bàng, quốc_gia, vườn, khu_vực, hang, m, việt_nam, thế_giới","phong_nha, kẻ_bàng, động, vườn, quốc_gia",0.0029288236328025197,140
141.txt,2073,749,"né, mũi, tỉnh, phường, lâm_đồng, du_lịch, xã, thành_phố, phan_thiết, bình_thuận","né, mũi, hàm_thuận, đạ, lâm_đồng",0.0029650831753638544,141
142.txt,3448,683,"vinwonders, vé, phú_quốc, vinpearl, né, cửa, grand, mũi, combo, safari","vinwonders, vinpearl, grand, né, vé",0.0020634603719693876,142
143.txt,8493,2232,"đà_lạt, thành_phố, tr, lâm_đồng, phường, trần_sỹ, lưu_trữ, trường, truy_cập, bản_gốc","đà_lạt, trần_sỹ, tr, thành_phố, lâm_đồng",0.002745870948978371,143
144.txt,2337,883,"mộc_châu, xã, thị_xã, tỉnh, huyện, sơn_la, thành_lập, đô_thị, châu, phường","mộc_châu, xã, thị_xã, sơn_la, thành_lập",0.002751975556437912,144
145.txt,521,337,"chợ_nổi, chợ, cần_thơ, hoạt_động, mua_bán, sông, tham_quan, văn_hóa, ghe, trang","chợ_nổi, cần_thơ, mua_bán, chợ, bẹo",0.0020260371014160948,145
146.txt,3223,1363,"nà, núi, khu, cáp, pháp, treo, du_lịch, xây_dựng, đà_nẵng, tuyến","nà, cáp, treo, pháp, núi",0.0032110068659990726,146
147.txt,1651,787,"đảo, lý_sơn, huyện, quảng_ngãi, hòn, việt_nam, tỉnh, xã, biển, đặc_khu","lý_sơn, đảo, hoàng_sa, quảng_ngãi, đặc_khu",0.002706345317826274,147
148.txt,1901,848,"hồ, bể, kdt, chùa, di_tích, đền, đình, quốc_gia, thành, hai","kdt, bể, hồ, chùa, đình",0.0034556822763113656,148
149.txt,1454,640,"tam_đảo, núi, hồ, du_lịch, phú_thọ, hà_nội, dãy, xã, khí_hậu, suối","tam_đảo, núi, phú_thọ, hồ, tuyên_quang",0.003011738116073273,149
15.txt,1127,555,"bến_tre, dừa, du_khách, miền, dân, ảnh, du_lịch, sông, thưởng_thức, cồn","bến_tre, dừa, cồn, làng_nghề, trái_cây",0.0026933896694778443,15
150.txt,7883,2151,"thành, hà_nội, điện, thăng_long, lê, thời, m, hoàng_thành, mạc, cửa","thăng_long, lê, móng, hoàng_thành, mạc",0.0038730205874013685,150
151.txt,4310,1582,"thành, hồ, đá, di_tích, đền, chùa, núi, đàn, kdt, tường","thành, nhà_hồ, kdt, tây_đô, hồ",0.0038552548579170827,151
152.txt,326,207,"vịnh, trang, lan_hạ, cát_bà, nội_dung, viết, wikipedia, giúp, tham_khảo, việt_nam","vịnh, lan_hạ, cát_bà, trang, địa_lý",0.002049469710526963,152
153.txt,197,129,"tô, tỉnh, trang, định_hướng, an_giang, quảng_ninh, sửa, đặc_khu, huyện, nội_dung","tô, định_hướng, trang, đặc_khu, tỉnh",0.0015618734973141413,153
154.txt,3252,1228,"cát_bà, đảo, quần_đảo, vịnh, biển, thế_giới, kdt, di_sản, loài, hạ_long","cát_bà, quần_đảo, kdt, vịnh, đảo",0.0034669141857367044,154
155.txt,4877,1349,"phú_quốc, khu_phố, thành, tỉnh, đổi, xã, an_thới, đặc_khu, dương_đông, đảo","khu_phố, an_thới, phú_quốc, dương_đông, đặc_khu",0.0018919363872520396,155
156.txt,849,419,"phú_quốc, bãi, du_lịch, biển, đảo, kiên_giang, bãi_dài, mia, gành, dầu","phú_quốc, bãi, bãi_dài, mia, gành",0.0025321913131373863,156
157.txt,4143,1609,"côn_đảo, hòn, đảo, b, việt_nam, pháp, đ, đặc_khu, vũng_tàu, thành_phố","côn_đảo, đặc_khu, hòn, côn_lôn, b",0.0032070693196777204,157
158.txt,1252,676,"hang, sơn_đoòng, động, cáp, hang_động, dự_án, truy_cập, hang_sơn_đoòng, treo, việt_nam","sơn_đoòng, hang, hang_sơn_đoòng, động, cáp",0.002278235825100085,158
159.txt,13,13,"oxalisadventure, com, verifying, you, are, human, this, may, take, a","you, may, this, com, a",0.0004270888198739828,159
16.txt,1561,759,"buôn_ma_thuột, cà_phê, ảnh, thành_phố, du_lịch, du_khách, đăk, lăk, đường, đồng","buôn_ma_thuột, cà_phê, lăk, đăk, tưới",0.0028457203605258847,16
160.txt,4254,1382,"việt_nam, cúc_phương, khu, loài, vườn, bảo_tồn, quốc_gia, núi, dự_trữ, sinh_quyển","cúc_phương, sinh_quyển, dự_trữ, loài, việt_nam",0.003586691480067474,160
161.txt,362,164,"du_lịch, dịch_vụ, tham_quan, bạch_mã, hoạt_động, vườn, thư_viện, quốc_gia, bảo_tồn, thiên_nhiên","bạch_mã, thư_viện, dịch_vụ, du_lịch, cơ_cấu",0.0016740736835958248,161
162.txt,2206,872,"cát_tiên, kdt, quốc_gia, chùa, việt_nam, rừng, vườn, đền, khu, di_tích","kdt, cát_tiên, chùa, tê_giác, đình",0.003771886816376863,162
163.txt,1555,632,"núi, biển, khu_vực, suối, độ, địa_hình, đất, bắc, đông, nam","núi_chúa, núi, địa_hình, khô_hạn, chúa",0.002875570450080478,163
164.txt,1309,539,"vườn, quốc_gia, khu, hồ, loài, bể, bảo_tồn, việt_nam, núi, tự_nhiên","vườn, quốc_gia, bể, loài, hồ",0.0021633636511324433,164
165.txt,825,490,"quốc_gia, vườn, núi, du_lịch, bến_en, lễ_hội, khu, sông, đền, nội_dung","bến_en, quốc_gia, vườn, thanh_hóa, đền",0.003230959307485929,165
166.txt,1343,616,"hồ, núi_cốc, du_lịch, đập, thái_nguyên, thành_phố, núi, khu, sông, xây_dựng","núi_cốc, hồ, đập, thái_nguyên, mét_khối",0.002550371771257714,166
167.txt,711,367,"hồ, du_lịch, ninh_bình, hồ_yên_thắng, sân, golf, hoa_lư, chùa, lễ_hội, đồng","hồ_yên_thắng, ninh_bình, golf, hồ, hoa_lư",0.0024523634819971765,167
168.txt,624,340,"hồ, truy_cập, đồng_nai, tà_đùng, báo, đắk, nông, du_lịch, hạ_long, tây_nguyên","tà_đùng, hồ, truy_cập, đắk, đồng_nai",0.0019520694820812034,168
169.txt,292,190,"hồ, đồng_nai, trị_an, viết, nội_dung, wikipedia, tham_khảo, trang, giúp, việt_nam","trị_an, đồng_nai, hồ, sơ_khai, wikipedia",0.0020586866139868892,169
17.txt,1505,679,"chùa, bái, đính, m, tượng, du_khách, điện, phật, đồng, núi","đính, bái, chùa, m, tượng",0.002087632981467213,17
170.txt,285,212,"hồ, viết, nội_dung, trang, wikipedia, giúp, chú_thích, xạ_hương, núi, đá","xạ_hương, hồ, sơ_khai, chú_thích, nội_dung",0.0022521901857434504,170
171.txt,931,329,"du_lịch, khách_sạn, hồ, ảnh, đà_lạt, ivivu, xạ_hương, núi, hà_nội, vũng_tàu","du_lịch, xạ_hương, khách_sạn, ivivu, singapore",0.0018122202177277666,171
172.txt,867,438,"đà_lạt, hồ, du_lịch, hồ_xuân_hương, khu, gọi, xuân_hương, vườn, hoa, thác","đà_lạt, hồ_xuân_hương, xuân_hương, hồ, giả_thuyết",0.0028401912814718174,172
173.txt,1250,448,"mặc_định, chè, đồi, mộc_châu, hoa, sương_mù, đẹp, sống, lớp, du_khách","mặc_định, chè, mộc_châu, đồi, sương_mù",0.0010359299437357116,173
174.txt,1059,465,"kdt, chùa, di_tích, đình, đền, hang, chiến_thắng, hồ_chí_minh, đường, pác_bó","kdt, chùa, đình, di_tích, đền",0.0026909569588558033,174
175.txt,255,179,"viết, trang, kim_bôi, nội_dung, wikipedia, tiêu_chuẩn, suối, nóng, sơ_khai, giúp","kim_bôi, sơ_khai, nước_khoáng, suối_khoáng, trang",0.0020359136102315423,175
176.txt,12,12,"vinpearl, com, verify, you, are, human, by, completing, the, action","you, by, vinpearl, the, com",0.00043029689937759295,176
177.txt,721,445,"biển, sầm_sơn, bãi, lễ_hội, du_lịch, đền, núi, khu, viết, chùa","sầm_sơn, biển, lễ_hội, bãi, đền",0.0029750160554519235,177
178.txt,830,398,"sầm_sơn, phường, tỉnh, hành_chính, thanh_hóa, thọ, tổ, dân_phố, pdf, nghị_quyết","sầm_sơn, dân_phố, thọ, hđnd, nq",0.0019147555825558555,178
179.txt,545,289,"phường, hành_chính, việt_nam, vinh, viết, cửa, lò, xã, cửa_lò, tỉnh","cửa_lò, hành_chính, vinh, lò, nghĩa",0.0020890270207340324,179
18.txt,1168,537,"tam_chúc, chùa, du_lịch, du_khách, điện, khu, xe, m, hồ, đi","tam_chúc, chùa, điện, thủy_đình, tam_quan",0.0019893198141421897,18
180.txt,2007,804,"cửa_lò, du_lịch, biển, cửa, đảo, lò, khu, thị_xã, phường, sông","cửa_lò, lò, thị_xã, lan_châu, cửa",0.002084249413468063,180
182.txt,390,218,"trang, viết, phường, lịch_sử, wikipedia, xóa, cửa_đại, hiện, tiêu_đề, ngôn_ngữ","cửa_đại, trang, tiêu_đề, xóa, wikipedia",0.001808280977995424,182
183.txt,2000,600,"vinwonders, biển, cửa, phú_quốc, đại, safari, grand, hội_an, vinpearl, trải","vinwonders, biển, cửa, phú_quốc, chíp",0.0021522582777619708,183
184.txt,244,149,"biển, đà_nẵng, bãi, viết, liên_kết, nội_dung, wikipedia, mỹ_khê, trang, giúp","mỹ_khê, đà_nẵng, sơ_khai, liên_kết, wikipedia",0.0019499421155315811,184
186.txt,2489,1070,"núi, đen, tây_ninh, du_lịch, khu, đỉnh, báo, việt_nam, quốc_gia, m","đen, núi, tây_ninh, isbn, ma_thiên_lãnh",0.0030356335132485104,186
187.txt,2939,1163,"núi, đen, tây_ninh, du_khách, du_lịch, tượng, nhà_ga, chùa, đỉnh, trải","đen, núi, nhà_ga, tây_ninh, vân_sơn",0.002698785232258529,187
188.txt,894,470,"núi, hàm_rồng, sapa, hoa, đá, đẹp, vườn, mia, đào, hình","hàm_rồng, sapa, núi, hoa, mia",0.0020454434431601463,188
189.txt,523,290,"sapa, trời, cổng, đèo, đẹp, đường, mia, larita, đại, đỉnh","sapa, trời, cổng, đèo, larita",0.0020060367814323577,189
19.txt,1212,565,"cù_lao_chàm, cù_lao, đảo, chàm, biển, bãi, đồng, du_khách, du_lịch, hòn","cù_lao_chàm, chàm, cù_lao, đảo, bãi",0.0022105127946427227,19
190.txt,1356,712,"thác, giốc, trung_quốc, việt_nam, sông, thác_bản, biên_giới, hai, chùa, du_lịch","giốc, thác, trung_quốc, thác_bản, quây_sơn",0.0019363515657731707,190
191.txt,657,377,"làng, thác, du_lịch, thống_kê, đẹp, giốc, nghề, lịch_sử, trải, sản_phẩm","giốc, lạt, thống_kê, thủ_tục, thác",0.0024268726667931897,191
192.txt,698,417,"động, trang, viết, phong_nha, hang_động, giúp, nội_dung, liên_kết, cải_thiện, hang","phong_nha, động, cải_thiện, hang_động, trang",0.0026171718194448407,192
193.txt,12569,1872,"khám_phá, du_lịch, hà_nội, flag, biển, top, đẹp, đặc_sản, ngon, cẩm_nang","flag, khám_phá, hplsecondmegamenu, top, hà_nội",0.0031692393660140584,193
195.txt,12,12,"oxalisadventure, com, verify, you, are, human, by, completing, the, action","you, by, the, com",0.0003817157154923798,195
196.txt,54,24,"tham_quan, mở_cửa, trở_lại, 1km, hệ_thống, cầu_thang, gỗ, khám_phá, trải, nghiệm","thiên_cung, mở_cửa, chào_đón, trở_lại, cầu_thang",0.0008741444875059682,196
198.txt,986,529,"hồ, lắk, rừng, du_lịch, lịch_sử, văn_hóa, khu, loài, môi_trường, buôn","lắk, hồ, hồ_lắk, buôn, rừng",0.0031497141220299505,198
199.txt,1786,667,"hồ_lắk, khu, du_lịch, du_khách, ảnh, thiên_nhiên, văn_hóa, m, hồ, món","hồ_lắk, sm, lắk, tây_nguyên, nông",0.0022327961685708092,199
2.txt,1359,725,"bắc_giang, chùa, huyện, hà_nội, du_khách, đi, núi, làng, mùa, đồng","bắc_giang, chùa, bánh_đa, vải_thiều, bánh",0.0030154375060396548,2
20.txt,1519,727,"châu_đốc, cá, núi, món, du_khách, sam, miền, mắm, an_giang, đường","châu_đốc, sam, thốt_nốt, mắm, cá",0.0027258800232114093,20
200.txt,2432,656,"túi, more, phụ_kiện, núi, leo, trại, dã_ngoại, balo, đồ, xe_đạp","more, túi, phụ_kiện, balo, đa_năng",0.0015515494839232812,200
201.txt,1053,568,"thác, đà_lạt, du_lịch, khu, bri, việt_nam, lâm_đồng, đa, m, nhà_thờ","bri, thác, đà_lạt, đa, lâm_đồng",0.0032245960764388116,201
202.txt,202,101,"đamb, ri, khu, thác, ưu_đãi, địa_phương, tỉnh, đu_quay, lồng, nhà_hàng","đamb, ri, hội_họp, eco, game",0.000886483101081746,202
203.txt,1053,411,"tour, thác, mộc_châu, du_lịch, dải_yếm, ecotour, mười, hai, đà_nẵng, trắng","tour, dải_yếm, thác, mộc_châu, thác_dải_yếm",0.0017740541855394332,203
204.txt,372,192,"thác, thống_kê, mộc_châu, du_khách, văn_bản, thủ_tục, cơ_sở, đẹp, du_lịch, chức_năng","thác, thống_kê, thủ_tục, lệ_phí, nộp",0.0018121844516669945,204
205.txt,1139,646,"thác, đà_lạt, du_lịch, việt_nam, khu, lâm_đồng, nhà_thờ, suối, thác_pongour, đá","thác, đà_lạt, thác_pongour, lâm_đồng, đray",0.003467407645432812,205
207.txt,1263,692,"thác, đà_lạt, du_lịch, việt_nam, khu, prenn, suối, vườn, hoa, lâm_đồng","thác, prenn, đà_lạt, linh, voi",0.0033915021193524596,207
21.txt,1141,553,"rừng, khu, du_khách, du_lịch, tp, đồng, đảo, hcm, ảnh, chim","rừng, vàm_sát, sác, dơi, đảo",0.0029752821306667492,21
210.txt,340,176,"edition, môi_trường, hồ, doanh_nghiệp, xanh, hội_đồng, biên_tập, tạp_chí, thiên_nhiên, việt_nam","edition, môi_trường, biên_tập, lak, hội_đồng",0.0009823779867398792,210
211.txt,906,449,"hồ, đi, vé, đẹp, đắk_lắk, hồ_lắk, trải, du_khách, nghiệm, du_lịch","hồ_lắk, hồ, đắk_lắk, buôn, traveloka",0.002736570665965271,211
212.txt,1201,492,"vũng_tàu, xanh, hồ_đá, hồ, đẹp, khách_sạn, du_lịch, traveloka, đá, thành_phố","hồ_đá, vũng_tàu, xanh, hồ, traveloka",0.001762146710755023,212
213.txt,1192,428,"vé, đi, máy_bay, xanh, du_lịch, hồ_đá, vũng_tàu, thành_phố, miền, hồ","máy_bay, vé, hồ_đá, đi, vũng_tàu",0.0016343770018570323,213
214.txt,1397,565,"núi, du_lịch, đà_lạt, langbiang, đỉnh, khu, đồi, vườn, đi, chinh_phục","langbiang, biang, núi_bà, k, đà_lạt",0.0025917024280058365,214
216.txt,1371,522,"hồ, du_lịch, đà_lạt, khu, thành_phố, lâm_đồng, quốc_gia, cà_mau, phú_thọ, thác","đà_lạt, hồ, lâm_đồng, tuyền_lâm, phú_thọ",0.0034391907140247963,216
217.txt,1008,462,"hồ, đà_lạt, đi, du_lịch, tuyền_lâm, đẹp, khu, resort, thành_phố, du_khách","tuyền_lâm, đà_lạt, hồ, vnd, tuyền",0.0023411037798864486,217
218.txt,1858,779,"núi, chứa_chan, truy_cập, đồng_nai, báo, du_lịch, đá, b, đỉnh, a","chứa_chan, truy_cập, núi, đồng_nai, xuân_lộc",0.001895209568135375,218
219.txt,669,384,"núi, dinh, truy_cập, bà_rịa, chùa, vũng_tàu, báo, thành_phố, hai, núi_dinh","núi, bà_rịa, dinh, núi_dinh, truy_cập",0.002151574252004571,219
22.txt,804,453,"đảo, xanh, cù_lao, biển, du_khách, cù_lao_xanh, du_lịch, bãi, hải_đăng, quy_nhơn","cù_lao, cù_lao_xanh, đảo, xanh, hải_đăng",0.002318923955111306,22
220.txt,1005,545,"núi, dinh, chùa, vũng_tàu, đường, mia, đi, biển, vn, đỉnh","dinh, núi, mia, vũng_tàu, núi_dinh",0.002594567952528321,220
221.txt,823,466,"biển, hòn, khu, lặn, mun, đảo, nha_trang, hòn_mun, san_hô, vịnh","hòn, hòn_mun, mun, biển, lặn",0.002713358321986874,221
222.txt,1068,479,"nha_trang, biển, hòn, đảo, mun, du_lịch, vnd, khám_phá, lặn, hoạt_động","mun, nha_trang, hòn_mun, hòn, biển",0.0022065695688775794,222
224.txt,1319,668,"hòn, đảo, truy_cập, nha_trang, khu, du_lịch, hòn_tằm, tằm, biển, vịnh","hòn_tằm, truy_cập, hòn, tằm, nha_trang",0.00234443914459276,224
225.txt,834,424,"phú_yên, hòn_nưa, biển, đi, đảo, đẹp, khám_phá, hòn, ngắm, lịch_trình","hòn_nưa, phú_yên, nưa, vũng_rô, larita",0.0020808776708955328,225
226.txt,651,376,"hòn, đảo, nưa, biển, đẹp, đi, san_hô, tour, traveloka, du_lịch","nưa, hòn, traveloka, san_hô, đảo",0.0021696498205906116,226
227.txt,334,215,"đảo, bình, bình_ba, bãi, báo, liên_kết, việt_nam, truy_cập, trang, nội_dung","bình_ba, đảo, sơ_khai, truy_cập, wayback",0.002001575073314819,227
228.txt,869,488,"sơn_trà, bán_đảo, đà_nẵng, núi, xây_dựng, biển, tự_nhiên, khu, vn, thành_phố","sơn_trà, bán_đảo, đà_nẵng, trái_phép, bản_gốc",0.0017936148144155676,228
229.txt,939,308,"tour, khởi_hành, đà_nẵng, du_lịch, sơn_trà, biển, bán_đảo, miền, châu, khu_vực","tour, khởi_hành, sơn_trà, bán_đảo, đà_nẵng",0.0014290085563951633,229
23.txt,1337,622,"đảo, tô, biển, bãi, đi, du_khách, ảnh, tàu, huyện, bão","tô, đảo, bãi, biển, bão",0.0022258694457101768,23
230.txt,1122,639,"cù_lao, đảo, chàm, việt_nam, biển, khu, cà_mau, liên_kết, cù_lao_chàm, hòn","chàm, cù_lao, cù_lao_chàm, đảo, sinh_quyển",0.0032091483475291584,230
232.txt,2079,860,"khu, thành_phố, rừng, công_viên, loài, ngập_mặn, nhà_thờ, du_lịch, sinh_thái, hệ","ngập_mặn, sinh_quyển, công_viên, nhà_thờ, dự_trữ",0.003434697797917092,232
234.txt,746,332,"rừng, loài, giới_thiệu, huyện, khu, phòng_hộ, quản_lý, rnm, phát_triển, du_lịch","phòng_hộ, rừng, loài, quản_lý, huyện",0.0019866579925177067,234
235.txt,1478,667,"loài, vườn, quốc_gia, chim, biển, khu, hệ, sinh_thái, xuân_thủy, ngập","loài, xuân_thủy, chim, vườn, quốc_gia",0.0031050256805156243,235
236.txt,1015,505,"vườn, quốc_gia, nam_định, khu_vực, tham_quan, xuân_thủy, chim, thiên_nhiên, hệ, vnđ","xuân_thủy, vườn, quốc_gia, nam_định, vnđ",0.002772737080348539,236
237.txt,1503,643,"khu, vân_long, bảo_tồn, loài, du_lịch, núi, sinh_thái, ngập, ninh_bình, thiên_nhiên","vân_long, bảo_tồn, ngập, khu, loài",0.0024363673679356147,237
238.txt,391,210,"ninh_bình, khu, thiên_nhiên, bảo_tồn, du_lịch, đi, vân_long, khách_sạn, long, khám_phá","ninh_bình, vân_long, bảo_tồn, long, thiên_nhiên",0.0017432802771136077,238
24.txt,1649,706,"cà_mau, rừng, cá, du_khách, đồng, nghiệm, du_lịch, trải, km, đường","cà_mau, ong, rừng, đất_mũi, bồn",0.0027944853509272146,24
242.txt,2195,659,"ubnd, tp, hồ_chí, thông_tin, chỉ_đạo, minh, hồ_chí_minh, thành_phố, điều_hành, qđ","ubnd, chỉ_đạo, điều_hành, qđ, hồ_chí",0.0018775109465173714,242
244.txt,12,12,"oxalisadventure, com, verify, you, are, human, by, completing, the, action","you, by, the, com",0.0003817157154923798,244
247.txt,1183,399,"dự_án, đất, quốc_gia, cúc_phương, tỉnh, ninh_bình, môi_trường, đất_đai, giấy, chứng_nhận","thứ_sáu, dự_án, cúc_phương, đất_đai, chứng_nhận",0.0021277195815831602,247
248.txt,449,247,"vườn, quốc_gia, bạch_mã, việt_nam, huế, thành_phố, loài, trang, liên_kết, mã","bạch_mã, vườn, quốc_gia, huế, loài",0.0022690179566762347,248
25.txt,1593,792,"giốc, núi, thác, đi, du_khách, mùa, đẹp, km, đường, đồng","giốc, thác, hạt_dẻ, thác_bản, núi",0.003194281030282524,25
251.txt,486,239,"cát_tiên, rừng, hệ, vqg, đa_dạng, sinh_học, loài, sinh_thái, động_vật, thông_tin","cát_tiên, vqg, rừng, hệ, sinh_học",0.0018260340799853459,251
253.txt,848,401,"vườn_quốc_gia, núi_chúa, loài, núi, biển, khám_phá, du_lịch, chúa, rừng, ninh_thuận","núi_chúa, vườn_quốc_gia, loài, chúa, vĩnh_hy",0.002005777191657985,253
256.txt,1434,493,"chè, đồi, mộc_châu, trái_tim, mùa, ảnh, đẹp, hoa, trải, nghiệm","chè, trái_tim, mộc_châu, đồi, nông_trường",0.0014724568277209795,256
257.txt,1209,454,"chè, đồi, mộc_châu, ảnh, trái_tim, pys, travel, du_lịch, đẹp, love","chè, mộc_châu, pys, đồi, trái_tim",0.0013854369001013534,257
259.txt,1365,506,"chè, mộc_châu, sơn_la, chào, du_lịch, du_khách, đồi, đảng, quốc_phòng, tỉnh","chè, chào, mộc_châu, sơn_la, quốc_phòng",0.0021985908925250884,259
26.txt,1396,656,"côn_đảo, biển, đảo, đi, du_khách, đồng, bãi, du_lịch, tàu, hòn","côn_đảo, đảo, biển, rùa, trứng",0.00258157504476033,26
262.txt,598,177,"địa_điểm, chi_phí, đ, thần_tiên, trải, nghiệm, văn_hóa, bản_địa, xứ_sở, thác","đ, địa_điểm, chi_phí, oắc, đổi_thay",0.001068262332754847,262
264.txt,12,12,"oxalisadventure, com, verify, you, are, human, by, completing, the, action","you, by, the, com",0.0003817157154923798,264
265.txt,507,342,"hang, trang, liên_kết, én, hang_động, việt_nam, chi, nội_dung, viết, wikipedia","hang, én, ngườm, hang_én, thẩm",0.0023387706742891276,265
266.txt,1424,589,"hang_én, hang, hành_trình, thiên_nhiên, khám_phá, đẹp, trekking, suối, đi, tour","hang_én, hang, trekking, hành_trình, thạch_nhũ",0.0021484284815188274,266
267.txt,636,403,"động, thiên_đường, hang, phong_nha, du_lịch, cửa, km, đường, trang, liên_kết","động, thiên_đường, hang, phong_nha, ngườm",0.0023526793614870403,267
27.txt,1149,516,"đồng, cát_bà, du_khách, đảo, phà, giá, bến, cát, di_chuyển, vé","cát_bà, phà, đồng, đảo, du_khách",0.002362931009701362,27
270.txt,593,360,"cầu, vàng, world, đà_nẵng, kiến_trúc, s, m, việt_nam, thế_giới, a","cầu, giải_thưởng, world, vàng, s",0.0024567503058540176,270
271.txt,1171,489,"cầu, đà_nẵng, cookie, to, nà, consent, used, and, vàng, is","used, tripadvisor, cookie, for, pullman",0.0020498790817307486,271
272.txt,469,202,"khám_phá, du_lịch, world, sun, nền_tảng, visit, of, vietnam, doanh_nghiệp, việt_nam","world, sun, nền_tảng, khám_phá, vietnam",0.0016809997889197968,272
275.txt,1501,647,"đà_lạt, hồ, tuyền_lâm, thành_phố, du_lịch, địa_chỉ, tỉnh, đi, phường, lâm_đồng","đà_lạt, tuyền_lâm, hồ, lâm_đồng, th12",0.001992263361977596,275
276.txt,827,415,"biển, cửa, đẹp, đại, xe, hội_an, đi, taxi, bãi, mia","biển, cửa, mia, đại, taxi",0.002632143911893117,276
278.txt,275,112,"cửa, biển, đại, du_lịch, mua, địa_điểm, hội_an, đại_hội_an, xanh, đi","cửa, đại, đại_hội_an, biển, mua",0.0011741276581605465,278
28.txt,1682,801,"cần_thơ, du_khách, đồng, đi, sông, cá, chợ_nổi, bánh, du_lịch, miền","cần_thơ, chợ_nổi, hủ_tiếu, du_khách, bánh",0.0033141439073565283,28
280.txt,1767,525,"biển, vinwonders, đà_nẵng, mỹ_khê, phú_quốc, bãi, grand, safari, vinpearl, du_lịch","vinwonders, mỹ_khê, biển, đà_nẵng, phú_quốc",0.0019526263156343668,280
281.txt,847,423,"biển, đà_nẵng, bãi, mỹ_khê, bãi_tắm, du_khách, món, đẹp, bờ, đi","mỹ_khê, đà_nẵng, biển, bãi, bãi_tắm",0.002125352695961011,281
283.txt,440,240,"thống_kê, đảo, cù_lao_chàm, văn_bản, thủ_tục, cơ_sở, lưu_trú, du_lịch, du_khách, lịch_sử","cù_lao_chàm, thống_kê, thủ_tục, lệ_phí, nộp",0.002060169451529588,283
284.txt,1749,736,"hội_an, cù_lao_chàm, du_lịch, huế, khám_phá, đi, vé, nghiệm, quảng_nam, trải","cù_lao_chàm, hội_an, huế, chàm, du_lịch",0.0024598330110224193,284
286.txt,1229,441,"sơn_trà, biển, du_lịch, bán_đảo, đà_nẵng, bãi, tour, khám_phá, du_khách, đẹp","sơn_trà, bán_đảo, hoabinh, biển, đà_nẵng",0.001876507786281461,286
288.txt,2618,1110,"núi, chùa, kdt, đá, ngũ_hành_sơn, di_tích, đền, đà_nẵng, đình, đường","kdt, ngũ_hành_sơn, núi, chùa, thủy_sơn",0.0038424321776766145,288
289.txt,2023,845,"đà_nẵng, ngũ_hành_sơn, vnd, chùa, đi, khách_sạn, du_lịch, núi, traveloka, tham_quan","ngũ_hành_sơn, đà_nẵng, vnd, traveloka, da_nang",0.002620972129857566,289
29.txt,1489,590,"địa_đạo, củ_chi, du_khách, tham_quan, đường_hầm, khu_vực, hệ_thống, hầm, tp, món","địa_đạo, củ_chi, đường_hầm, hầm, thép",0.0027185613695226963,29
291.txt,1246,579,"kdt, chùa, di_tích, đá, đình, đền, gành, đá_đĩa, thành, quốc_gia","kdt, gành, đá_đĩa, chùa, đình",0.0028046673530276764,291
292.txt,777,388,"gành, đá_đĩa, đá, phú_yên, du_khách, đi, đẹp, tham_quan, biển, ghềnh","gành, đá_đĩa, phú_yên, đá, ghềnh",0.0018912235173600526,292
294.txt,1181,465,"kim_bôi, khu, du_lịch, suối_khoáng, nóng, trải, nghiệm, ảnh, giúp, nghỉ_dưỡng","kim_bôi, suối_khoáng, nước_khoáng, nóng, internet",0.0018517522896455778,294
295.txt,1312,495,"nóng, suối, du_lịch, kim_bôi, khu, đi, tắm, kim_bôi_hòa_bình, du_khách, dịch_vụ","kim_bôi, nóng, kim_bôi_hòa_bình, suối, tắm_suối_khoáng",0.001862122068945289,295
297.txt,2888,1071,"địa_đạo, chùa, thành_phố, kdt, củ_chi, di_tích, khu, đền, công_viên, nhà_thờ","địa_đạo, kdt, củ_chi, chùa, công_viên",0.0031725536360853106,297
298.txt,1425,601,"địa_đạo, củ_chi, thành_phố, hồ_chí_minh, đi, vé, hồ_chí, minh, tour, tham_quan","địa_đạo, củ_chi, hồ_chí_minh, thành_phố, th12",0.001987975744699846,298
299.txt,1446,646,"kdt, chùa, di_tích, klong, đền, garai, po, đình, tháp, vua","kdt, garai, po, klong, đình",0.0025924177594154867,299
3.txt,1305,625,"biển, mũi, bình_thuận, né, du_lịch, đảo, du_khách, phú_quý, cá, đồng","né, bình_thuận, phú_quý, mũi, đảo",0.0029011958499832054,3
30.txt,1754,825,"du_lịch, đồng_nai, du_khách, khu, đồng, vườn, rừng, tp, hồ, cát_tiên","biên_hòa, đồng_nai, bưởi, cát_tiên, cao_su",0.0032805826643065553,30
300.txt,845,447,"tháp_po, klong, garai, ninh_thuận, đẹp, tháp, chăm, lễ_hội, chăm_pa, độc_đáo","garai, tháp_po, klong, ninh_thuận, chăm",0.001883540158052373,300
301.txt,3930,1469,"chùa, bổ, đà, kinh, di_tích, việt_nam, phật, kdt, đền, truy_cập","chùa, bổ, đà, kdt, kinh",0.003028985432166185,301
302.txt,818,449,"chùa, bổ, tỉnh, bắc_giang, a, công, trực_tuyến, đà, đá, dịch_vụ","bổ, chùa, trực_tuyến, bắc_giang, vườn_tháp",0.002400746271754311,302
303.txt,1758,590,"mặc_định, chùa, vĩnh_nghiêm, mộc_bản, bổ, thế_kỷ, thế_giới, văn_hóa, di_sản, sống","mặc_định, vĩnh_nghiêm, chùa, mộc_bản, bổ",0.0013313601967581317,303
304.txt,651,319,"hội, quán, phúc, hội_an, kiến, cổng, mia, larita, cổ, vị","phúc, kiến, hội, quán, hội_an",0.0015254547165525264,304
306.txt,1489,948,"du_lịch, the, tripmap, đá, and, hà_giang, cổ, đồng_văn, of, tiếng","tripmap, the, đồng_văn, du_lịch, and",0.002335304235797311,306
307.txt,662,380,"làng, đá, đẹp, cổ, hà_giang, cổ_kính, tường, du_lịch, lô, cao_nguyên","làng, lô, đồng_văn, lô_chải, hà_giang",0.0025165949874459033,307
308.txt,1570,715,"ruộng, kdt, bậc_thang, chùa, mù_cang_chải, di_tích, đình, đền, mùa, danh_thắng","kdt, ruộng, bậc_thang, mù_cang_chải, chùa",0.0029765632342535126,308
309.txt,458,247,"ruộng, mùa, thống_kê, bậc_thang, mù_cang_chải, đẹp, văn_bản, thủ_tục, cơ_sở, tổ_chức","ruộng, thống_kê, bậc_thang, mù_cang_chải, thủ_tục",0.002039314727021328,309
31.txt,1962,845,"điện_biên, điện_biên_phủ, du_khách, đồi, hầm, đồng, a1, chiến_thắng, đi, món","điện_biên_phủ, điện_biên, a1, hầm, chiến_thắng",0.002758854023304524,31
312.txt,1097,433,"yên_tử, quần_thể, di_tích, danh_thắng, di_sản, thế_giới, côn_sơn, khu_di_tích, vĩnh_nghiêm, kiếp_bạc","yên_tử, côn_sơn, vĩnh_nghiêm, quần_thể, danh_thắng",0.0017261252353501448,312
313.txt,1765,737,"chùa, kdt, di_tích, đền, đình, yên_tử, quảng_ninh, quốc_gia, danh_thắng, hồ","kdt, chùa, yên_tử, di_tích, đình",0.0034945403829169767,313
314.txt,685,443,"nhà_thờ, đức_bà, tp, hcm, sài_gòn, công_trình, chuông, kiến_trúc, tòa, chiều","đức_bà, nhà_thờ, chuông, sài_gòn, thánh_đường",0.0019048351725394503,314
316.txt,1023,494,"dinh, độc_lập, khu, ảnh, tham_quan, xây_dựng, phòng, kiến_trúc_sư, chữ, lịch_sử","dinh, độc_lập, kiến_trúc_sư, tổng_thống, thụ",0.0018608776213176429,316
317.txt,1855,672,"dinh, độc_lập, vnd, tham_quan, lịch_sử, khách_sạn, sài_gòn, phút, du_khách, kiến_trúc","dinh, độc_lập, vnd, bến_thành, tham_quan",0.002024085752802806,317
318.txt,1467,603,"chợ, bến_thành, quán, chè, giá, thành_phố, món, đường, ảnh, nằm","bến_thành, chợ, chợ_bến_thành, chè, quán",0.0019028347309118817,318
319.txt,2463,762,"chợ, vinwonders, sài_gòn, bến_thành, phú_quốc, grand, công_viên, park, khu, du_khách","bến_thành, chợ, vinwonders, grand, sài_gòn",0.0023643625799134238,319
32.txt,1431,685,"hoa, du_khách, sen, đồng_tháp, làng, mùa, sa_đéc, đồng, chùa, du_lịch","cao_lãnh, sa_đéc, đồng_tháp, sen, quýt",0.0027281170482435176,32
320.txt,1632,595,"tour, bến, nhà_rồng, đêm, sài_gòn, du_lịch, cần_thơ, cảng, đi, miền","nhà_rồng, bến, tour, mỹ_tho, cảng",0.0017673174832129833,320
321.txt,617,314,"nhà_rồng, bến, du_lịch, thành_phố, hồ_chí_minh, bảo_tàng, lịch_sử, di_tích, tham_quan, mia","nhà_rồng, bến, larita, bảo_tàng, mia",0.0013957095855431957,321
322.txt,685,361,"du_lịch, tour, khởi_hành, đẹp, trải, núi, du_khách, nghiệm, cá, hồ","khởi_hành, bà_rá, nội_địa, hoabinh, đồn_điền",0.0026528699703506024,322
323.txt,858,368,"thác_mơ, bình_phước, hồ, đi, tour, núi, trekking, trải, du_lịch, đường","thác_mơ, bình_phước, 52hz, trekking, hồ",0.0017683577506929149,323
324.txt,838,431,"vườn, quốc_gia, u_minh_hạ, rừng, cà_mau, loài, du_lịch, mùa, khám_phá, đi","u_minh_hạ, vườn, quốc_gia, cà_mau, loài",0.0018964118341193964,324
325.txt,939,441,"u_minh_hạ, rừng, du_lịch, cà_mau, khám_phá, đi, vườn_quốc_gia, cá, lươn, món","u_minh_hạ, lươn, rừng, cà_mau, vườn_quốc_gia",0.001512847425313249,325
326.txt,820,423,"núi, bà_rá, du_lịch, đi, kinh_nghiệm, miếu, bình_phước, mia, rừng, leo","bà_rá, núi, kinh_nghiệm, larita, miếu",0.0016749248132566373,326
327.txt,673,320,"du_lịch, núi, tour, miền, bà_rá, liên_tuyến, hồ, làng_nghề, truyền_thống, hà_nội","du_lịch, bà_rá, núi, phi_du_lịch, quan_lạn",0.0016571520595290658,327
328.txt,970,328,"du_lịch, tour, châu, thác, miền, nước_ngoài, vé, bắc, đá, âu","du_lịch, tour, châu, phú_yên_nha_trang, khánh_hòa_bình_hưng",0.002438060805918423,328
329.txt,699,384,"thác, đứng, đẹp, du_lịch, mùa, bù_đăng, bình_phước, tour, nét, đi","thác, đứng, bù_đăng, bình_phước, đẹp",0.00216734955828188,329
33.txt,1977,887,"đăk, nông, thác, du_lịch, huyện, rừng, tà_đùng, thành_phố, gia_nghĩa, núi_lửa","đăk, nông, gia_nghĩa, núi_lửa, tà_đùng",0.002411727811578412,33
330.txt,623,287,"du_lịch, suối, khu, vé, bestprice, tour, mơ, triệu, hoa, mã","bestprice, mơ, quý_khách, suối, du_lịch",0.001810064582958197,330
331.txt,1554,504,"du_lịch, suối, khu, tour, mơ, châu, đồng_nai, đi, miền, vé","mơ, du_lịch, suối, tour, đồng_nai",0.0026683906332480175,331
333.txt,1774,716,"du_lịch, tây_ninh, ẩm_thực, tòa_thánh, đạo, miền, kiến_trúc, hà_nội, du_khách, đà_nẵng","du_lịch, tòa_thánh, tây_ninh, đạo, đền_thánh",0.00234530294523042,333
334.txt,527,247,"rừng, tràm, trà_sư, du_lịch, khu, loài, thực_vật, đa_dạng, hệ, động","trà_sư, tràm, rừng, thực_vật, loài",0.001530549539426013,334
335.txt,699,252,"trà_sư, rừng, tràm, loài, chim, tour, khám_phá, đẹp, du_khách, động_vật","trà_sư, tràm, rừng, 000đ, loài",0.0015065123736207804,335
337.txt,974,482,"tình_yêu, thung_lũng, đà_lạt, hoa, đẹp, khu, trải, nghiệm, hồ, ảnh","tình_yêu, thung_lũng, đà_lạt, larita, hoa",0.0025107916895583345,337
338.txt,1048,242,"du_lịch, tour, kinh_nghiệm, cẩm_nang, hà_giang, danh_nam, tô, nam, lịch, khởi_hành","du_lịch, tour, kinh_nghiệm, tà_xùa, cẩm_nang",0.0013571420305664261,338
339.txt,1019,398,"du_lịch, khách_sạn, thành, cổ, quảng_trị, đà_lạt, ivivu, cẩm_nang, hà_nội, vũng_tàu","du_lịch, khách_sạn, ivivu, quảng_trị, thành",0.0020625963288754883,339
34.txt,1575,745,"đồng_văn, hà_giang, đi, đá, đường, du_khách, đồng, bắc, nằm, đẹp","đồng_văn, hà_giang, tẩu, tam_giác, mạch",0.0027315166341197435,34
340.txt,2697,695,"vinwonders, biển, phú_quốc, quy_nhơn, vé, bãi, vinpearl, grand, nha_trang, safari","vinwonders, quy_nhơn, vinpearl, biển, grand",0.002099376838054357,340
341.txt,1265,495,"biển, quy_nhơn, bãi, đẹp, bình_định, thành_phố, du_lịch, xanh, tour, trải","quy_nhơn, biển, bãi, bình_định, 52hz",0.0019099404613964937,341
342.txt,3802,808,"vinwonders, vé, phú_quốc, cà_ná, biển, vinpearl, cửa, grand, combo, safari","vinwonders, cà_ná, vinpearl, grand, vé",0.0021127933318486644,342
343.txt,964,389,"biển, cà_ná, du_lịch, di_chuyển, đẹp, phan_rang, ninh_thuận, địa_điểm, đi, resort","cà_ná, biển, phan_rang, ninh_thuận, di_chuyển",0.0011655903775847402,343
344.txt,1048,403,"du_lịch, khách_sạn, gốm, làng, bàu_trúc, đà_lạt, ivivu, hà_nội, vũng_tàu, cẩm_nang","du_lịch, gốm, bàu_trúc, khách_sạn, ivivu",0.0018937073690406892,344
345.txt,727,351,"gốm, làng, bàu_trúc, sản_phẩm, du_khách, du_lịch, ninh_thuận, sưu_tầm, nét, nung","gốm, bàu_trúc, làng, sản_phẩm, sưu_tầm",0.0013224122664227845,345
346.txt,760,385,"thác, tình, tác, lai_châu, traveloka, dòng_chảy, đẹp, nàng, đi, dòng","tình, thác, tác, dòng_chảy, traveloka",0.0016716535289544368,346
347.txt,2806,722,"du_lịch, khách_sạn, resort, villa, thác, miền, tác, homestay, đà_lạt, tình","resort, du_lịch, khách_sạn, villa, tác",0.0021878704560820647,347
348.txt,979,477,"đền, cố_đô, hoa_lư, vua, thờ, chùa, công_trình, đô, thời, hang","hoa_lư, cố_đô, đền, vua, thờ",0.0021751011438952547,348
349.txt,1951,737,"du_lịch, vua, hoa_lư, cố_đô, thờ, ẩm_thực, đền, miền, hà_nội, đinh","du_lịch, hoa_lư, vua, cố_đô, đinh",0.002514484290267372,349
35.txt,671,326,"đại_lải, hồ, du_lịch, khu, vĩnh_phúc, đảo, du_khách, đồng, resort, đi","đại_lải, flamingo, vĩnh_phúc, hồ, du_lịch",0.00192045348097689,35
350.txt,1486,571,"chùa, hương, hà_nội, du_khách, lễ_hội, tour, động, tham_quan, quần_thể, âm_lịch","chùa, hương, hà_nội, hương_tích, lễ_hội",0.0021467443606627214,350
353.txt,1219,548,"lăng_cô, vnd, huế, du_lịch, vịnh, biển, vé, đi, đẹp, giá","lăng_cô, vnd, huế, vịnh, hue",0.0019486012772615097,353
355.txt,588,267,"du_lịch, sông, hương, khách_hàng, báo_cáo, huế, nước_ngoài, chăm_sóc, vietravel, mùa","báo_cáo, vietravel, du_lịch, chăm_sóc, khách_hàng",0.0017833194792264296,355
356.txt,2593,813,"làng, cổ, đường, vinwonders, lâm, hà_nội, phú_quốc, vé, grand, vinpearl","vinwonders, lâm, làng, cổ, đường",0.0022033554156670973,356
357.txt,929,444,"làng, cổ, đường, lâm, hà_nội, mùa, du_lịch, lễ_hội, mông_phụ, lúa","làng, cổ, lâm, mông_phụ, đường",0.0020711796056391858,357
358.txt,1164,508,"khách_sạn, du_lịch, khu, hà_nội, quốc_gia, vườn, hoa, 000đ, vé, giá","khách_sạn, 000đ, vntrip, diễu_binh, vườn_quốc_gia",0.00247179308289049,358
359.txt,2641,821,"vinwonders, quốc_gia, vườn, vé, phú_quốc, hà_nội, park, trải, đẹp, vinpearl","vinwonders, park, phú_quốc, grand, vinpearl",0.002654080488122976,359
36.txt,1525,682,"hùng, đền, âm_lịch, giỗ, núi, phú_thọ, tổ, vương, thờ, vua","hùng, đền, giỗ, âm_lịch, vương",0.0022651896940476574,36
360.txt,519,273,"tháp, quy_nhơn, đôi, tour, chăm, du_lịch, độc_đáo, bình_định, quy, nhơn","tháp, quy_nhơn, đôi, chăm, quy",0.001483644878589327,360
362.txt,1534,493,"nhà_thờ, gà, đà_lạt, kiến_trúc, du_khách, tham_quan, độc_đáo, văn_hóa, xe_máy, lịch_sử","nhà_thờ, gà, đà_lạt, kiến_trúc, công_giáo",0.002037913097893236,362
363.txt,858,468,"nhà_thờ, đà_lạt, gà, chánh_tòa, du_lịch, kiến_trúc, đi, tour, hoa, gọi","nhà_thờ, đà_lạt, gà, chánh_tòa, linh_mục",0.0017490225325121763,363
364.txt,3977,833,"vinwonders, dinh, vé, phú_quốc, bảo, vinpearl, đại_đà_lạt, cửa, grand, combo","vinwonders, đại_đà_lạt, dinh, bảo, vinpearl",0.00203956655442408,364
365.txt,1140,379,"du_lịch, dinh, đà_lạt, khách_sạn, bảo, đại, kiến_trúc, tp, ivivu, thông","du_lịch, dinh, đà_lạt, bảo, khách_sạn",0.0017612428566226382,365
366.txt,1722,567,"vinwonders, núi, voi, phú_quốc, hải_phòng, grand, vinpearl, vũ_yên, safari, nha_trang","vinwonders, voi, phú_quốc, vũ_yên, grand",0.0020383842879016473,366
367.txt,1518,668,"núi, voi, hải_phòng, du_lịch, đi, đẹp, hà_nội, khám_phá, lịch_sử, lễ_hội","voi, hải_phòng, núi, khảo_cổ_học, du_lịch",0.001966480182459406,367
368.txt,1627,538,"du_lịch, phố, bùi_viện, đi, ẩm_thực, xe, quán, miền, du_khách, hồ_chí","du_lịch, bùi_viện, phố, khu_phố, quán",0.002092265541926324,368
369.txt,894,442,"bùi_viện, phố, đi, đêm, quán, bar, món, 000đ, đường, xe","bùi_viện, phố, bar, 000đ, phạm_ngũ",0.001601792902963231,369
37.txt,3060,1278,"đà_nẵng, đường, du_khách, thành_phố, ảnh, cầu, biển, đồng, du_lịch, món","đà_nẵng, nam_ô, sơn_trà, bán_đảo, hải_vân",0.0037941781438280177,37
370.txt,3443,860,"du_lịch, khách_sạn, resort, cần_thơ, miền, villa, bến_ninh_kiều, homestay, đà_lạt, di_chuyển","resort, du_lịch, khách_sạn, cần_thơ, bến_ninh_kiều",0.0022824859625492524,370
371.txt,564,318,"bến_ninh_kiều, cần_thơ, du_lịch, địa_điểm, ninh_kiều, đi, thành_phố, đêm, hoạt_động, du_thuyền","bến_ninh_kiều, ninh_kiều, cần_thơ, du_thuyền, địa_điểm",0.0017527309537662087,371
372.txt,1662,573,"du_lịch, bãi, phú_quốc, biển, khem, ẩm_thực, miền, hà_nội, đà_nẵng, đà_lạt","du_lịch, khem, bãi, phú_quốc, biển",0.0020115573646726135,372
373.txt,3271,744,"du_lịch, khách_sạn, resort, phú_quốc, bãi, khem, villa, biển, miền, du_khách","resort, khem, phú_quốc, du_lịch, khách_sạn",0.002061897633463471,373
374.txt,641,296,"hồ, khách_sạn, tiếng, du_lịch, dầu, ảnh, tây_ninh, st, vntrip, khu","hồ, dầu, khách_sạn, st, vntrip",0.0016772924240706683,374
376.txt,1509,574,"du_lịch, khu, bửu_long, bửu, long, đồng_nai, du_khách, hồ, núi, tour","bửu_long, bửu, khu, du_lịch, long",0.0018565603290322053,376
377.txt,1017,366,"du_lịch, khách_sạn, khu, vé, đà_lạt, ivivu, núi, hà_nội, vũng_tàu, cẩm_nang","du_lịch, khách_sạn, ivivu, bửu_long, singapore",0.001906097027230045,377
378.txt,1615,675,"sài_gòn, thành_phố, hồ_chí_minh, khu_du_lịch, 000đ, du_lịch, trải, nghiệm, bửu, địa_điểm","sài_gòn, khu_du_lịch, 000đ, bửu, hồ_chí_minh",0.0025838172196131245,378
379.txt,1026,454,"hà_giang, cột, cờ, lũng, cú, đồng_văn, đi, khách_sạn, núi, du_lịch","hà_giang, đồng_văn, cờ, lũng, cú",0.0018270669781713135,379
38.txt,918,558,"đà_lạt, du_khách, đồng, cà_phê, mùa, đi, vườn, gà, du_lịch, tham_quan","đà_lạt, cà_phê, du_khách, đồng, gà",0.0027141013020144603,38
380.txt,470,268,"cờ, cột, lũng, cú, hà_giang, mia, larita, lũng_cú, đường, đỉnh","cờ, cột, lũng, cú, lũng_cú",0.0017471445174653127,380
381.txt,3152,719,"du_lịch, khách_sạn, resort, sapa, đá, villa, cổ, bãi, miền, homestay","resort, sapa, du_lịch, khách_sạn, villa",0.0020906426746794366,381
382.txt,629,318,"khách_sạn, đá, sapa, bãi, cổ, du_lịch, đẹp, thung_lũng, vntrip, bí_ẩn","sapa, khách_sạn, vntrip, đá, st",0.0017283574565790949,382
383.txt,1029,423,"thung_lũng, mường_hoa, sapa, suối, tour, du_khách, ruộng, bậc_thang, du_lịch, đẹp","mường_hoa, thung_lũng, sapa, bậc_thang, 52hz",0.001479641154084664,383
384.txt,3641,799,"vinwonders, vé, phú_quốc, vinpearl, cửa, combo, grand, thung_lũng, mường_hoa, safari","vinwonders, mường_hoa, vinpearl, grand, vé",0.002165887827025436,384
386.txt,1112,516,"huế, cầu, vnd, đi, thành_phố, tiền, du_khách, trường, sông, hue","huế, cầu, hue, vnd, tiền",0.0020768334492544845,386
387.txt,1047,394,"du_lịch, khách_sạn, chùa, keo, gác_chuông, đà_lạt, tam_quan, ivivu, thái_bình, ảnh","du_lịch, gác_chuông, keo, khách_sạn, ivivu",0.0019619809888694975,387
388.txt,886,444,"chùa, keo, thái_bình, lễ_hội, mùa, kiến_trúc, du_lịch, văn_hóa, phật, thu","keo, chùa, thái_bình, larita, lễ_hội",0.0015545621984860373,388
389.txt,1508,524,"áo, đồng_phục, chùa, gia_đình, lớp, bút_tháp, mùa, bắc_ninh, đi, cổ","đồng_phục, áo, bút_tháp, gia_đình, chùa",0.0012526281236320976,389
39.txt,1773,760,"voi, lăk, đồng, rừng, du_lịch, đăk, thác, hồ, buôn_ma_thuột, đi","lăk, voi, đăk, buôn_ma_thuột, dray",0.002674835416463821,39
390.txt,2181,840,"du_lịch, chùa, tượng, bút_tháp, đá, tháp, hai, vé, miền, bắc","du_lịch, chùa, bút_tháp, tượng, vĩnh_long_du_lịch",0.002185307291442832,390
391.txt,3150,867,"du_lịch, khách_sạn, resort, hùng, phú_thọ, đền, villa, miền, homestay, đà_lạt","resort, du_lịch, khách_sạn, hùng, villa",0.002224233846000029,391
392.txt,2080,698,"du_lịch, đền, hùng, núi, vua, phú_thọ, xây, vé, đá, miền","du_lịch, hùng, đền, vĩnh_long_du_lịch, vua",0.002051019974901683,392
393.txt,1014,383,"du_lịch, khách_sạn, gốm, phù_lãng, đà_lạt, ivivu, ảnh, việt_nam, hà_nội, vũng_tàu","du_lịch, phù_lãng, gốm, khách_sạn, ivivu",0.0018656738565634079,393
394.txt,2838,655,"du_lịch, khách_sạn, resort, villa, gốm, phù_lãng, miền, homestay, hà_nội, làng_gốm","resort, du_lịch, khách_sạn, phù_lãng, villa",0.00203090353360084,394
395.txt,617,327,"gốm, phù_lãng, làng, sản_phẩm, làng_gốm, bắc_ninh, traveloka, đi, khám_phá, du_lịch","phù_lãng, gốm, làng_gốm, làng, traveloka",0.0012761885429909854,395
396.txt,603,304,"khách_sạn, du_lịch, khu, bình_dương, đại_nam, ảnh, st, vntrip, vui_chơi, biển","khách_sạn, đại_nam, st, vntrip, bình_dương",0.0017908446222102304,396
397.txt,3093,743,"du_lịch, resort, khách_sạn, villa, miền, khu, sài_gòn, đại_nam, bình_dương, homestay","resort, du_lịch, khách_sạn, đại_nam_bình_dương, villa",0.0021165364326632898,397
398.txt,1386,554,"du_lịch, đại_nam, khu, khách_sạn, xe, trò_chơi, đua, vé, bình_dương, tàu","đại_nam, đụng, khu, du_lịch, đua",0.0022382576033658625,398
399.txt,901,419,"hòn, đảo, tour, khoai, miền, tây, du_lịch, biển, cần_thơ, du_khách","khoai, hòn, đảo, tour, miền",0.0016551688024213714,399
4.txt,1776,840,"quy_nhơn, bình_định, biển, đồng, thành_phố, du_lịch, km, du_khách, giá, khu","quy_nhơn, bình_định, bánh_ít, quy_nhon, đồng",0.002896677432110315,4
40.txt,1766,646,"mặc_định, dinh, phòng, tham_quan, hai, tổng_thống, tp, độc_lập, tầng, hcm","mặc_định, dinh, tổng_thống, phòng, độc_lập",0.001314936531444226,40
400.txt,1447,547,"du_lịch, đảo, hòn, tour, khoai, châu, cà_mau, biển, rừng, miền","khoai, hòn, đảo, du_lịch, tour",0.002579313689923687,400
401.txt,532,305,"chùa, hương_tích, hà_tĩnh, du_khách, đi, hồng_lĩnh, du_lịch, lễ_hội, khám_phá, núi","hương_tích, chùa, hồng_lĩnh, traveloka, hà_tĩnh",0.0013185852749167857,401
402.txt,1980,721,"áo, chùa, đồng_phục, gia_đình, hương_tích, lớp, hà_tĩnh, núi, đi, biển","đồng_phục, áo, hương_tích, gia_đình, chùa",0.0014753241539321126,402
403.txt,3566,758,"vinwonders, vé, phú_quốc, chùa, vinpearl, cửa, hà_tĩnh, grand, hương_tích, combo","vinwonders, hương_tích, vé, vinpearl, grand",0.0020367547843122675,403
404.txt,835,362,"thảo, cầm_viên, khách_sạn, sài_gòn, thú, vé, khu, vui_chơi, xe, vườn","cầm_viên, thảo, khách_sạn, sài_gòn, vntrip",0.0012771529687705416,404
405.txt,1568,538,"du_lịch, thú, xe, ẩm_thực, thảo, cầm_viên, khu, miền, sài_gòn, cổng","du_lịch, cầm_viên, thảo, thú, ẩm_thực",0.002205472166391486,405
406.txt,706,324,"tour, miền, chợ_nổi, tây, du_lịch, long_xuyên, cần_thơ, an_giang, dân, sông","chợ_nổi, long_xuyên, tour, tây, miền",0.0016718773929390747,406
407.txt,516,280,"chợ_nổi, long_xuyên, an_giang, khám_phá, vé, du_lịch, du_khách, traveloka, máy_bay, sài_gòn","chợ_nổi, long_xuyên, an_giang, traveloka, sài_gòn",0.0012547776599736637,407
408.txt,921,312,"du_lịch, khách_sạn, miền, chợ_nổi, đà_lạt, ivivu, hà_nội, vũng_tàu, cẩm_nang, phú_quốc","du_lịch, khách_sạn, chợ_nổi, ivivu, long_xuyên",0.0018771433411249156,408
409.txt,833,407,"du_lịch, bến_tre, khu, làng, xanh, hoạt_động, thưởng_thức, trò_chơi, ẩm_thực, mia","bến_tre, làng, xanh, khu, du_lịch",0.002132869442875024,409
41.txt,1842,806,"gia_lai, pleiku, thác, du_khách, ảnh, nằm, hai, du_lịch, đường, đẹp","pleiku, gia_lai, phở, núi_lửa, thác",0.0027526662039827543,41
410.txt,1003,329,"du_lịch, tour, châu, khu, bến_tre, miền, làng, nước_ngoài, vé, bắc","du_lịch, bến_tre, tour, châu, phú_yên_nha_trang",0.0024021795529209494,410
411.txt,967,412,"du_lịch, cà_mau, khu, mũi, tham_quan, rừng, khai_long, đi, cực, nam","cà_mau, mũi, khu, du_lịch, tổ_quốc",0.001973311591227346,411
412.txt,1193,439,"mặc_định, cà_mau, cực, mũi, du_khách, du_lịch, nam, đất_mũi, rừng, sống","mặc_định, cà_mau, cực, đất_mũi, mũi",0.0009646147848337918,412
414.txt,1813,698,"đồ_sơn, biển, đi, hải_phòng, vnd, du_lịch, khu, đẹp, vui_chơi, xe","đồ_sơn, vnd, hải_phòng, biển, ward",0.00241352604062417,414
415.txt,1203,583,"đồ_sơn, du_lịch, hải_phòng, biển, mùa, khu, món, ngon, thiên_đường, tham_quan","đồ_sơn, hải_phòng, du_lịch, biển, larita",0.0021438875768877543,415
417.txt,748,392,"nóng, tiên, lãng, suối, du_lịch, hải_phòng, suối_khoáng, tour, tiên_lãng, khu","lãng, nóng, tiên, suối_khoáng, suối",0.0016650790254084512,417
418.txt,3408,733,"vinwonders, vé, phú_quốc, vinpearl, cửa, thác, grand, combo, safari, voi","vinwonders, vinpearl, grand, vé, phú_quốc",0.0020532909054339684,418
42.txt,1258,649,"hà_tiên, du_khách, biển, món, nằm, đảo, tôm, du_lịch, đường, hòn","hà_tiên, hải_tặc, mũi_nai, du_khách, hủ_tiếu",0.0024916817362131095,42
420.txt,831,274,"du_lịch, khách_sạn, đầm, đà_lạt, ivivu, hà_nội, vũng_tàu, cẩm_nang, phú_quốc, tp","du_lịch, khách_sạn, ivivu, đầm, ô_loan",0.0017008678240673471,420
421.txt,818,394,"đầm, phú_yên, đẹp, ô_loan, du_lịch, tỉnh, vnd, traveloka, loan, ô","đầm, phú_yên, ô_loan, loan, traveloka",0.0018270424263549905,421
422.txt,1044,468,"thác, du_khách, nung, liêng, đẹp, đắk, du_lịch, đi, nông, thành_phố","thác, liêng, nung, gia_nghĩa, đắk",0.0018533130325644992,422
423.txt,877,327,"du_lịch, khách_sạn, thác, đà_lạt, ivivu, hà_nội, vũng_tàu, cẩm_nang, việt_nam, phú_quốc","du_lịch, khách_sạn, ivivu, thác, singapore",0.0017844632864397632,423
424.txt,3641,748,"vinwonders, vé, phú_quốc, vinpearl, tràm, grand, hồ, combo, cửa, safari","vinwonders, vinpearl, grand, vé, tràm",0.0021786868953060368,424
425.txt,1228,472,"vũng_tàu, khách_sạn, tràm, hồ, du_lịch, biển, bãi, miền, bà_rịa, vietgoing","vũng_tàu, tràm, khách_sạn, hồ, bà_rịa",0.0021112075574102897,425
426.txt,1292,562,"biển, hồ_cốc, vnd, vũng_tàu, du_lịch, bãi, resort, đi, hồ, đẹp","hồ_cốc, vnd, biển, vũng_tàu, beach",0.0018847512927508729,426
427.txt,2032,628,"biển, vũng_tàu, hồ_cốc, đi, bãi, du_lịch, tour, đẹp, đường, du_khách","hồ_cốc, vũng_tàu, biển, bãi, bà_rịa",0.0014473357012430845,427
428.txt,1032,434,"tour, miền, cá, tây, du_lịch, nổi, châu_đốc, làng, bè, sông","châu_đốc, bè, nổi, tour, cá",0.0018729500021200146,428
429.txt,777,402,"nổi, làng, châu_đốc, sông, cá, miền, tây, du_lịch, an_giang, nuôi","châu_đốc, nổi, làng, nuôi, cá",0.002186038929970342,429
43.txt,1519,725,"hà_tĩnh, biển, huyện, du_khách, đồng, xanh, đường, sông, món, núi","hà_tĩnh, thiên_cầm, hồng_lĩnh, biển_thiên_cầm, ram",0.0029948053874091327,43
430.txt,895,449,"bạc_liêu, công_tử, hotel, lieu, du_lịch, địa_điểm, bac, thành_phố, máy_bay, đi","công_tử, bạc_liêu, lieu, bac, hotel",0.001537732382092494,430
431.txt,950,453,"miền, bạc_liêu, tây, tour, du_lịch, công_tử, cần_thơ, kiến_trúc, thự, pháp","công_tử, bạc_liêu, tour, tây, miền",0.0018696443463831148,431
432.txt,1410,639,"núi, du_lịch, cấm, tour, miền, tây, đi, núi_cấm, cần_thơ, vnđ","cấm, núi, núi_cấm, tour, tây",0.0022264526538733715,432
433.txt,1003,480,"núi, du_lịch, khu, cấm_an_giang, vnd, cấm, an_giang, lâm_viên, đi, vé","cấm_an_giang, núi, cấm, vnd, lâm_viên",0.00216907991666337,433
434.txt,3745,763,"vinwonders, vé, phú_quốc, biển, vinpearl, cửa, hà_tĩnh, grand, combo, safari","vinwonders, thiên_cầm, vinpearl, grand, vé",0.002096392192243048,434
435.txt,886,412,"biển, du_lịch, thiên_cầm, bãi, vé, núi, kinh_nghiệm, đi, đẹp, giờgiá","thiên_cầm, biển, bãi, vnđ, traveloka",0.001973411113487486,435
436.txt,691,371,"đèo, hải_vân, đà_nẵng, đi, biển, đường, du_khách, đẹp, quan, cung","hải_vân, đèo, quan, đà_nẵng, mỏm",0.0019440559192756592,436
437.txt,2099,774,"đèo, hải_vân, huế, đi, đường, du_lịch, đẹp, cung, núi, tour","hải_vân, đèo, huế, lăng_cô, cung",0.001703984371180296,437
438.txt,1752,516,"nha_trang, vinwonders, hòn, chồng, phú_quốc, vinpearl, grand, vé, hòn_vợ, đi","vinwonders, nha_trang, hòn, chồng, hòn_vợ",0.001724361076424704,438
439.txt,986,471,"hòn, chồng, đá, nha_trang, biển, tham_quan, vợ, đẹp, mia, du_lịch","chồng, hòn, nha_trang, vợ, đá",0.0018756337783454298,439
44.txt,1062,508,"hồ, bể, bắc_kạn, du_lịch, du_khách, đi, m, thuyền, đồng, hai","bể, hồ, bắc_kạn, tày, độc_mộc",0.0021802447195966744,44
440.txt,1162,501,"nha_trang, vnd, ponagar, tháp, tham_quan, tháp_bà, tour, du_khách, khách_sạn, du_lịch","ponagar, nha_trang, vnd, tháp_bà, tháp",0.0016080933570224007,440
441.txt,2032,620,"vinwonders, nha_trang, tháp, phú_quốc, ponagar, vinpearl, vé, grand, kiến_trúc, công_viên","vinwonders, ponagar, nha_trang, tháp, vinpearl",0.0019413090368800966,441
442.txt,993,360,"du_lịch, khách_sạn, hiến, phố, đà_lạt, ivivu, ảnh, hà_nội, vũng_tàu, châu","du_lịch, hiến, khách_sạn, phố, ivivu",0.0018699782803154913,442
443.txt,2297,775,"vinwonders, hiến, phố, hưng_yên, phú_quốc, park, chùa, đền, grand, du_khách","hiến, vinwonders, hưng_yên, phố, park",0.001962727469827986,443
444.txt,1449,626,"chùa, tam_chúc, đi, xe_máy, hà_nội, điện, du_lịch, xe, thuê, motogo","tam_chúc, chùa, motogo, điện, xe_máy",0.001757256603250848,444
445.txt,2434,601,"du_lịch, chùa, tam_chúc, hà_nam, tour, điện, miền, thành, bắc, malaysia","du_lịch, tam_chúc, hà_nam, chùa, tour",0.0016025277354025577,445
447.txt,1023,413,"né, mũi, khách_sạn, vnd, phan_thiết, đồi, cát_mũi, du_lịch, du_khách, địa_điểm","né, mũi, cát_mũi, phan_thiết, vnd",0.0014564667662654912,447
448.txt,3441,662,"vinwonders, vé, phú_quốc, cát, đồi, vinpearl, cửa, combo, grand, safari","vinwonders, vinpearl, grand, vé, phú_quốc",0.0020442684004929788,448
449.txt,914,455,"miếu, bà_chúa_xứ, núi, tượng, châu_đốc, sam, an_giang, du_lịch, thành_phố, mia","bà_chúa_xứ, miếu, châu_đốc, sam, tượng",0.0017662046392715638,449
45.txt,1991,999,"hải_dương, ảnh, chùa, xã, núi, hoa, đi, làng, đậu_xanh, mùa","hải_dương, đậu_xanh, vải_thiều, bánh_gai, vải",0.00324326988392578,45
450.txt,1207,600,"miền, miếu, tour, tây, du_lịch, bà_chúa_xứ, tượng, núi, cần_thơ, sam","bà_chúa_xứ, miếu, tour, miền, tây",0.0023309221114588,450
451.txt,3939,927,"vinwonders, vé, phú_quốc, miếu, bà_chúa_xứ, vinpearl, cửa, grand, safari, combo","vinwonders, bà_chúa_xứ, vinpearl, miếu, grand",0.002132633385292996,451
452.txt,739,360,"tour, miền, tây, du_lịch, chợ_nổi, cần_thơ, ngã_bảy, sông, chợ, ghe","chợ_nổi, ngã_bảy, tour, tây, miền",0.0018094171044703107,452
453.txt,1081,508,"chợ_nổi, miền, chợ, tây, du_lịch, ngã_bảy, ngã, bảy, đi, hậu_giang","chợ_nổi, ngã_bảy, chợ, bảy, ngã",0.0022899077290946504,453
454.txt,645,304,"miền, tour, tây, chợ_nổi, du_lịch, cần_thơ, ngã, thông_tin, sóc_trăng, mua","chợ_nổi, tour, tây, miền, ngã",0.0016306233282243439,454
455.txt,937,347,"du_lịch, khách_sạn, chợ_nổi, ngã, đà_lạt, ivivu, hà_nội, vũng_tàu, ghe, cẩm_nang","du_lịch, chợ_nổi, khách_sạn, ivivu, ghe",0.0018730066723528919,455
456.txt,802,392,"vườn, yokdon, quốc_gia, đi, vnđ, voi, trải, nghiệm, loài, khám_phá","yokdon, vườn, quốc_gia, voi, vnđ",0.0014530243777285494,456
457.txt,1287,551,"quốc_gia, vườn, yok_đôn, yok, don, rừng, loài, xanh, ảnh, di_chuyển","yok_đôn, yok, don, vườn, quốc_gia",0.0018037681461909633,457
458.txt,871,456,"thác, dray, sáp, du_lịch, mùa, đi, tây_nguyên, dòng, tour, đắk","dray, sáp, thác, tây_nguyên, đắk",0.0015464130638110395,458
459.txt,762,406,"thác, d, ray, sap, dòng, mùa, du_lịch, traveloka, đi, đường","ray, sap, d, thác, traveloka",0.0015417197191875697,459
46.txt,1347,675,"du_khách, hòa_bình, mùa, đồng, đường, lá, thịt, khu, nằm, đi","hòa_bình, cam, mai_châu, du_khách, thịt",0.003205554315629187,46
460.txt,1200,444,"du_lịch, đảo, khách_sạn, ngọc_vừng, vịnh, ivivu, cẩm_nang, đà_lạt, hà_nội, biển","du_lịch, ngọc_vừng, đảo, khách_sạn, ivivu",0.0018734507959019115,460
461.txt,825,396,"đảo, ngọc_vừng, du_lịch, quảng_ninh, ngọc, đi, vé, biển, tham_quan, traveloka","ngọc_vừng, đảo, traveloka, quảng_ninh, ngọc",0.0017997694868579243,461
462.txt,3530,732,"vinwonders, vé, cát, phú_quốc, vinpearl, cửa, combo, grand, safari, công_viên","vinwonders, cát, vinpearl, grand, vé",0.0020895651230135497,462
463.txt,1401,493,"du_lịch, khách_sạn, cát, sapa, hà_nội, ivivu, đà_lạt, đẹp, cẩm_nang, vé","du_lịch, sapa, cát, khách_sạn, ivivu",0.0022347124029830417,463
464.txt,2085,474,"du_lịch, phìn, tả, tour, thành, miền, malaysia, châu, văn_hóa, bắc","du_lịch, phìn, tả, tả_phìn, tour",0.0014532534901282644,464
465.txt,1163,493,"phìn, tả, sapa, đẹp, du_khách, xe_máy, đi, dao, thổ_cẩm, đỏ","phìn, tả, sapa, dao, thổ_cẩm",0.0014356760838485105,465
466.txt,822,461,"đền, trần_nam_định, trần, thờ, vị, ấn, lễ_hội, mia, larita, nam_định","trần_nam_định, đền, trần, ấn, thiên_trường",0.0020589886171857247,466
467.txt,1142,556,"đền, trần, trần_nam_định, đi, nam_định, ấn, thờ, lễ, khai, traveloka","đền, trần_nam_định, trần, ấn, thiên_trường",0.002148772144248426,467
468.txt,1586,751,"tour, miền, dừa, du_lịch, tây, cồn, cồn_phụng, phụng, bến_tre, cần_thơ","cồn_phụng, cồn, dừa, phụng, tour",0.0025374741676820033,468
469.txt,848,383,"cồn, du_lịch, phụng, khu, bến_tre, dừa, shutterstock, ghé, đi, khám_phá","phụng, cồn, bến_tre, shutterstock, dừa",0.001929441117561614,469
47.txt,1320,653,"hà_nam, chùa, cá, kho, núi, du_lịch, hà_nội, đồng, tam_chúc, bánh_cuốn","hà_nam, cá_rô, kho, bánh_cuốn, tam_chúc",0.002804789560816789,47
470.txt,868,404,"khách_sạn, gốm, bát_tràng, làng, du_lịch, hà_nội, bát, cổ, vntrip, địa_điểm","bát_tràng, gốm, khách_sạn, bát, vntrip",0.0015719034857864462,470
471.txt,1201,515,"gốm, làng, bát_tràng, sản_phẩm, bát, xưởng, sứ, đồ, ảnh, di_chuyển","gốm, bát_tràng, làng, xưởng, bát",0.0014792498394626099,471
472.txt,1446,523,"du_lịch, khách_sạn, pù_mát, vườn, quốc_gia, nghệ_an, rừng, hà_nội, sông, ivivu","du_lịch, pù_mát, khách_sạn, ivivu, giăng",0.002336191269351581,472
473.txt,1850,628,"vinwonders, phú_quốc, pù_mát, cửa_hội, rừng, du_khách, grand, nghệ_an, vinpearl, công_viên","vinwonders, pù_mát, cửa_hội, phú_quốc, grand",0.0020153175975835005,473
474.txt,1350,566,"biển, hòn, quy_nhơn, khô, đi, vnd, trải, du_lịch, đẹp, xanh","quy_nhơn, hòn, khô, biển, quy_nhon",0.0023246325190145562,474
476.txt,2243,715,"nha_trang, vinwonders, phú_quốc, hòn_tre, vinpearl, đảo, du_khách, grand, vé, world","vinwonders, nha_trang, hòn_tre, vinpearl, phú_quốc",0.0020825374752104775,476
478.txt,957,461,"khách_sạn, du_lịch, ảnh, st, buôn_ma_thuột, đẹp, cà_phê, thác, địa_điểm, vntrip","st, buôn_ma_thuột, khách_sạn, vntrip, cà_phê",0.0021774152410960136,478
479.txt,1537,653,"du_lịch, khách_sạn, buôn_ma_thuột, cà_phê, hồ, đà_lạt, việt_nam, ivivu, ảnh, cẩm_nang","du_lịch, khách_sạn, buôn_ma_thuột, ivivu, cà_phê",0.002597672561694644,479
48.txt,1676,832,"hải_phòng, đồng, du_khách, du_lịch, hoa, cát_bà, đi, đảo, thành_phố, khu","hải_phòng, cát_bà, đồng, rươi, food",0.0032979064684819886,48
480.txt,1514,570,"vnd, suối_tiên, vé, văn_hóa, du_lịch, trò_chơi, cá_sấu, công_viên, biển, vương_quốc","vnd, suối_tiên, cá_sấu, xe_lửa, farm",0.0016884337886970118,480
481.txt,1083,391,"du_lịch, khách_sạn, sài_gòn, hồ_chí_minh, ivivu, khu, ảnh, đà_lạt, cẩm_nang, việt_nam","du_lịch, khách_sạn, ivivu, sài_gòn, suối_tiên",0.001953837990974229,481
482.txt,1088,477,"bảo_tàng, lịch_sử, hiện_vật, thành_phố, hồ_chí_minh, trưng_bày, văn_hóa, ảnh, không_gian, giá","bảo_tàng, hiện_vật, lịch_sử, trưng_bày, sm",0.00208465553520239,482
483.txt,2500,788,"bảo_tàng, lịch_sử, vinwonders, hồ_chí_minh, phú_quốc, grand, thành_phố, trưng_bày, công_viên, hiện_vật","vinwonders, bảo_tàng, grand, hiện_vật, trưng_bày",0.00250618055862418,483
484.txt,1766,591,"vinwonders, bảo_tàng, đà_nẵng, điêu_khắc, phú_quốc, chăm, grand, safari, vinpearl, vé","vinwonders, điêu_khắc, bảo_tàng, chăm, đà_nẵng",0.001856666034636675,484
485.txt,1444,673,"đà_nẵng, bảo_tàng, chăm, điêu_khắc, đi, vé, tour, tham_quan, du_lịch, hội_an","đà_nẵng, chăm, bảo_tàng, điêu_khắc, th12",0.0024387995337470775,485
486.txt,1067,446,"cầu, rồng, đà_nẵng, phun, xe_máy, du_khách, lửa, thuê, thành_phố, độc_đáo","rồng, phun, cầu, đà_nẵng, motogo",0.0017587723698907292,486
487.txt,798,384,"cầu, rồng, đà_nẵng, màn, đường, phun, trình_diễn, đẹp, lửa, thành_phố","rồng, cầu, màn, phun, đà_nẵng",0.0019286321305976575,487
488.txt,1460,643,"biển, quy_nhơn, vnd, cù_lao, đảo, xanh, du_khách, du_lịch, đi, khách_sạn","quy_nhơn, vnd, quy_nhon, cù_lao, cù_lao_xanh",0.002681756279250416,488
489.txt,1340,472,"biển, xanh, cù_lao, đảo, di_chuyển, du_lịch, cù_lao_xanh, đẹp, xe_máy, vé","cù_lao_xanh, cù_lao, cano, biển, xanh",0.0024074389919964564,489
49.txt,2323,1080,"hà_nội, bún, phố, du_khách, quán, món, ảnh, cầu, hàng, đi","hà_nội, bún, phố, ca_trù, quán",0.003638996371578227,49
490.txt,1244,487,"tour, phú_yên, tháp_nhạn, miền, quảng_ninh, công_trình, bắc, tháp, chămpa, hà_nội","tháp_nhạn, phú_yên, tour, chămpa, quảng_ninh",0.001632237825460989,490
491.txt,3454,781,"vinwonders, vé, phú_quốc, vinpearl, combo, cửa, grand, safari, tháp, công_viên","vinwonders, vinpearl, grand, nhạn, vé",0.0021042344712944748,491
492.txt,950,350,"du_lịch, khách_sạn, hà_nội, phòng, đà_lạt, ivivu, vũng_tàu, mai_châu, cẩm_nang, phú_quốc","du_lịch, khách_sạn, ivivu, mai_châu, singapore",0.0018965847166934615,492
493.txt,813,416,"mai_châu, du_lịch, đẹp, mai_châu_hòa_bình, ấn_tượng, đèo, lác, dân_tộc, khám_phá, mia","mai_châu, mai_châu_hòa_bình, lác, thung, mia",0.0023447986652109956,493
494.txt,800,445,"nhà_thờ, kon_tum, gỗ, du_lịch, kiến_trúc, đẹp, độc_đáo, món, ghé, mia","kon_tum, nhà_thờ, gỗ, larita, mia",0.001842736082899564,494
495.txt,977,354,"du_lịch, khách_sạn, gỗ, nhà_thờ, tây_nguyên, đà_lạt, ivivu, việt_nam, hà_nội, vũng_tàu","du_lịch, khách_sạn, kontum, ivivu, nhà_thờ",0.0019477447865479938,495
5.txt,1864,926,"bình_dương, món, du_khách, măng_cụt, tp, khu, dầu, hcm, tiếng, gà","bình_dương, măng_cụt, thủ_dầu, dầu, lươn",0.0035119428898778547,5
50.txt,1773,850,"hạ_long, vịnh, du_khách, đồng, du_lịch, bãi, biển, khu, đi, tàu","hạ_long, vịnh, lật, đồng, bãi",0.0031659945271956236,50
51.txt,1629,734,"hội_an, đồng, cổ, phố, du_khách, hội, đi, giá, mùa, biển","hội_an, phố, cổ, đồng, hội",0.003035668327081763,51
52.txt,1882,821,"hà_giang, đi, đường, đồng, đẹp, du_khách, đồng_văn, đèo, mèo, ảnh","hà_giang, đồng_văn, mèo, đi, tẩu",0.0031511094354971635,52
53.txt,721,342,"mặc_định, sống, hưng_yên, giáo_dục, kinh_doanh, doanh_nghiệp, tri_thức, awards, chính_sách, thị_trường","mặc_định, hưng_yên, tri_thức, awards, giáo_dục",0.0006989810461749546,53
54.txt,860,422,"mặc_định, hậu_giang, sống, giáo_dục, tp, kinh_doanh, doanh_nghiệp, tri_thức, awards, chính_sách","mặc_định, hậu_giang, tri_thức, awards, giáo_dục",0.0007773525492680121,54
55.txt,1645,756,"đảo, hòn, kiên_giang, rạch_giá, hà_tiên, phú_quốc, du_khách, đồng, biển, du_lịch","rạch_giá, kiên_giang, hà_tiên, đảo, hòn",0.0028300528461153176,55
56.txt,1475,707,"nha_trang, biển, du_khách, đảo, đồng, cam_ranh, hòn, khánh_hòa, đẹp, khu","nha_trang, cam_ranh, đảo, lết, khánh_hòa",0.002946183195766139,56
57.txt,1202,577,"kon_tum, măng_đen, mùa, du_khách, du_lịch, đồng, măng, hai, tây_nguyên, lá","kon_tum, măng_đen, kon, măng, nhà_rông",0.002839727373863261,57
58.txt,748,395,"co, kỳ, đi, biển, quy_nhơn, du_lịch, đảo, bãi, du_khách, ngắm","co, kỳ, quy_nhơn, nhơn_lý, cano",0.002184969799127713,58
6.txt,1595,769,"bình_phước, rừng, món, du_lịch, huyện, thác, đồng_xoài, đi, núi, chùa","bình_phước, đồng_xoài, cao_su, trảng, bù_gia_mập",0.003046678545468214,6
60.txt,1398,658,"long_an, du_lịch, du_khách, đồng, tp, hcm, huyện, khu, cá, miền","long_an, đồng_tháp_mười, thanh_long, tân_lập, du_khách",0.0029119567609871134,60
61.txt,1253,621,"lai_châu, du_lịch, núi, suối, đồng, hồ, du_khách, đèo, đỉnh, m","lai_châu, kính, đèo, sin, suối",0.0029986677039304426,61
62.txt,1601,724,"lào_cai, đỉnh, du_khách, chợ, đi, núi, sa_pa, đồng, mùa, fansipan","lào_cai, y_tý, fansipan, bắc_hà, sa_pa",0.0029807233745558774,62
63.txt,1711,824,"lạng_sơn, du_lịch, đi, núi, mùa, du_khách, huyện, đỉnh, mẫu_sơn, đồng","lạng_sơn, mẫu_sơn, tam_thanh, băng, xúc_tiến",0.002888838483831353,63
64.txt,995,481,"lăng_cô, đèo, hải_vân, đẹp, du_khách, huế, vịnh, đầm, km, nằm","lăng_cô, hải_vân, đèo, đầm, huế",0.0018085869851457938,64
65.txt,1210,539,"đảo, lý_sơn, biển, du_khách, đồng, bé, đi, vé, cảng, giá","lý_sơn, đảo, bé, cảng, biển",0.002104629694261022,65
66.txt,895,436,"hà_giang, sông, nho, đường, du_khách, quế, mèo, vạc, đèo, lèng","nho, mã_pì, quế, lèng, hà_giang",0.001929772561202751,66
67.txt,1116,603,"măng_đen, măng, đi, du_lịch, đen, khu, gà, thị_trấn, kon_tum, ảnh","măng_đen, măng, kon_tum, đen, gà",0.0023523519029927603,67
68.txt,981,515,"mai_châu, đồng, đi, mùa, đẹp, mây, đèo, thác, du_lịch, km","mai_châu, đồng, mây, lác, đèo",0.0023834761960953455,68
69.txt,1102,517,"mặc_định, đi, nghê, mũi, du_lịch, sống, biển, đá, đà_nẵng, đường","mặc_định, nghê, mũi, tri_thức, awards",0.0009197583829314508,69
7.txt,1212,627,"hồ, bể, bắc_kạn, du_lịch, du_khách, bắc, thành_phố, km, xã, khu","bể, bắc_kạn, hồ, kạn, sam",0.0027002191641222945,7
70.txt,1292,601,"mù_cang_chải, mùa, du_khách, đi, đường, lúa, ảnh, ruộng, vàng, km","mù_cang_chải, tú_lệ, mùa, lúa, ruộng",0.0023510091737826036,70
71.txt,1419,617,"mộc_châu, đi, mùa, hoa, đường, mận, thác, đồng, ảnh, đồi","mộc_châu, mận, thác, đi, mùa",0.0024753062622999015,71
72.txt,1309,616,"mũi, né, biển, du_khách, phan_thiết, cát, hòn, resort, đồi, du_lịch","né, mũi, dông, phan_thiết, rơm",0.0021742281734036775,72
73.txt,1057,446,"nam_du, đảo, hòn, bãi, biển, du_khách, tàu, đi, đồng, đẹp","nam_du, đảo, hòn, bãi, tàu",0.001857970543733003,73
74.txt,1146,539,"mặc_định, suối, vũng_tàu, núi, sống, trại, đi, bà_rịa, tp, đỉnh","mặc_định, bà_rịa, vũng_tàu, núi_dinh, la_bàn",0.0009611411230762853,74
75.txt,1494,727,"nam_định, xíu, bánh, thịt, du_khách, ngon, biển, món, thành_phố, đường","xíu, nam_định, bánh, thịt, phở",0.002559050586403752,75
76.txt,1854,847,"vinh, nghệ_an, đền, biển, tp, du_khách, huyện, du_lịch, mùa, ảnh","vinh, nghệ_an, đền, lài, cửa_lò",0.0032816887329255215,76
77.txt,1196,597,"ninh_thuận, biển, cá, du_khách, đá, nằm, phan_rang, ảnh, đi, vĩnh_hy","ninh_thuận, phan_rang, vĩnh_hy, nho, núi_chúa",0.0028368333416938485,77
78.txt,1261,635,"ninh_bình, du_khách, đồng, du_lịch, tham_quan, đi, dê, núi, động, vé","ninh_bình, dê, du_khách, đồng, tam_cốc",0.002819337889666284,78
79.txt,1473,716,"biển, du_khách, nha_trang, đồng, đảo, du_lịch, khu, thành_phố, núi, đẹp","nha_trang, biển, du_khách, đảo, đồng",0.003310307747517748,79
8.txt,1193,544,"bảo_lộc, du_khách, thành_phố, chè, trung_tâm, du_lịch, km, khu, thác, dambri","bảo_lộc, dambri, chè, thác, lâm_đồng",0.0020310780580938275,8
80.txt,664,294,"mặc_định, sống, giáo_dục, kinh_doanh, doanh_nghiệp, tri_thức, awards, chính_sách, thị_trường, thi","mặc_định, ninh_chữ, tri_thức, awards, giáo_dục",0.0006574183571747292,80
81.txt,1749,720,"mặc_định, hồ, phố, đi, hà_nội, hoàn_kiếm, quán, cà_phê, ảnh, tâm","mặc_định, hoàn_kiếm, phố, tâm, hồ",0.0012900322058177975,81
82.txt,1503,625,"mặc_định, đi, phố, du_khách, tp, xe, hcm, thành_phố, hoạt_động, du_lịch","mặc_định, phố, chung_cư, nguyễn_huệ, đi",0.001139652743050321,82
83.txt,946,523,"phan_thiết, biển, du_khách, du_lịch, mũi, đường, tp, né, bình_thuận, cá","phan_thiết, biển, né, bình_thuận, mũi",0.0021815772628775328,83
84.txt,2123,990,"phú_yên, biển, ảnh, du_khách, đồng, món, tuy_hòa, đá, đẹp, xanh","phú_yên, tuy_hòa, tuy_an, hẹ, đại_lãnh",0.00355325032107844,84
85.txt,1061,524,"phú_thọ, du_khách, hùng, việt_trì, du_lịch, đền_hùng, đường, món, chè, mùa","việt_trì, phú_thọ, đền_hùng, giỗ, hùng",0.0025203485124831006,85
86.txt,1034,525,"luông, pù, du_khách, mùa, núi, ruộng, đồng, khu, lúa, du_lịch","pù, luông, ruộng, bậc_thang, lúa",0.001925001537894397,86
87.txt,2283,936,"phú_quốc, biển, đảo, du_khách, đi, đồng, resort, bãi, đẹp, đường","phú_quốc, đảo, biển, dương_đông, resort",0.003275416407972198,87
88.txt,1248,640,"đảo, phú_quý, đi, biển, du_khách, tàu, du_lịch, sóng, hòn, cá","phú_quý, đảo, tàu, sóng, đi",0.0020647236461037517,88
89.txt,3307,1223,"quảng_trị, sông, hang, du_khách, km, nằm, biển, đồng_hới, thành, m","quảng_trị, đồng_hới, hang, sông, nhật_lệ",0.0036868770204188327,89
9.txt,2262,995,"biển, vũng_tàu, du_khách, bà_rịa, món, núi, chùa, đường, rừng, đi","bà_rịa, vũng_tàu, biển, súng, du_khách",0.003579548799635396,9
90.txt,1626,812,"hội_an, đồng, quảng_nam, du_khách, resort, km, biển, du_lịch, thành_phố, tam_kỳ","tam_kỳ, hoi_an, quảng_nam, hội_an, bê",0.003130051031354763,90
91.txt,1866,884,"quảng_ngãi, biển, đồng, sông, du_khách, thành_phố, du_lịch, đẹp, huyện, lý_sơn","quảng_ngãi, don, lý_sơn, biển, đồng",0.0033539866787024946,91
92.txt,2372,965,"sông, hang, quảng_bình, đồng_hới, du_khách, biển, du_lịch, tp, km, động","đồng_hới, hang, quảng_bình, nhật_lệ, sông",0.003096863938274558,92
93.txt,2771,1156,"quảng_ninh, hạ_long, du_khách, đảo, núi, du_lịch, biển, chùa, vịnh, bãi","hạ_long, quảng_ninh, đảo, uông_bí, vịnh",0.0037599136536202874,93
94.txt,910,418,"quan_lạn, bãi, đảo, biển, đẹp, đi, ảnh, đường, minh_châu, đồng","quan_lạn, minh_châu, bãi, đảo, biển",0.0015978598691942915,94
95.txt,1639,751,"du_khách, quy_nhơn, đồng, du_lịch, biển, đi, làng, bãi, khu, chùa","quy_nhơn, du_khách, eo_gió, đồng, nhơn_lý",0.0030609429459490956,95
96.txt,1921,900,"mặc_định, sóc_trăng, bánh, chùa, bún, du_lịch, món, sống, văn_hóa, khmer","mặc_định, sóc_trăng, bánh, bún, khmer",0.0014287188112380306,96
97.txt,1381,698,"sơn_la, hoa, mộc_châu, du_khách, nở, du_lịch, tà_xùa, mùa, đồng, trâu","sơn_la, tà_xùa, mộc_châu, nở, mắc",0.002967211062465839,97
98.txt,1208,626,"sầm_sơn, biển, du_lịch, đá, du_khách, bãi, đi, khách_sạn, hòn, đền","sầm_sơn, biển, bãi_tắm, thanh_hóa, trống_mái",0.0025627417788726607,98
99.txt,903,489,"hồ, trại, núi, sóc_sơn, đồng, cắm, hà_nội, đi, nghỉ, khu","sóc_sơn, trại, cắm, hồ, lều",0.0025483941773102206,99
