document,total_words,unique_words,top_words
0.txt,1008,488,"núi, an_giang, châu_đốc, mùa, du_khách, sông, đồng, chợ, đi, đặc_sản"
1.txt,1496,666,"nà, du_khách, hills, đồng, treo, khu, du_lịch, cáp, đà_nẵng, đỉnh"
10.txt,1074,541,"bình_liêu, đi, núi, mốc, mùa, đường, du_khách, thác, quảng_ninh, cột"
100.txt,1588,708,"sa_pa, đường, đi, đồng, núi, đèo, xe, đẹp, giá, cát"
101.txt,1800,855,"trà_vinh, chùa, lễ, khmer, tp, du_khách, đồng, lễ_hội, món, bún"
102.txt,1456,767,"tiền_giang, tp, mỹ_tho, du_khách, hủ_tiếu, đồng, đi, kiến_trúc, chùa, đình"
103.txt,1489,744,"tây_ninh, núi, du_khách, chùa, tp, đồng, món, trảng_bàng, hai, đen"
104.txt,1683,817,"tuyên_quang, du_khách, thác, hang, lịch_sử, núi, thành, nằm, na, du_lịch"
105.txt,889,409,"rừng, tràm, trà_sư, du_khách, đẹp, chim, du_lịch, cầu, tham_quan, mùa"
106.txt,1063,513,"tà_xùa, mây, đẹp, đỉnh, đi, mỏm, đường, homestay, săn, ảnh"
107.txt,1104,547,"trạm_tấu, núi, đỉnh, nóng, đường, tà_xùa, đẹp, du_khách, chinh_phục, mây"
108.txt,1741,841,"thái_nguyên, chè, hồ, vị, núi, du_khách, lá, suối, màu, bánh"
109.txt,2294,1020,"tp, hcm, du_lịch, đồng, thành_phố, du_khách, phố, đường, món, trung_tâm"
11.txt,1743,784,"khu, đồng, du_lịch, du_khách, đi, núi, rừng, hà_nội, vườn, quốc_gia"
110.txt,1704,795,"thanh_hóa, du_lịch, biển, du_khách, cá, mùa, bãi, tp, núi, đồng"
111.txt,869,449,"tú_lệ, mùa, du_khách, đèo, đường, đi, tắm, đẹp, khau, ruộng"
112.txt,1417,645,"mặc_định, tam_cốc, đồng, lúa, sông, du_lịch, chín, khu, sống, mùa"
113.txt,1011,522,"tam_đảo, du_lịch, thị_trấn, ảnh, du_khách, đi, đồng, chụp, vĩnh_phúc, mùa"
114.txt,2640,1163,"huế, du_khách, vua, ảnh, đi, nằm, đồng, hương, du_lịch, mùa"
115.txt,804,382,"mặc_định, thái_bình, sống, biển, kinh_doanh, giáo_dục, bãi, doanh_nghiệp, tri_thức, awards"
116.txt,1077,539,"pù_mát, nghệ_an, vườn, vqg, du_khách, rừng, sông, quốc_gia, thác, du_lịch"
117.txt,1153,503,"bạch_mã, du_khách, thác, vườn, đồng, đỉnh, đỗ_quyên, loài, đường, quốc_gia"
118.txt,1561,638,"vườn, cúc_phương, du_khách, rừng, quốc_gia, đi, đồng, tour, cúc, tham_quan"
119.txt,1037,474,"vườn, cát_tiên, đồng, du_khách, quốc_gia, rừng, tham_quan, đi, tour, dịch_vụ"
12.txt,1309,686,"bắc_ninh, làng, chùa, đình, bánh, ảnh, du_lịch, vị, du_khách, tỉnh"
120.txt,1644,815,"vĩnh_long, khu, miền, du_lịch, sông, tỉnh, du_khách, đồng, cá, tây"
121.txt,1165,489,"vịnh, lan_hạ, du_khách, cát_bà, đảo, hang, làng, đồng, hạ_long, du_lịch"
122.txt,1305,557,"vịnh, hạ_long, tàu, hang, tham_quan, hòn, đêm, du_lịch, đảo, du_khách"
123.txt,1992,928,"vũng_tàu, biển, bãi, du_khách, đi, ảnh, đường, đồng, núi, du_lịch"
124.txt,929,520,"vĩnh_phúc, tam_đảo, du_lịch, hồ, đẹp, thiền, viện, đại_lải, du_khách, núi"
125.txt,1367,596,"mặc_định, y_tý, du_khách, lào_cai, mây, ảnh, sống, đi, yến, cung"
126.txt,1675,770,"yên_bái, mù_cang_chải, du_khách, du_lịch, mùa, homestay, món, đường, tú_lệ, trạm_tấu"
127.txt,1419,600,"mặc_định, du_khách, việt_nam, du_lịch, đi, tàu, thuê, chuyến, xe, sống"
128.txt,3464,1249,"huế, vua, di_tích, điện, xây_dựng, chùa, thành, đình, kdt, kinh_thành"
129.txt,7995,2223,"hội_an, tr, cổ, hội, việt_nam, chùa, hai, đường, văn_hóa, phố"
13.txt,1199,555,"đảo, biển, bãi, bình_ba, đi, bình, du_khách, du_lịch, giá, đồng"
130.txt,13,13,"vinpearl, com, verifying, you, are, human, this, may, take, a"
131.txt,1058,534,"khách_sạn, hội_an, cổ, phố, hội, du_lịch, du_khách, kiến_trúc, đẹp, an"
132.txt,9139,2381,"vịnh, hạ_long, đảo, việt_nam, biển, hang, thế_giới, di_sản, truy_cập, văn_hóa"
133.txt,1634,615,"hạ_long, vnđ, du_lịch, vnd, vịnh, đi, thành_phố, hà_nội, bãi, đảo"
134.txt,4381,1313,"tràng_an, du_lịch, hoa_lư, khu, di_sản, thế_giới, động, quần_thể, núi, chùa"
135.txt,1338,615,"tràng_an, quần_thể, danh_thắng, động, chùa, khu, du_lịch, núi, ninh_bình, sở_hữu"
136.txt,2410,998,"mỹ_sơn, đền, tháp, kdt, di_tích, chùa, thế_kỷ, đình, thánh_địa, việt_nam"
137.txt,1254,528,"mỹ_sơn, vnd, thánh_địa, vé, hội_an, kiến_trúc, tiết_kiệm, shutterstock, quảng_nam, traveloka"
138.txt,1032,557,"đỉnh, fansipan, núi, chinh_phục, cực, việt_nam, biển, đông_dương, độ, bia"
139.txt,2461,964,"chim, tràm, ha, loài, quốc_gia, vườn, đất, ống, cỏ, trầm_tích"
14.txt,1431,735,"bạc_liêu, du_khách, đồng, cánh, đi, lễ_hội, thành_phố, giá, biển, km"
140.txt,7372,2137,"phong_nha, động, kẻ_bàng, quốc_gia, vườn, khu_vực, hang, m, việt_nam, thế_giới"
141.txt,2073,749,"né, mũi, tỉnh, phường, lâm_đồng, du_lịch, xã, thành_phố, phan_thiết, bình_thuận"
142.txt,3448,683,"vinwonders, vé, phú_quốc, vinpearl, né, cửa, grand, mũi, combo, safari"
143.txt,8493,2232,"đà_lạt, thành_phố, tr, lâm_đồng, phường, trần_sỹ, lưu_trữ, trường, truy_cập, bản_gốc"
144.txt,2337,883,"mộc_châu, xã, thị_xã, tỉnh, huyện, sơn_la, thành_lập, đô_thị, châu, phường"
145.txt,521,337,"chợ_nổi, chợ, cần_thơ, hoạt_động, mua_bán, sông, tham_quan, văn_hóa, ghe, trang"
146.txt,3223,1363,"nà, núi, khu, cáp, pháp, treo, du_lịch, xây_dựng, đà_nẵng, tuyến"
147.txt,1651,787,"đảo, lý_sơn, huyện, quảng_ngãi, hòn, việt_nam, tỉnh, xã, biển, đặc_khu"
148.txt,1901,848,"hồ, bể, kdt, chùa, di_tích, đền, đình, quốc_gia, thành, hai"
149.txt,1454,640,"tam_đảo, núi, hồ, du_lịch, phú_thọ, hà_nội, dãy, xã, khí_hậu, suối"
15.txt,1127,555,"bến_tre, dừa, du_khách, miền, dân, ảnh, du_lịch, sông, thưởng_thức, cồn"
150.txt,7883,2151,"thành, hà_nội, điện, thăng_long, lê, thời, m, hoàng_thành, mạc, cửa"
151.txt,4310,1582,"thành, hồ, đá, di_tích, đền, chùa, núi, đàn, kdt, tường"
152.txt,326,207,"vịnh, trang, lan_hạ, cát_bà, nội_dung, viết, wikipedia, giúp, tham_khảo, việt_nam"
153.txt,197,129,"tô, tỉnh, trang, định_hướng, an_giang, quảng_ninh, sửa, đặc_khu, huyện, nội_dung"
154.txt,3252,1228,"cát_bà, đảo, quần_đảo, vịnh, biển, thế_giới, kdt, di_sản, loài, hạ_long"
155.txt,4877,1349,"phú_quốc, khu_phố, thành, tỉnh, đổi, xã, an_thới, đặc_khu, dương_đông, đảo"
156.txt,849,419,"phú_quốc, bãi, du_lịch, biển, đảo, kiên_giang, bãi_dài, mia, gành, dầu"
157.txt,4143,1609,"côn_đảo, hòn, đảo, b, việt_nam, pháp, đ, đặc_khu, vũng_tàu, thành_phố"
158.txt,1252,676,"hang, sơn_đoòng, động, cáp, hang_động, dự_án, truy_cập, hang_sơn_đoòng, treo, việt_nam"
159.txt,13,13,"oxalisadventure, com, verifying, you, are, human, this, may, take, a"
16.txt,1561,759,"buôn_ma_thuột, cà_phê, ảnh, thành_phố, du_lịch, du_khách, đăk, lăk, đường, đồng"
160.txt,4254,1382,"việt_nam, cúc_phương, khu, loài, vườn, bảo_tồn, quốc_gia, núi, dự_trữ, sinh_quyển"
161.txt,362,164,"du_lịch, dịch_vụ, tham_quan, bạch_mã, hoạt_động, vườn, thư_viện, quốc_gia, bảo_tồn, thiên_nhiên"
162.txt,2206,872,"cát_tiên, kdt, quốc_gia, chùa, việt_nam, rừng, vườn, đền, khu, di_tích"
163.txt,1555,632,"núi, biển, khu_vực, suối, độ, địa_hình, đất, bắc, đông, nam"
164.txt,1309,539,"vườn, quốc_gia, khu, hồ, loài, bể, bảo_tồn, việt_nam, núi, tự_nhiên"
165.txt,825,490,"quốc_gia, vườn, núi, du_lịch, bến_en, lễ_hội, khu, sông, đền, nội_dung"
166.txt,1343,616,"hồ, núi_cốc, du_lịch, đập, thái_nguyên, thành_phố, núi, khu, sông, xây_dựng"
167.txt,711,367,"hồ, du_lịch, ninh_bình, hồ_yên_thắng, sân, golf, hoa_lư, chùa, lễ_hội, đồng"
168.txt,624,340,"hồ, truy_cập, đồng_nai, tà_đùng, báo, đắk, nông, du_lịch, hạ_long, tây_nguyên"
169.txt,292,190,"hồ, đồng_nai, trị_an, viết, nội_dung, wikipedia, tham_khảo, trang, giúp, việt_nam"
17.txt,1505,679,"chùa, bái, đính, m, tượng, du_khách, điện, phật, đồng, núi"
170.txt,285,212,"hồ, viết, nội_dung, trang, wikipedia, giúp, chú_thích, xạ_hương, núi, đá"
171.txt,931,329,"du_lịch, khách_sạn, hồ, ảnh, đà_lạt, ivivu, xạ_hương, núi, hà_nội, vũng_tàu"
172.txt,867,438,"đà_lạt, hồ, du_lịch, hồ_xuân_hương, khu, gọi, xuân_hương, vườn, hoa, thác"
173.txt,1250,448,"mặc_định, chè, đồi, mộc_châu, hoa, sương_mù, đẹp, sống, lớp, du_khách"
174.txt,1059,465,"kdt, chùa, di_tích, đình, đền, hang, chiến_thắng, hồ_chí_minh, đường, pác_bó"
175.txt,255,179,"viết, trang, kim_bôi, nội_dung, wikipedia, tiêu_chuẩn, suối, nóng, sơ_khai, giúp"
176.txt,12,12,"vinpearl, com, verify, you, are, human, by, completing, the, action"
177.txt,721,445,"biển, sầm_sơn, bãi, lễ_hội, du_lịch, đền, núi, khu, viết, chùa"
178.txt,830,398,"sầm_sơn, phường, tỉnh, hành_chính, thanh_hóa, thọ, tổ, dân_phố, pdf, nghị_quyết"
179.txt,545,289,"phường, hành_chính, việt_nam, vinh, viết, cửa, lò, xã, cửa_lò, tỉnh"
18.txt,1168,537,"tam_chúc, chùa, du_lịch, du_khách, điện, khu, xe, m, hồ, đi"
180.txt,2007,804,"cửa_lò, du_lịch, biển, cửa, đảo, lò, khu, thị_xã, phường, sông"
182.txt,390,218,"trang, viết, phường, lịch_sử, wikipedia, xóa, cửa_đại, hiện, tiêu_đề, ngôn_ngữ"
183.txt,2000,600,"vinwonders, biển, cửa, phú_quốc, đại, safari, grand, hội_an, vinpearl, trải"
184.txt,244,149,"biển, đà_nẵng, bãi, viết, liên_kết, nội_dung, wikipedia, mỹ_khê, trang, giúp"
186.txt,2489,1070,"núi, đen, tây_ninh, du_lịch, khu, đỉnh, báo, việt_nam, quốc_gia, m"
187.txt,2939,1163,"núi, đen, tây_ninh, du_khách, du_lịch, tượng, nhà_ga, chùa, đỉnh, trải"
188.txt,894,470,"núi, hàm_rồng, sapa, hoa, đá, đẹp, vườn, mia, đào, hình"
189.txt,523,290,"sapa, trời, cổng, đèo, đẹp, đường, mia, larita, đại, đỉnh"
19.txt,1212,565,"cù_lao_chàm, cù_lao, đảo, chàm, biển, bãi, đồng, du_khách, du_lịch, hòn"
190.txt,1356,712,"thác, giốc, trung_quốc, việt_nam, sông, thác_bản, biên_giới, hai, chùa, du_lịch"
191.txt,657,377,"làng, thác, du_lịch, thống_kê, đẹp, giốc, nghề, lịch_sử, trải, sản_phẩm"
192.txt,698,417,"động, trang, viết, phong_nha, hang_động, giúp, nội_dung, liên_kết, cải_thiện, hang"
193.txt,12569,1872,"khám_phá, du_lịch, hà_nội, flag, biển, top, đẹp, đặc_sản, ngon, cẩm_nang"
195.txt,12,12,"oxalisadventure, com, verify, you, are, human, by, completing, the, action"
196.txt,54,24,"tham_quan, mở_cửa, trở_lại, 1km, hệ_thống, cầu_thang, gỗ, khám_phá, trải, nghiệm"
198.txt,986,529,"hồ, lắk, rừng, du_lịch, lịch_sử, văn_hóa, khu, loài, môi_trường, buôn"
199.txt,1786,667,"hồ_lắk, khu, du_lịch, du_khách, ảnh, thiên_nhiên, văn_hóa, m, hồ, món"
2.txt,1359,725,"bắc_giang, chùa, huyện, hà_nội, du_khách, đi, núi, làng, mùa, đồng"
20.txt,1519,727,"châu_đốc, cá, núi, món, du_khách, sam, miền, mắm, an_giang, đường"
200.txt,2432,656,"túi, more, phụ_kiện, núi, leo, trại, dã_ngoại, balo, đồ, xe_đạp"
201.txt,1053,568,"thác, đà_lạt, du_lịch, khu, bri, việt_nam, lâm_đồng, đa, m, nhà_thờ"
202.txt,202,101,"đamb, ri, khu, thác, ưu_đãi, địa_phương, tỉnh, đu_quay, lồng, nhà_hàng"
203.txt,1053,411,"tour, thác, mộc_châu, du_lịch, dải_yếm, ecotour, mười, hai, đà_nẵng, trắng"
204.txt,372,192,"thác, thống_kê, mộc_châu, du_khách, văn_bản, thủ_tục, cơ_sở, đẹp, du_lịch, chức_năng"
205.txt,1139,646,"thác, đà_lạt, du_lịch, việt_nam, khu, lâm_đồng, nhà_thờ, suối, thác_pongour, đá"
207.txt,1263,692,"thác, đà_lạt, du_lịch, việt_nam, khu, prenn, suối, vườn, hoa, lâm_đồng"
21.txt,1141,553,"rừng, khu, du_khách, du_lịch, tp, đồng, đảo, hcm, ảnh, chim"
210.txt,340,176,"edition, môi_trường, hồ, doanh_nghiệp, xanh, hội_đồng, biên_tập, tạp_chí, thiên_nhiên, việt_nam"
211.txt,906,449,"hồ, đi, vé, đẹp, đắk_lắk, hồ_lắk, trải, du_khách, nghiệm, du_lịch"
212.txt,1201,492,"vũng_tàu, xanh, hồ_đá, hồ, đẹp, khách_sạn, du_lịch, traveloka, đá, thành_phố"
213.txt,1192,428,"vé, đi, máy_bay, xanh, du_lịch, hồ_đá, vũng_tàu, thành_phố, miền, hồ"
214.txt,1397,565,"núi, du_lịch, đà_lạt, langbiang, đỉnh, khu, đồi, vườn, đi, chinh_phục"
216.txt,1371,522,"hồ, du_lịch, đà_lạt, khu, thành_phố, lâm_đồng, quốc_gia, cà_mau, phú_thọ, thác"
217.txt,1008,462,"hồ, đà_lạt, đi, du_lịch, tuyền_lâm, đẹp, khu, resort, thành_phố, du_khách"
218.txt,1858,779,"núi, chứa_chan, truy_cập, đồng_nai, báo, du_lịch, đá, b, đỉnh, a"
219.txt,669,384,"núi, dinh, truy_cập, bà_rịa, chùa, vũng_tàu, báo, thành_phố, hai, núi_dinh"
22.txt,804,453,"đảo, xanh, cù_lao, biển, du_khách, cù_lao_xanh, du_lịch, bãi, hải_đăng, quy_nhơn"
220.txt,1005,545,"núi, dinh, chùa, vũng_tàu, đường, mia, đi, biển, vn, đỉnh"
221.txt,823,466,"biển, hòn, khu, lặn, mun, đảo, nha_trang, hòn_mun, san_hô, vịnh"
222.txt,1068,479,"nha_trang, biển, hòn, đảo, mun, du_lịch, vnd, khám_phá, lặn, hoạt_động"
224.txt,1319,668,"hòn, đảo, truy_cập, nha_trang, khu, du_lịch, hòn_tằm, tằm, biển, vịnh"
225.txt,834,424,"phú_yên, hòn_nưa, biển, đi, đảo, đẹp, khám_phá, hòn, ngắm, lịch_trình"
226.txt,651,376,"hòn, đảo, nưa, biển, đẹp, đi, san_hô, tour, traveloka, du_lịch"
227.txt,334,215,"đảo, bình, bình_ba, bãi, báo, liên_kết, việt_nam, truy_cập, trang, nội_dung"
228.txt,869,488,"sơn_trà, bán_đảo, đà_nẵng, núi, xây_dựng, biển, tự_nhiên, khu, vn, thành_phố"
229.txt,939,308,"tour, khởi_hành, đà_nẵng, du_lịch, sơn_trà, biển, bán_đảo, miền, châu, khu_vực"
23.txt,1337,622,"đảo, tô, biển, bãi, đi, du_khách, ảnh, tàu, huyện, bão"
230.txt,1122,639,"cù_lao, đảo, chàm, việt_nam, biển, khu, cà_mau, liên_kết, cù_lao_chàm, hòn"
232.txt,2079,860,"khu, thành_phố, rừng, công_viên, loài, ngập_mặn, nhà_thờ, du_lịch, sinh_thái, hệ"
234.txt,746,332,"rừng, loài, giới_thiệu, huyện, khu, phòng_hộ, quản_lý, rnm, phát_triển, du_lịch"
235.txt,1478,667,"loài, vườn, quốc_gia, chim, biển, khu, hệ, sinh_thái, xuân_thủy, ngập"
236.txt,1015,505,"vườn, quốc_gia, nam_định, khu_vực, tham_quan, xuân_thủy, chim, thiên_nhiên, hệ, vnđ"
237.txt,1503,643,"khu, vân_long, bảo_tồn, loài, du_lịch, núi, sinh_thái, ngập, ninh_bình, thiên_nhiên"
238.txt,391,210,"ninh_bình, khu, thiên_nhiên, bảo_tồn, du_lịch, đi, vân_long, khách_sạn, long, khám_phá"
24.txt,1649,706,"cà_mau, rừng, cá, du_khách, đồng, nghiệm, du_lịch, trải, km, đường"
242.txt,2195,659,"ubnd, tp, hồ_chí, thông_tin, chỉ_đạo, minh, hồ_chí_minh, thành_phố, điều_hành, qđ"
244.txt,12,12,"oxalisadventure, com, verify, you, are, human, by, completing, the, action"
247.txt,1183,399,"dự_án, đất, quốc_gia, cúc_phương, tỉnh, ninh_bình, môi_trường, đất_đai, giấy, chứng_nhận"
248.txt,449,247,"vườn, quốc_gia, bạch_mã, việt_nam, huế, thành_phố, loài, trang, liên_kết, mã"
25.txt,1593,792,"giốc, núi, thác, đi, du_khách, mùa, đẹp, km, đường, đồng"
251.txt,486,239,"cát_tiên, rừng, hệ, vqg, đa_dạng, sinh_học, loài, sinh_thái, động_vật, thông_tin"
253.txt,848,401,"vườn_quốc_gia, núi_chúa, loài, núi, biển, khám_phá, du_lịch, chúa, rừng, ninh_thuận"
256.txt,1434,493,"chè, đồi, mộc_châu, trái_tim, mùa, ảnh, đẹp, hoa, trải, nghiệm"
257.txt,1209,454,"chè, đồi, mộc_châu, ảnh, trái_tim, pys, travel, du_lịch, đẹp, love"
259.txt,1365,506,"chè, mộc_châu, sơn_la, chào, du_lịch, du_khách, đồi, đảng, quốc_phòng, tỉnh"
26.txt,1396,656,"côn_đảo, biển, đảo, đi, du_khách, đồng, bãi, du_lịch, tàu, hòn"
262.txt,598,177,"địa_điểm, chi_phí, đ, thần_tiên, trải, nghiệm, văn_hóa, bản_địa, xứ_sở, thác"
264.txt,12,12,"oxalisadventure, com, verify, you, are, human, by, completing, the, action"
265.txt,507,342,"hang, trang, liên_kết, én, hang_động, việt_nam, chi, nội_dung, viết, wikipedia"
266.txt,1424,589,"hang_én, hang, hành_trình, thiên_nhiên, khám_phá, đẹp, trekking, suối, đi, tour"
267.txt,636,403,"động, thiên_đường, hang, phong_nha, du_lịch, cửa, km, đường, trang, liên_kết"
27.txt,1149,516,"đồng, cát_bà, du_khách, đảo, phà, giá, bến, cát, di_chuyển, vé"
270.txt,593,360,"cầu, vàng, world, đà_nẵng, kiến_trúc, s, m, việt_nam, thế_giới, a"
271.txt,1171,489,"cầu, đà_nẵng, cookie, to, nà, consent, used, and, vàng, is"
272.txt,469,202,"khám_phá, du_lịch, world, sun, nền_tảng, visit, of, vietnam, doanh_nghiệp, việt_nam"
275.txt,1501,647,"đà_lạt, hồ, tuyền_lâm, thành_phố, du_lịch, địa_chỉ, tỉnh, đi, phường, lâm_đồng"
276.txt,827,415,"biển, cửa, đẹp, đại, xe, hội_an, đi, taxi, bãi, mia"
278.txt,275,112,"cửa, biển, đại, du_lịch, mua, địa_điểm, hội_an, đại_hội_an, xanh, đi"
28.txt,1682,801,"cần_thơ, du_khách, đồng, đi, sông, cá, chợ_nổi, bánh, du_lịch, miền"
280.txt,1767,525,"biển, vinwonders, đà_nẵng, mỹ_khê, phú_quốc, bãi, grand, safari, vinpearl, du_lịch"
281.txt,847,423,"biển, đà_nẵng, bãi, mỹ_khê, bãi_tắm, du_khách, món, đẹp, bờ, đi"
283.txt,440,240,"thống_kê, đảo, cù_lao_chàm, văn_bản, thủ_tục, cơ_sở, lưu_trú, du_lịch, du_khách, lịch_sử"
284.txt,1749,736,"hội_an, cù_lao_chàm, du_lịch, huế, khám_phá, đi, vé, nghiệm, quảng_nam, trải"
286.txt,1229,441,"sơn_trà, biển, du_lịch, bán_đảo, đà_nẵng, bãi, tour, khám_phá, du_khách, đẹp"
288.txt,2618,1110,"núi, chùa, kdt, đá, ngũ_hành_sơn, di_tích, đền, đà_nẵng, đình, đường"
289.txt,2023,845,"đà_nẵng, ngũ_hành_sơn, vnd, chùa, đi, khách_sạn, du_lịch, núi, traveloka, tham_quan"
29.txt,1489,590,"địa_đạo, củ_chi, du_khách, tham_quan, đường_hầm, khu_vực, hệ_thống, hầm, tp, món"
291.txt,1246,579,"kdt, chùa, di_tích, đá, đình, đền, gành, đá_đĩa, thành, quốc_gia"
292.txt,777,388,"gành, đá_đĩa, đá, phú_yên, du_khách, đi, đẹp, tham_quan, biển, ghềnh"
294.txt,1181,465,"kim_bôi, khu, du_lịch, suối_khoáng, nóng, trải, nghiệm, ảnh, giúp, nghỉ_dưỡng"
295.txt,1312,495,"nóng, suối, du_lịch, kim_bôi, khu, đi, tắm, kim_bôi_hòa_bình, du_khách, dịch_vụ"
297.txt,2888,1071,"địa_đạo, chùa, thành_phố, kdt, củ_chi, di_tích, khu, đền, công_viên, nhà_thờ"
298.txt,1425,601,"địa_đạo, củ_chi, thành_phố, hồ_chí_minh, đi, vé, hồ_chí, minh, tour, tham_quan"
299.txt,1446,646,"kdt, chùa, di_tích, klong, đền, garai, po, đình, tháp, vua"
3.txt,1305,625,"biển, mũi, bình_thuận, né, du_lịch, đảo, du_khách, phú_quý, cá, đồng"
30.txt,1754,825,"du_lịch, đồng_nai, du_khách, khu, đồng, vườn, rừng, tp, hồ, cát_tiên"
300.txt,845,447,"tháp_po, klong, garai, ninh_thuận, đẹp, tháp, chăm, lễ_hội, chăm_pa, độc_đáo"
301.txt,3930,1469,"chùa, bổ, đà, kinh, di_tích, việt_nam, phật, kdt, đền, truy_cập"
302.txt,818,449,"chùa, bổ, tỉnh, bắc_giang, a, công, trực_tuyến, đà, đá, dịch_vụ"
303.txt,1758,590,"mặc_định, chùa, vĩnh_nghiêm, mộc_bản, bổ, thế_kỷ, thế_giới, văn_hóa, di_sản, sống"
304.txt,651,319,"hội, quán, phúc, hội_an, kiến, cổng, mia, larita, cổ, vị"
306.txt,1489,948,"du_lịch, the, tripmap, đá, and, hà_giang, cổ, đồng_văn, of, tiếng"
307.txt,662,380,"làng, đá, đẹp, cổ, hà_giang, cổ_kính, tường, du_lịch, lô, cao_nguyên"
308.txt,1570,715,"ruộng, kdt, bậc_thang, chùa, mù_cang_chải, di_tích, đình, đền, mùa, danh_thắng"
309.txt,458,247,"ruộng, mùa, thống_kê, bậc_thang, mù_cang_chải, đẹp, văn_bản, thủ_tục, cơ_sở, tổ_chức"
31.txt,1962,845,"điện_biên, điện_biên_phủ, du_khách, đồi, hầm, đồng, a1, chiến_thắng, đi, món"
312.txt,1097,433,"yên_tử, quần_thể, di_tích, danh_thắng, di_sản, thế_giới, côn_sơn, khu_di_tích, vĩnh_nghiêm, kiếp_bạc"
313.txt,1765,737,"chùa, kdt, di_tích, đền, đình, yên_tử, quảng_ninh, quốc_gia, danh_thắng, hồ"
314.txt,685,443,"nhà_thờ, đức_bà, tp, hcm, sài_gòn, công_trình, chuông, kiến_trúc, tòa, chiều"
316.txt,1023,494,"dinh, độc_lập, khu, ảnh, tham_quan, xây_dựng, phòng, kiến_trúc_sư, chữ, lịch_sử"
317.txt,1855,672,"dinh, độc_lập, vnd, tham_quan, lịch_sử, khách_sạn, sài_gòn, phút, du_khách, kiến_trúc"
318.txt,1467,603,"chợ, bến_thành, quán, chè, giá, thành_phố, món, đường, ảnh, nằm"
319.txt,2463,762,"chợ, vinwonders, sài_gòn, bến_thành, phú_quốc, grand, công_viên, park, khu, du_khách"
32.txt,1431,685,"hoa, du_khách, sen, đồng_tháp, làng, mùa, sa_đéc, đồng, chùa, du_lịch"
320.txt,1632,595,"tour, bến, nhà_rồng, đêm, sài_gòn, du_lịch, cần_thơ, cảng, đi, miền"
321.txt,617,314,"nhà_rồng, bến, du_lịch, thành_phố, hồ_chí_minh, bảo_tàng, lịch_sử, di_tích, tham_quan, mia"
322.txt,685,361,"du_lịch, tour, khởi_hành, đẹp, trải, núi, du_khách, nghiệm, cá, hồ"
323.txt,858,368,"thác_mơ, bình_phước, hồ, đi, tour, núi, trekking, trải, du_lịch, đường"
324.txt,838,431,"vườn, quốc_gia, u_minh_hạ, rừng, cà_mau, loài, du_lịch, mùa, khám_phá, đi"
325.txt,939,441,"u_minh_hạ, rừng, du_lịch, cà_mau, khám_phá, đi, vườn_quốc_gia, cá, lươn, món"
326.txt,820,423,"núi, bà_rá, du_lịch, đi, kinh_nghiệm, miếu, bình_phước, mia, rừng, leo"
327.txt,673,320,"du_lịch, núi, tour, miền, bà_rá, liên_tuyến, hồ, làng_nghề, truyền_thống, hà_nội"
328.txt,970,328,"du_lịch, tour, châu, thác, miền, nước_ngoài, vé, bắc, đá, âu"
329.txt,699,384,"thác, đứng, đẹp, du_lịch, mùa, bù_đăng, bình_phước, tour, nét, đi"
33.txt,1977,887,"đăk, nông, thác, du_lịch, huyện, rừng, tà_đùng, thành_phố, gia_nghĩa, núi_lửa"
330.txt,623,287,"du_lịch, suối, khu, vé, bestprice, tour, mơ, triệu, hoa, mã"
331.txt,1554,504,"du_lịch, suối, khu, tour, mơ, châu, đồng_nai, đi, miền, vé"
333.txt,1774,716,"du_lịch, tây_ninh, ẩm_thực, tòa_thánh, đạo, miền, kiến_trúc, hà_nội, du_khách, đà_nẵng"
334.txt,527,247,"rừng, tràm, trà_sư, du_lịch, khu, loài, thực_vật, đa_dạng, hệ, động"
335.txt,699,252,"trà_sư, rừng, tràm, loài, chim, tour, khám_phá, đẹp, du_khách, động_vật"
337.txt,974,482,"tình_yêu, thung_lũng, đà_lạt, hoa, đẹp, khu, trải, nghiệm, hồ, ảnh"
338.txt,1048,242,"du_lịch, tour, kinh_nghiệm, cẩm_nang, hà_giang, danh_nam, tô, nam, lịch, khởi_hành"
339.txt,1019,398,"du_lịch, khách_sạn, thành, cổ, quảng_trị, đà_lạt, ivivu, cẩm_nang, hà_nội, vũng_tàu"
34.txt,1575,745,"đồng_văn, hà_giang, đi, đá, đường, du_khách, đồng, bắc, nằm, đẹp"
340.txt,2697,695,"vinwonders, biển, phú_quốc, quy_nhơn, vé, bãi, vinpearl, grand, nha_trang, safari"
341.txt,1265,495,"biển, quy_nhơn, bãi, đẹp, bình_định, thành_phố, du_lịch, xanh, tour, trải"
342.txt,3802,808,"vinwonders, vé, phú_quốc, cà_ná, biển, vinpearl, cửa, grand, combo, safari"
343.txt,964,389,"biển, cà_ná, du_lịch, di_chuyển, đẹp, phan_rang, ninh_thuận, địa_điểm, đi, resort"
344.txt,1048,403,"du_lịch, khách_sạn, gốm, làng, bàu_trúc, đà_lạt, ivivu, hà_nội, vũng_tàu, cẩm_nang"
345.txt,727,351,"gốm, làng, bàu_trúc, sản_phẩm, du_khách, du_lịch, ninh_thuận, sưu_tầm, nét, nung"
346.txt,760,385,"thác, tình, tác, lai_châu, traveloka, dòng_chảy, đẹp, nàng, đi, dòng"
347.txt,2806,722,"du_lịch, khách_sạn, resort, villa, thác, miền, tác, homestay, đà_lạt, tình"
348.txt,979,477,"đền, cố_đô, hoa_lư, vua, thờ, chùa, công_trình, đô, thời, hang"
349.txt,1951,737,"du_lịch, vua, hoa_lư, cố_đô, thờ, ẩm_thực, đền, miền, hà_nội, đinh"
35.txt,671,326,"đại_lải, hồ, du_lịch, khu, vĩnh_phúc, đảo, du_khách, đồng, resort, đi"
350.txt,1486,571,"chùa, hương, hà_nội, du_khách, lễ_hội, tour, động, tham_quan, quần_thể, âm_lịch"
353.txt,1219,548,"lăng_cô, vnd, huế, du_lịch, vịnh, biển, vé, đi, đẹp, giá"
355.txt,588,267,"du_lịch, sông, hương, khách_hàng, báo_cáo, huế, nước_ngoài, chăm_sóc, vietravel, mùa"
356.txt,2593,813,"làng, cổ, đường, vinwonders, lâm, hà_nội, phú_quốc, vé, grand, vinpearl"
357.txt,929,444,"làng, cổ, đường, lâm, hà_nội, mùa, du_lịch, lễ_hội, mông_phụ, lúa"
358.txt,1164,508,"khách_sạn, du_lịch, khu, hà_nội, quốc_gia, vườn, hoa, 000đ, vé, giá"
359.txt,2641,821,"vinwonders, quốc_gia, vườn, vé, phú_quốc, hà_nội, park, trải, đẹp, vinpearl"
36.txt,1525,682,"hùng, đền, âm_lịch, giỗ, núi, phú_thọ, tổ, vương, thờ, vua"
360.txt,519,273,"tháp, quy_nhơn, đôi, tour, chăm, du_lịch, độc_đáo, bình_định, quy, nhơn"
362.txt,1534,493,"nhà_thờ, gà, đà_lạt, kiến_trúc, du_khách, tham_quan, độc_đáo, văn_hóa, xe_máy, lịch_sử"
363.txt,858,468,"nhà_thờ, đà_lạt, gà, chánh_tòa, du_lịch, kiến_trúc, đi, tour, hoa, gọi"
364.txt,3977,833,"vinwonders, dinh, vé, phú_quốc, bảo, vinpearl, đại_đà_lạt, cửa, grand, combo"
365.txt,1140,379,"du_lịch, dinh, đà_lạt, khách_sạn, bảo, đại, kiến_trúc, tp, ivivu, thông"
366.txt,1722,567,"vinwonders, núi, voi, phú_quốc, hải_phòng, grand, vinpearl, vũ_yên, safari, nha_trang"
367.txt,1518,668,"núi, voi, hải_phòng, du_lịch, đi, đẹp, hà_nội, khám_phá, lịch_sử, lễ_hội"
368.txt,1627,538,"du_lịch, phố, bùi_viện, đi, ẩm_thực, xe, quán, miền, du_khách, hồ_chí"
369.txt,894,442,"bùi_viện, phố, đi, đêm, quán, bar, món, 000đ, đường, xe"
37.txt,3060,1278,"đà_nẵng, đường, du_khách, thành_phố, ảnh, cầu, biển, đồng, du_lịch, món"
370.txt,3443,860,"du_lịch, khách_sạn, resort, cần_thơ, miền, villa, bến_ninh_kiều, homestay, đà_lạt, di_chuyển"
371.txt,564,318,"bến_ninh_kiều, cần_thơ, du_lịch, địa_điểm, ninh_kiều, đi, thành_phố, đêm, hoạt_động, du_thuyền"
372.txt,1662,573,"du_lịch, bãi, phú_quốc, biển, khem, ẩm_thực, miền, hà_nội, đà_nẵng, đà_lạt"
373.txt,3271,744,"du_lịch, khách_sạn, resort, phú_quốc, bãi, khem, villa, biển, miền, du_khách"
374.txt,641,296,"hồ, khách_sạn, tiếng, du_lịch, dầu, ảnh, tây_ninh, st, vntrip, khu"
376.txt,1509,574,"du_lịch, khu, bửu_long, bửu, long, đồng_nai, du_khách, hồ, núi, tour"
377.txt,1017,366,"du_lịch, khách_sạn, khu, vé, đà_lạt, ivivu, núi, hà_nội, vũng_tàu, cẩm_nang"
378.txt,1615,675,"sài_gòn, thành_phố, hồ_chí_minh, khu_du_lịch, 000đ, du_lịch, trải, nghiệm, bửu, địa_điểm"
379.txt,1026,454,"hà_giang, cột, cờ, lũng, cú, đồng_văn, đi, khách_sạn, núi, du_lịch"
38.txt,918,558,"đà_lạt, du_khách, đồng, cà_phê, mùa, đi, vườn, gà, du_lịch, tham_quan"
380.txt,470,268,"cờ, cột, lũng, cú, hà_giang, mia, larita, lũng_cú, đường, đỉnh"
381.txt,3152,719,"du_lịch, khách_sạn, resort, sapa, đá, villa, cổ, bãi, miền, homestay"
382.txt,629,318,"khách_sạn, đá, sapa, bãi, cổ, du_lịch, đẹp, thung_lũng, vntrip, bí_ẩn"
383.txt,1029,423,"thung_lũng, mường_hoa, sapa, suối, tour, du_khách, ruộng, bậc_thang, du_lịch, đẹp"
384.txt,3641,799,"vinwonders, vé, phú_quốc, vinpearl, cửa, combo, grand, thung_lũng, mường_hoa, safari"
386.txt,1112,516,"huế, cầu, vnd, đi, thành_phố, tiền, du_khách, trường, sông, hue"
387.txt,1047,394,"du_lịch, khách_sạn, chùa, keo, gác_chuông, đà_lạt, tam_quan, ivivu, thái_bình, ảnh"
388.txt,886,444,"chùa, keo, thái_bình, lễ_hội, mùa, kiến_trúc, du_lịch, văn_hóa, phật, thu"
389.txt,1508,524,"áo, đồng_phục, chùa, gia_đình, lớp, bút_tháp, mùa, bắc_ninh, đi, cổ"
39.txt,1773,760,"voi, lăk, đồng, rừng, du_lịch, đăk, thác, hồ, buôn_ma_thuột, đi"
390.txt,2181,840,"du_lịch, chùa, tượng, bút_tháp, đá, tháp, hai, vé, miền, bắc"
391.txt,3150,867,"du_lịch, khách_sạn, resort, hùng, phú_thọ, đền, villa, miền, homestay, đà_lạt"
392.txt,2080,698,"du_lịch, đền, hùng, núi, vua, phú_thọ, xây, vé, đá, miền"
393.txt,1014,383,"du_lịch, khách_sạn, gốm, phù_lãng, đà_lạt, ivivu, ảnh, việt_nam, hà_nội, vũng_tàu"
394.txt,2838,655,"du_lịch, khách_sạn, resort, villa, gốm, phù_lãng, miền, homestay, hà_nội, làng_gốm"
395.txt,617,327,"gốm, phù_lãng, làng, sản_phẩm, làng_gốm, bắc_ninh, traveloka, đi, khám_phá, du_lịch"
396.txt,603,304,"khách_sạn, du_lịch, khu, bình_dương, đại_nam, ảnh, st, vntrip, vui_chơi, biển"
397.txt,3093,743,"du_lịch, resort, khách_sạn, villa, miền, khu, sài_gòn, đại_nam, bình_dương, homestay"
398.txt,1386,554,"du_lịch, đại_nam, khu, khách_sạn, xe, trò_chơi, đua, vé, bình_dương, tàu"
399.txt,901,419,"hòn, đảo, tour, khoai, miền, tây, du_lịch, biển, cần_thơ, du_khách"
4.txt,1776,840,"quy_nhơn, bình_định, biển, đồng, thành_phố, du_lịch, km, du_khách, giá, khu"
40.txt,1766,646,"mặc_định, dinh, phòng, tham_quan, hai, tổng_thống, tp, độc_lập, tầng, hcm"
400.txt,1447,547,"du_lịch, đảo, hòn, tour, khoai, châu, cà_mau, biển, rừng, miền"
401.txt,532,305,"chùa, hương_tích, hà_tĩnh, du_khách, đi, hồng_lĩnh, du_lịch, lễ_hội, khám_phá, núi"
402.txt,1980,721,"áo, chùa, đồng_phục, gia_đình, hương_tích, lớp, hà_tĩnh, núi, đi, biển"
403.txt,3566,758,"vinwonders, vé, phú_quốc, chùa, vinpearl, cửa, hà_tĩnh, grand, hương_tích, combo"
404.txt,835,362,"thảo, cầm_viên, khách_sạn, sài_gòn, thú, vé, khu, vui_chơi, xe, vườn"
405.txt,1568,538,"du_lịch, thú, xe, ẩm_thực, thảo, cầm_viên, khu, miền, sài_gòn, cổng"
406.txt,706,324,"tour, miền, chợ_nổi, tây, du_lịch, long_xuyên, cần_thơ, an_giang, dân, sông"
407.txt,516,280,"chợ_nổi, long_xuyên, an_giang, khám_phá, vé, du_lịch, du_khách, traveloka, máy_bay, sài_gòn"
408.txt,921,312,"du_lịch, khách_sạn, miền, chợ_nổi, đà_lạt, ivivu, hà_nội, vũng_tàu, cẩm_nang, phú_quốc"
409.txt,833,407,"du_lịch, bến_tre, khu, làng, xanh, hoạt_động, thưởng_thức, trò_chơi, ẩm_thực, mia"
41.txt,1842,806,"gia_lai, pleiku, thác, du_khách, ảnh, nằm, hai, du_lịch, đường, đẹp"
410.txt,1003,329,"du_lịch, tour, châu, khu, bến_tre, miền, làng, nước_ngoài, vé, bắc"
411.txt,967,412,"du_lịch, cà_mau, khu, mũi, tham_quan, rừng, khai_long, đi, cực, nam"
412.txt,1193,439,"mặc_định, cà_mau, cực, mũi, du_khách, du_lịch, nam, đất_mũi, rừng, sống"
414.txt,1813,698,"đồ_sơn, biển, đi, hải_phòng, vnd, du_lịch, khu, đẹp, vui_chơi, xe"
415.txt,1203,583,"đồ_sơn, du_lịch, hải_phòng, biển, mùa, khu, món, ngon, thiên_đường, tham_quan"
417.txt,748,392,"nóng, tiên, lãng, suối, du_lịch, hải_phòng, suối_khoáng, tour, tiên_lãng, khu"
418.txt,3408,733,"vinwonders, vé, phú_quốc, vinpearl, cửa, thác, grand, combo, safari, voi"
42.txt,1258,649,"hà_tiên, du_khách, biển, món, nằm, đảo, tôm, du_lịch, đường, hòn"
420.txt,831,274,"du_lịch, khách_sạn, đầm, đà_lạt, ivivu, hà_nội, vũng_tàu, cẩm_nang, phú_quốc, tp"
421.txt,818,394,"đầm, phú_yên, đẹp, ô_loan, du_lịch, tỉnh, vnd, traveloka, loan, ô"
422.txt,1044,468,"thác, du_khách, nung, liêng, đẹp, đắk, du_lịch, đi, nông, thành_phố"
423.txt,877,327,"du_lịch, khách_sạn, thác, đà_lạt, ivivu, hà_nội, vũng_tàu, cẩm_nang, việt_nam, phú_quốc"
424.txt,3641,748,"vinwonders, vé, phú_quốc, vinpearl, tràm, grand, hồ, combo, cửa, safari"
425.txt,1228,472,"vũng_tàu, khách_sạn, tràm, hồ, du_lịch, biển, bãi, miền, bà_rịa, vietgoing"
426.txt,1292,562,"biển, hồ_cốc, vnd, vũng_tàu, du_lịch, bãi, resort, đi, hồ, đẹp"
427.txt,2032,628,"biển, vũng_tàu, hồ_cốc, đi, bãi, du_lịch, tour, đẹp, đường, du_khách"
428.txt,1032,434,"tour, miền, cá, tây, du_lịch, nổi, châu_đốc, làng, bè, sông"
429.txt,777,402,"nổi, làng, châu_đốc, sông, cá, miền, tây, du_lịch, an_giang, nuôi"
43.txt,1519,725,"hà_tĩnh, biển, huyện, du_khách, đồng, xanh, đường, sông, món, núi"
430.txt,895,449,"bạc_liêu, công_tử, hotel, lieu, du_lịch, địa_điểm, bac, thành_phố, máy_bay, đi"
431.txt,950,453,"miền, bạc_liêu, tây, tour, du_lịch, công_tử, cần_thơ, kiến_trúc, thự, pháp"
432.txt,1410,639,"núi, du_lịch, cấm, tour, miền, tây, đi, núi_cấm, cần_thơ, vnđ"
433.txt,1003,480,"núi, du_lịch, khu, cấm_an_giang, vnd, cấm, an_giang, lâm_viên, đi, vé"
434.txt,3745,763,"vinwonders, vé, phú_quốc, biển, vinpearl, cửa, hà_tĩnh, grand, combo, safari"
435.txt,886,412,"biển, du_lịch, thiên_cầm, bãi, vé, núi, kinh_nghiệm, đi, đẹp, giờgiá"
436.txt,691,371,"đèo, hải_vân, đà_nẵng, đi, biển, đường, du_khách, đẹp, quan, cung"
437.txt,2099,774,"đèo, hải_vân, huế, đi, đường, du_lịch, đẹp, cung, núi, tour"
438.txt,1752,516,"nha_trang, vinwonders, hòn, chồng, phú_quốc, vinpearl, grand, vé, hòn_vợ, đi"
439.txt,986,471,"hòn, chồng, đá, nha_trang, biển, tham_quan, vợ, đẹp, mia, du_lịch"
44.txt,1062,508,"hồ, bể, bắc_kạn, du_lịch, du_khách, đi, m, thuyền, đồng, hai"
440.txt,1162,501,"nha_trang, vnd, ponagar, tháp, tham_quan, tháp_bà, tour, du_khách, khách_sạn, du_lịch"
441.txt,2032,620,"vinwonders, nha_trang, tháp, phú_quốc, ponagar, vinpearl, vé, grand, kiến_trúc, công_viên"
442.txt,993,360,"du_lịch, khách_sạn, hiến, phố, đà_lạt, ivivu, ảnh, hà_nội, vũng_tàu, châu"
443.txt,2297,775,"vinwonders, hiến, phố, hưng_yên, phú_quốc, park, chùa, đền, grand, du_khách"
444.txt,1449,626,"chùa, tam_chúc, đi, xe_máy, hà_nội, điện, du_lịch, xe, thuê, motogo"
445.txt,2434,601,"du_lịch, chùa, tam_chúc, hà_nam, tour, điện, miền, thành, bắc, malaysia"
447.txt,1023,413,"né, mũi, khách_sạn, vnd, phan_thiết, đồi, cát_mũi, du_lịch, du_khách, địa_điểm"
448.txt,3441,662,"vinwonders, vé, phú_quốc, cát, đồi, vinpearl, cửa, combo, grand, safari"
449.txt,914,455,"miếu, bà_chúa_xứ, núi, tượng, châu_đốc, sam, an_giang, du_lịch, thành_phố, mia"
45.txt,1991,999,"hải_dương, ảnh, chùa, xã, núi, hoa, đi, làng, đậu_xanh, mùa"
450.txt,1207,600,"miền, miếu, tour, tây, du_lịch, bà_chúa_xứ, tượng, núi, cần_thơ, sam"
451.txt,3939,927,"vinwonders, vé, phú_quốc, miếu, bà_chúa_xứ, vinpearl, cửa, grand, safari, combo"
452.txt,739,360,"tour, miền, tây, du_lịch, chợ_nổi, cần_thơ, ngã_bảy, sông, chợ, ghe"
453.txt,1081,508,"chợ_nổi, miền, chợ, tây, du_lịch, ngã_bảy, ngã, bảy, đi, hậu_giang"
454.txt,645,304,"miền, tour, tây, chợ_nổi, du_lịch, cần_thơ, ngã, thông_tin, sóc_trăng, mua"
455.txt,937,347,"du_lịch, khách_sạn, chợ_nổi, ngã, đà_lạt, ivivu, hà_nội, vũng_tàu, ghe, cẩm_nang"
456.txt,802,392,"vườn, yokdon, quốc_gia, đi, vnđ, voi, trải, nghiệm, loài, khám_phá"
457.txt,1287,551,"quốc_gia, vườn, yok_đôn, yok, don, rừng, loài, xanh, ảnh, di_chuyển"
458.txt,871,456,"thác, dray, sáp, du_lịch, mùa, đi, tây_nguyên, dòng, tour, đắk"
459.txt,762,406,"thác, d, ray, sap, dòng, mùa, du_lịch, traveloka, đi, đường"
46.txt,1347,675,"du_khách, hòa_bình, mùa, đồng, đường, lá, thịt, khu, nằm, đi"
460.txt,1200,444,"du_lịch, đảo, khách_sạn, ngọc_vừng, vịnh, ivivu, cẩm_nang, đà_lạt, hà_nội, biển"
461.txt,825,396,"đảo, ngọc_vừng, du_lịch, quảng_ninh, ngọc, đi, vé, biển, tham_quan, traveloka"
462.txt,3530,732,"vinwonders, vé, cát, phú_quốc, vinpearl, cửa, combo, grand, safari, công_viên"
463.txt,1401,493,"du_lịch, khách_sạn, cát, sapa, hà_nội, ivivu, đà_lạt, đẹp, cẩm_nang, vé"
464.txt,2085,474,"du_lịch, phìn, tả, tour, thành, miền, malaysia, châu, văn_hóa, bắc"
465.txt,1163,493,"phìn, tả, sapa, đẹp, du_khách, xe_máy, đi, dao, thổ_cẩm, đỏ"
466.txt,822,461,"đền, trần_nam_định, trần, thờ, vị, ấn, lễ_hội, mia, larita, nam_định"
467.txt,1142,556,"đền, trần, trần_nam_định, đi, nam_định, ấn, thờ, lễ, khai, traveloka"
468.txt,1586,751,"tour, miền, dừa, du_lịch, tây, cồn, cồn_phụng, phụng, bến_tre, cần_thơ"
469.txt,848,383,"cồn, du_lịch, phụng, khu, bến_tre, dừa, shutterstock, ghé, đi, khám_phá"
47.txt,1320,653,"hà_nam, chùa, cá, kho, núi, du_lịch, hà_nội, đồng, tam_chúc, bánh_cuốn"
470.txt,868,404,"khách_sạn, gốm, bát_tràng, làng, du_lịch, hà_nội, bát, cổ, vntrip, địa_điểm"
471.txt,1201,515,"gốm, làng, bát_tràng, sản_phẩm, bát, xưởng, sứ, đồ, ảnh, di_chuyển"
472.txt,1446,523,"du_lịch, khách_sạn, pù_mát, vườn, quốc_gia, nghệ_an, rừng, hà_nội, sông, ivivu"
473.txt,1850,628,"vinwonders, phú_quốc, pù_mát, cửa_hội, rừng, du_khách, grand, nghệ_an, vinpearl, công_viên"
474.txt,1350,566,"biển, hòn, quy_nhơn, khô, đi, vnd, trải, du_lịch, đẹp, xanh"
476.txt,2243,715,"nha_trang, vinwonders, phú_quốc, hòn_tre, vinpearl, đảo, du_khách, grand, vé, world"
478.txt,957,461,"khách_sạn, du_lịch, ảnh, st, buôn_ma_thuột, đẹp, cà_phê, thác, địa_điểm, vntrip"
479.txt,1537,653,"du_lịch, khách_sạn, buôn_ma_thuột, cà_phê, hồ, đà_lạt, việt_nam, ivivu, ảnh, cẩm_nang"
48.txt,1676,832,"hải_phòng, đồng, du_khách, du_lịch, hoa, cát_bà, đi, đảo, thành_phố, khu"
480.txt,1514,570,"vnd, suối_tiên, vé, văn_hóa, du_lịch, trò_chơi, cá_sấu, công_viên, biển, vương_quốc"
481.txt,1083,391,"du_lịch, khách_sạn, sài_gòn, hồ_chí_minh, ivivu, khu, ảnh, đà_lạt, cẩm_nang, việt_nam"
482.txt,1088,477,"bảo_tàng, lịch_sử, hiện_vật, thành_phố, hồ_chí_minh, trưng_bày, văn_hóa, ảnh, không_gian, giá"
483.txt,2500,788,"bảo_tàng, lịch_sử, vinwonders, hồ_chí_minh, phú_quốc, grand, thành_phố, trưng_bày, công_viên, hiện_vật"
484.txt,1766,591,"vinwonders, bảo_tàng, đà_nẵng, điêu_khắc, phú_quốc, chăm, grand, safari, vinpearl, vé"
485.txt,1444,673,"đà_nẵng, bảo_tàng, chăm, điêu_khắc, đi, vé, tour, tham_quan, du_lịch, hội_an"
486.txt,1067,446,"cầu, rồng, đà_nẵng, phun, xe_máy, du_khách, lửa, thuê, thành_phố, độc_đáo"
487.txt,798,384,"cầu, rồng, đà_nẵng, màn, đường, phun, trình_diễn, đẹp, lửa, thành_phố"
488.txt,1460,643,"biển, quy_nhơn, vnd, cù_lao, đảo, xanh, du_khách, du_lịch, đi, khách_sạn"
489.txt,1340,472,"biển, xanh, cù_lao, đảo, di_chuyển, du_lịch, cù_lao_xanh, đẹp, xe_máy, vé"
49.txt,2323,1080,"hà_nội, bún, phố, du_khách, quán, món, ảnh, cầu, hàng, đi"
490.txt,1244,487,"tour, phú_yên, tháp_nhạn, miền, quảng_ninh, công_trình, bắc, tháp, chămpa, hà_nội"
491.txt,3454,781,"vinwonders, vé, phú_quốc, vinpearl, combo, cửa, grand, safari, tháp, công_viên"
492.txt,950,350,"du_lịch, khách_sạn, hà_nội, phòng, đà_lạt, ivivu, vũng_tàu, mai_châu, cẩm_nang, phú_quốc"
493.txt,813,416,"mai_châu, du_lịch, đẹp, mai_châu_hòa_bình, ấn_tượng, đèo, lác, dân_tộc, khám_phá, mia"
494.txt,800,445,"nhà_thờ, kon_tum, gỗ, du_lịch, kiến_trúc, đẹp, độc_đáo, món, ghé, mia"
495.txt,977,354,"du_lịch, khách_sạn, gỗ, nhà_thờ, tây_nguyên, đà_lạt, ivivu, việt_nam, hà_nội, vũng_tàu"
5.txt,1864,926,"bình_dương, món, du_khách, măng_cụt, tp, khu, dầu, hcm, tiếng, gà"
50.txt,1773,850,"hạ_long, vịnh, du_khách, đồng, du_lịch, bãi, biển, khu, đi, tàu"
51.txt,1629,734,"hội_an, đồng, cổ, phố, du_khách, hội, đi, giá, mùa, biển"
52.txt,1882,821,"hà_giang, đi, đường, đồng, đẹp, du_khách, đồng_văn, đèo, mèo, ảnh"
53.txt,721,342,"mặc_định, sống, hưng_yên, giáo_dục, kinh_doanh, doanh_nghiệp, tri_thức, awards, chính_sách, thị_trường"
54.txt,860,422,"mặc_định, hậu_giang, sống, giáo_dục, tp, kinh_doanh, doanh_nghiệp, tri_thức, awards, chính_sách"
55.txt,1645,756,"đảo, hòn, kiên_giang, rạch_giá, hà_tiên, phú_quốc, du_khách, đồng, biển, du_lịch"
56.txt,1475,707,"nha_trang, biển, du_khách, đảo, đồng, cam_ranh, hòn, khánh_hòa, đẹp, khu"
57.txt,1202,577,"kon_tum, măng_đen, mùa, du_khách, du_lịch, đồng, măng, hai, tây_nguyên, lá"
58.txt,748,395,"co, kỳ, đi, biển, quy_nhơn, du_lịch, đảo, bãi, du_khách, ngắm"
6.txt,1595,769,"bình_phước, rừng, món, du_lịch, huyện, thác, đồng_xoài, đi, núi, chùa"
60.txt,1398,658,"long_an, du_lịch, du_khách, đồng, tp, hcm, huyện, khu, cá, miền"
61.txt,1253,621,"lai_châu, du_lịch, núi, suối, đồng, hồ, du_khách, đèo, đỉnh, m"
62.txt,1601,724,"lào_cai, đỉnh, du_khách, chợ, đi, núi, sa_pa, đồng, mùa, fansipan"
63.txt,1711,824,"lạng_sơn, du_lịch, đi, núi, mùa, du_khách, huyện, đỉnh, mẫu_sơn, đồng"
64.txt,995,481,"lăng_cô, đèo, hải_vân, đẹp, du_khách, huế, vịnh, đầm, km, nằm"
65.txt,1210,539,"đảo, lý_sơn, biển, du_khách, đồng, bé, đi, vé, cảng, giá"
66.txt,895,436,"hà_giang, sông, nho, đường, du_khách, quế, mèo, vạc, đèo, lèng"
67.txt,1116,603,"măng_đen, măng, đi, du_lịch, đen, khu, gà, thị_trấn, kon_tum, ảnh"
68.txt,981,515,"mai_châu, đồng, đi, mùa, đẹp, mây, đèo, thác, du_lịch, km"
69.txt,1102,517,"mặc_định, đi, nghê, mũi, du_lịch, sống, biển, đá, đà_nẵng, đường"
7.txt,1212,627,"hồ, bể, bắc_kạn, du_lịch, du_khách, bắc, thành_phố, km, xã, khu"
70.txt,1292,601,"mù_cang_chải, mùa, du_khách, đi, đường, lúa, ảnh, ruộng, vàng, km"
71.txt,1419,617,"mộc_châu, đi, mùa, hoa, đường, mận, thác, đồng, ảnh, đồi"
72.txt,1309,616,"mũi, né, biển, du_khách, phan_thiết, cát, hòn, resort, đồi, du_lịch"
73.txt,1057,446,"nam_du, đảo, hòn, bãi, biển, du_khách, tàu, đi, đồng, đẹp"
74.txt,1146,539,"mặc_định, suối, vũng_tàu, núi, sống, trại, đi, bà_rịa, tp, đỉnh"
75.txt,1494,727,"nam_định, xíu, bánh, thịt, du_khách, ngon, biển, món, thành_phố, đường"
76.txt,1854,847,"vinh, nghệ_an, đền, biển, tp, du_khách, huyện, du_lịch, mùa, ảnh"
77.txt,1196,597,"ninh_thuận, biển, cá, du_khách, đá, nằm, phan_rang, ảnh, đi, vĩnh_hy"
78.txt,1261,635,"ninh_bình, du_khách, đồng, du_lịch, tham_quan, đi, dê, núi, động, vé"
79.txt,1473,716,"biển, du_khách, nha_trang, đồng, đảo, du_lịch, khu, thành_phố, núi, đẹp"
8.txt,1193,544,"bảo_lộc, du_khách, thành_phố, chè, trung_tâm, du_lịch, km, khu, thác, dambri"
80.txt,664,294,"mặc_định, sống, giáo_dục, kinh_doanh, doanh_nghiệp, tri_thức, awards, chính_sách, thị_trường, thi"
81.txt,1749,720,"mặc_định, hồ, phố, đi, hà_nội, hoàn_kiếm, quán, cà_phê, ảnh, tâm"
82.txt,1503,625,"mặc_định, đi, phố, du_khách, tp, xe, hcm, thành_phố, hoạt_động, du_lịch"
83.txt,946,523,"phan_thiết, biển, du_khách, du_lịch, mũi, đường, tp, né, bình_thuận, cá"
84.txt,2123,990,"phú_yên, biển, ảnh, du_khách, đồng, món, tuy_hòa, đá, đẹp, xanh"
85.txt,1061,524,"phú_thọ, du_khách, hùng, việt_trì, du_lịch, đền_hùng, đường, món, chè, mùa"
86.txt,1034,525,"luông, pù, du_khách, mùa, núi, ruộng, đồng, khu, lúa, du_lịch"
87.txt,2283,936,"phú_quốc, biển, đảo, du_khách, đi, đồng, resort, bãi, đẹp, đường"
88.txt,1248,640,"đảo, phú_quý, đi, biển, du_khách, tàu, du_lịch, sóng, hòn, cá"
89.txt,3307,1223,"quảng_trị, sông, hang, du_khách, km, nằm, biển, đồng_hới, thành, m"
9.txt,2262,995,"biển, vũng_tàu, du_khách, bà_rịa, món, núi, chùa, đường, rừng, đi"
90.txt,1626,812,"hội_an, đồng, quảng_nam, du_khách, resort, km, biển, du_lịch, thành_phố, tam_kỳ"
91.txt,1866,884,"quảng_ngãi, biển, đồng, sông, du_khách, thành_phố, du_lịch, đẹp, huyện, lý_sơn"
92.txt,2372,965,"sông, hang, quảng_bình, đồng_hới, du_khách, biển, du_lịch, tp, km, động"
93.txt,2771,1156,"quảng_ninh, hạ_long, du_khách, đảo, núi, du_lịch, biển, chùa, vịnh, bãi"
94.txt,910,418,"quan_lạn, bãi, đảo, biển, đẹp, đi, ảnh, đường, minh_châu, đồng"
95.txt,1639,751,"du_khách, quy_nhơn, đồng, du_lịch, biển, đi, làng, bãi, khu, chùa"
96.txt,1921,900,"mặc_định, sóc_trăng, bánh, chùa, bún, du_lịch, món, sống, văn_hóa, khmer"
97.txt,1381,698,"sơn_la, hoa, mộc_châu, du_khách, nở, du_lịch, tà_xùa, mùa, đồng, trâu"
98.txt,1208,626,"sầm_sơn, biển, du_lịch, đá, du_khách, bãi, đi, khách_sạn, hòn, đền"
99.txt,903,489,"hồ, trại, núi, sóc_sơn, đồng, cắm, hà_nội, đi, nghỉ, khu"
